--------------------------------------------------------
--  파일이 생성됨 - 월요일-6월-20-2022   
--------------------------------------------------------
--------------------------------------------------------
--  DDL for Sequence ANNOUNCE_CATEGORY_SEQ
--------------------------------------------------------

   CREATE SEQUENCE  "COMFIT"."ANNOUNCE_CATEGORY_SEQ"  MINVALUE 1 MAXVALUE 9999999999999999999999999999 INCREMENT BY 1 START WITH 1 NOCACHE  NOORDER  NOCYCLE ;
--------------------------------------------------------
--  DDL for Sequence ANNOUNCE_SEQ
--------------------------------------------------------

   CREATE SEQUENCE  "COMFIT"."ANNOUNCE_SEQ"  MINVALUE 1 MAXVALUE 9999999999999999999999999999 INCREMENT BY 1 START WITH 56 NOCACHE  NOORDER  NOCYCLE ;
--------------------------------------------------------
--  DDL for Sequence ASK_CATEGORY_SEQ
--------------------------------------------------------

   CREATE SEQUENCE  "COMFIT"."ASK_CATEGORY_SEQ"  MINVALUE 1 MAXVALUE 9999999999999999999999999999 INCREMENT BY 1 START WITH 1 NOCACHE  NOORDER  NOCYCLE ;
--------------------------------------------------------
--  DDL for Sequence ASK_INSERT_SEQ
--------------------------------------------------------

   CREATE SEQUENCE  "COMFIT"."ASK_INSERT_SEQ"  MINVALUE 1 MAXVALUE 9999999999999999999999999999 INCREMENT BY 1 START WITH 4 NOCACHE  NOORDER  NOCYCLE ;
--------------------------------------------------------
--  DDL for Sequence AUTH_CATEGORY_SEQ
--------------------------------------------------------

   CREATE SEQUENCE  "COMFIT"."AUTH_CATEGORY_SEQ"  MINVALUE 1 MAXVALUE 9999999999999999999999999999 INCREMENT BY 1 START WITH 1 NOCACHE  NOORDER  NOCYCLE ;
--------------------------------------------------------
--  DDL for Sequence BANK_SEQ
--------------------------------------------------------

   CREATE SEQUENCE  "COMFIT"."BANK_SEQ"  MINVALUE 1 MAXVALUE 9999999999999999999999999999 INCREMENT BY 1 START WITH 1 NOCACHE  NOORDER  NOCYCLE ;
--------------------------------------------------------
--  DDL for Sequence BAN_CATEGORY_SEQ
--------------------------------------------------------

   CREATE SEQUENCE  "COMFIT"."BAN_CATEGORY_SEQ"  MINVALUE 1 MAXVALUE 9999999999999999999999999999 INCREMENT BY 1 START WITH 1 NOCACHE  NOORDER  NOCYCLE ;
--------------------------------------------------------
--  DDL for Sequence BID_SEQ
--------------------------------------------------------

   CREATE SEQUENCE  "COMFIT"."BID_SEQ"  MINVALUE 1 MAXVALUE 9999999999999999999999999999 INCREMENT BY 1 START WITH 23 NOCACHE  NOORDER  NOCYCLE ;
--------------------------------------------------------
--  DDL for Sequence BS_SEQ
--------------------------------------------------------

   CREATE SEQUENCE  "COMFIT"."BS_SEQ"  MINVALUE 1 MAXVALUE 9999999999999999999999999999 INCREMENT BY 1 START WITH 11 NOCACHE  NOORDER  NOCYCLE ;
--------------------------------------------------------
--  DDL for Sequence COMFIT_USER_SEQ
--------------------------------------------------------

   CREATE SEQUENCE  "COMFIT"."COMFIT_USER_SEQ"  MINVALUE 1 MAXVALUE 9999999999999999999999999999 INCREMENT BY 1 START WITH 49 NOCACHE  NOORDER  NOCYCLE ;
--------------------------------------------------------
--  DDL for Sequence DELI_COMPLETE_SELL_SEQ
--------------------------------------------------------

   CREATE SEQUENCE  "COMFIT"."DELI_COMPLETE_SELL_SEQ"  MINVALUE 1 MAXVALUE 9999999999999999999999999999 INCREMENT BY 1 START WITH 9 NOCACHE  NOORDER  NOCYCLE ;
--------------------------------------------------------
--  DDL for Sequence DELI_COMPLETE_SEQ
--------------------------------------------------------

   CREATE SEQUENCE  "COMFIT"."DELI_COMPLETE_SEQ"  MINVALUE 1 MAXVALUE 9999999999999999999999999999 INCREMENT BY 1 START WITH 5 NOCACHE  NOORDER  NOCYCLE ;
--------------------------------------------------------
--  DDL for Sequence DELI_PD_SEQ
--------------------------------------------------------

   CREATE SEQUENCE  "COMFIT"."DELI_PD_SEQ"  MINVALUE 1 MAXVALUE 9999999999999999999999999999 INCREMENT BY 1 START WITH 26 NOCACHE  NOORDER  NOCYCLE ;
--------------------------------------------------------
--  DDL for Sequence DIRE_COMPLETE_BUY_SEQ
--------------------------------------------------------

   CREATE SEQUENCE  "COMFIT"."DIRE_COMPLETE_BUY_SEQ"  MINVALUE 1 MAXVALUE 9999999999999999999999999999 INCREMENT BY 1 START WITH 12 NOCACHE  NOORDER  NOCYCLE ;
--------------------------------------------------------
--  DDL for Sequence DIRE_COMPLETE_SELL_SEQ
--------------------------------------------------------

   CREATE SEQUENCE  "COMFIT"."DIRE_COMPLETE_SELL_SEQ"  MINVALUE 1 MAXVALUE 9999999999999999999999999999 INCREMENT BY 1 START WITH 9 NOCACHE  NOORDER  NOCYCLE ;
--------------------------------------------------------
--  DDL for Sequence DIRE_PD_SEQ
--------------------------------------------------------

   CREATE SEQUENCE  "COMFIT"."DIRE_PD_SEQ"  MINVALUE 1 MAXVALUE 9999999999999999999999999999 INCREMENT BY 1 START WITH 52 NOCACHE  NOORDER  NOCYCLE ;
--------------------------------------------------------
--  DDL for Sequence FAQ_SEQ
--------------------------------------------------------

   CREATE SEQUENCE  "COMFIT"."FAQ_SEQ"  MINVALUE 1 MAXVALUE 9999999999999999999999999999 INCREMENT BY 1 START WITH 12 NOCACHE  NOORDER  NOCYCLE ;
--------------------------------------------------------
--  DDL for Sequence HAN_CATE_SEQ
--------------------------------------------------------

   CREATE SEQUENCE  "COMFIT"."HAN_CATE_SEQ"  MINVALUE 1 MAXVALUE 9999999999999999999999999999 INCREMENT BY 1 START WITH 1 NOCACHE  NOORDER  NOCYCLE ;
--------------------------------------------------------
--  DDL for Sequence INPUT_MONEY_SEQ
--------------------------------------------------------

   CREATE SEQUENCE  "COMFIT"."INPUT_MONEY_SEQ"  MINVALUE 1 MAXVALUE 9999999999999999999999999999 INCREMENT BY 1 START WITH 33 NOCACHE  NOORDER  NOCYCLE ;
--------------------------------------------------------
--  DDL for Sequence OUTPUT_MONEY_SEQ
--------------------------------------------------------

   CREATE SEQUENCE  "COMFIT"."OUTPUT_MONEY_SEQ"  MINVALUE 1 MAXVALUE 9999999999999999999999999999 INCREMENT BY 1 START WITH 22 NOCACHE  NOORDER  NOCYCLE ;
--------------------------------------------------------
--  DDL for Sequence PRODUCT_AS_SEQ
--------------------------------------------------------

   CREATE SEQUENCE  "COMFIT"."PRODUCT_AS_SEQ"  MINVALUE 1 MAXVALUE 9999999999999999999999999999 INCREMENT BY 1 START WITH 1 NOCACHE  NOORDER  NOCYCLE ;
--------------------------------------------------------
--  DDL for Sequence PRODUCT_CATEGORY_SEQ
--------------------------------------------------------

   CREATE SEQUENCE  "COMFIT"."PRODUCT_CATEGORY_SEQ"  MINVALUE 1 MAXVALUE 9999999999999999999999999999 INCREMENT BY 1 START WITH 25 NOCACHE  NOORDER  NOCYCLE ;
--------------------------------------------------------
--  DDL for Sequence P_REP_CATE_SEQ
--------------------------------------------------------

   CREATE SEQUENCE  "COMFIT"."P_REP_CATE_SEQ"  MINVALUE 1 MAXVALUE 9999999999999999999999999999 INCREMENT BY 1 START WITH 1 NOCACHE  NOORDER  NOCYCLE ;
--------------------------------------------------------
--  DDL for Sequence REPORTER_CATE_SEQ
--------------------------------------------------------

   CREATE SEQUENCE  "COMFIT"."REPORTER_CATE_SEQ"  MINVALUE 1 MAXVALUE 9999999999999999999999999999 INCREMENT BY 1 START WITH 1 NOCACHE  NOORDER  NOCYCLE ;
--------------------------------------------------------
--  DDL for Sequence SELECTED_SEQ
--------------------------------------------------------

   CREATE SEQUENCE  "COMFIT"."SELECTED_SEQ"  MINVALUE 1 MAXVALUE 9999999999999999999999999999 INCREMENT BY 1 START WITH 15 NOCACHE  NOORDER  NOCYCLE ;
--------------------------------------------------------
--  DDL for Sequence SUGGEST_SEQ
--------------------------------------------------------

   CREATE SEQUENCE  "COMFIT"."SUGGEST_SEQ"  MINVALUE 1 MAXVALUE 9999999999999999999999999999 INCREMENT BY 1 START WITH 22 NOCACHE  NOORDER  NOCYCLE ;
--------------------------------------------------------
--  DDL for Sequence T_REP_CATE_SEQ
--------------------------------------------------------

   CREATE SEQUENCE  "COMFIT"."T_REP_CATE_SEQ"  MINVALUE 1 MAXVALUE 9999999999999999999999999999 INCREMENT BY 1 START WITH 1 NOCACHE  NOORDER  NOCYCLE ;
--------------------------------------------------------
--  DDL for Sequence USER_EMAIL_AUTH_SEQ
--------------------------------------------------------

   CREATE SEQUENCE  "COMFIT"."USER_EMAIL_AUTH_SEQ"  MINVALUE 1 MAXVALUE 9999999999999999999999999999 INCREMENT BY 1 START WITH 51 NOCACHE  NOORDER  NOCYCLE ;
--------------------------------------------------------
--  DDL for Table ADMIN
--------------------------------------------------------

  CREATE TABLE "COMFIT"."ADMIN" 
   (	"AD_ID" VARCHAR2(20 BYTE), 
	"AD_PW" VARCHAR2(20 BYTE)
   ) SEGMENT CREATION IMMEDIATE 
  PCTFREE 10 PCTUSED 40 INITRANS 1 MAXTRANS 255 NOCOMPRESS LOGGING
  STORAGE(INITIAL 65536 NEXT 1048576 MINEXTENTS 1 MAXEXTENTS 2147483645
  PCTINCREASE 0 FREELISTS 1 FREELIST GROUPS 1 BUFFER_POOL DEFAULT FLASH_CACHE DEFAULT CELL_FLASH_CACHE DEFAULT)
  TABLESPACE "SYSTEM" ;
--------------------------------------------------------
--  DDL for Table ALARM_OK
--------------------------------------------------------

  CREATE TABLE "COMFIT"."ALARM_OK" 
   (	"ALARM_CODE" NUMBER DEFAULT 1, 
	"ALARM_COMMIT" VARCHAR2(20 BYTE)
   ) SEGMENT CREATION IMMEDIATE 
  PCTFREE 10 PCTUSED 40 INITRANS 1 MAXTRANS 255 NOCOMPRESS LOGGING
  STORAGE(INITIAL 65536 NEXT 1048576 MINEXTENTS 1 MAXEXTENTS 2147483645
  PCTINCREASE 0 FREELISTS 1 FREELIST GROUPS 1 BUFFER_POOL DEFAULT FLASH_CACHE DEFAULT CELL_FLASH_CACHE DEFAULT)
  TABLESPACE "SYSTEM" ;
--------------------------------------------------------
--  DDL for Table ANNOUNCE
--------------------------------------------------------

  CREATE TABLE "COMFIT"."ANNOUNCE" 
   (	"ANNOUNCE_ID" VARCHAR2(20 BYTE), 
	"ANNOUNCE_TITLE" VARCHAR2(60 BYTE), 
	"ANNOUNCE_CONTENTS" VARCHAR2(2000 BYTE), 
	"ANNOUNCE_DATE" DATE DEFAULT SYSDATE, 
	"ANOUN_CATE_ID" NUMBER
   ) SEGMENT CREATION IMMEDIATE 
  PCTFREE 10 PCTUSED 40 INITRANS 1 MAXTRANS 255 NOCOMPRESS LOGGING
  STORAGE(INITIAL 65536 NEXT 1048576 MINEXTENTS 1 MAXEXTENTS 2147483645
  PCTINCREASE 0 FREELISTS 1 FREELIST GROUPS 1 BUFFER_POOL DEFAULT FLASH_CACHE DEFAULT CELL_FLASH_CACHE DEFAULT)
  TABLESPACE "SYSTEM" ;
--------------------------------------------------------
--  DDL for Table ANNOUNCE_CATEGORY
--------------------------------------------------------

  CREATE TABLE "COMFIT"."ANNOUNCE_CATEGORY" 
   (	"ANOUN_CATE_ID" NUMBER, 
	"ANOUN_CATE_NAME" VARCHAR2(20 BYTE)
   ) SEGMENT CREATION IMMEDIATE 
  PCTFREE 10 PCTUSED 40 INITRANS 1 MAXTRANS 255 NOCOMPRESS LOGGING
  STORAGE(INITIAL 65536 NEXT 1048576 MINEXTENTS 1 MAXEXTENTS 2147483645
  PCTINCREASE 0 FREELISTS 1 FREELIST GROUPS 1 BUFFER_POOL DEFAULT FLASH_CACHE DEFAULT CELL_FLASH_CACHE DEFAULT)
  TABLESPACE "SYSTEM" ;
--------------------------------------------------------
--  DDL for Table ASK
--------------------------------------------------------

  CREATE TABLE "COMFIT"."ASK" 
   (	"ASK_ID" VARCHAR2(20 BYTE), 
	"ASK_TITLE" VARCHAR2(60 BYTE), 
	"ASK_CONTENTS" VARCHAR2(2000 BYTE), 
	"ASK_DATE" DATE DEFAULT SYSDATE, 
	"U_ID" VARCHAR2(20 BYTE), 
	"ASK_CATE_ID" NUMBER, 
	"ALARM_CODE" NUMBER DEFAULT 1
   ) SEGMENT CREATION IMMEDIATE 
  PCTFREE 10 PCTUSED 40 INITRANS 1 MAXTRANS 255 NOCOMPRESS LOGGING
  STORAGE(INITIAL 65536 NEXT 1048576 MINEXTENTS 1 MAXEXTENTS 2147483645
  PCTINCREASE 0 FREELISTS 1 FREELIST GROUPS 1 BUFFER_POOL DEFAULT FLASH_CACHE DEFAULT CELL_FLASH_CACHE DEFAULT)
  TABLESPACE "SYSTEM" ;
--------------------------------------------------------
--  DDL for Table ASK_ANSWER
--------------------------------------------------------

  CREATE TABLE "COMFIT"."ASK_ANSWER" 
   (	"ASK_ID" VARCHAR2(20 BYTE), 
	"ANSWER_CONTENTS" VARCHAR2(2000 BYTE), 
	"ANSWER_DATE" DATE DEFAULT SYSDATE, 
	"AD_ID" VARCHAR2(20 BYTE)
   ) SEGMENT CREATION IMMEDIATE 
  PCTFREE 10 PCTUSED 40 INITRANS 1 MAXTRANS 255 NOCOMPRESS LOGGING
  STORAGE(INITIAL 65536 NEXT 1048576 MINEXTENTS 1 MAXEXTENTS 2147483645
  PCTINCREASE 0 FREELISTS 1 FREELIST GROUPS 1 BUFFER_POOL DEFAULT FLASH_CACHE DEFAULT CELL_FLASH_CACHE DEFAULT)
  TABLESPACE "SYSTEM" ;
--------------------------------------------------------
--  DDL for Table ASK_CATEGORY
--------------------------------------------------------

  CREATE TABLE "COMFIT"."ASK_CATEGORY" 
   (	"ASK_CATE_ID" NUMBER, 
	"ASK_CATE_NAME" VARCHAR2(20 BYTE)
   ) SEGMENT CREATION IMMEDIATE 
  PCTFREE 10 PCTUSED 40 INITRANS 1 MAXTRANS 255 NOCOMPRESS LOGGING
  STORAGE(INITIAL 65536 NEXT 1048576 MINEXTENTS 1 MAXEXTENTS 2147483645
  PCTINCREASE 0 FREELISTS 1 FREELIST GROUPS 1 BUFFER_POOL DEFAULT FLASH_CACHE DEFAULT CELL_FLASH_CACHE DEFAULT)
  TABLESPACE "SYSTEM" ;
--------------------------------------------------------
--  DDL for Table AUTH_CATEGORY
--------------------------------------------------------

  CREATE TABLE "COMFIT"."AUTH_CATEGORY" 
   (	"AU_CATE_ID" NUMBER, 
	"AU_NAME" VARCHAR2(20 BYTE)
   ) SEGMENT CREATION IMMEDIATE 
  PCTFREE 10 PCTUSED 40 INITRANS 1 MAXTRANS 255 NOCOMPRESS LOGGING
  STORAGE(INITIAL 65536 NEXT 1048576 MINEXTENTS 1 MAXEXTENTS 2147483645
  PCTINCREASE 0 FREELISTS 1 FREELIST GROUPS 1 BUFFER_POOL DEFAULT FLASH_CACHE DEFAULT CELL_FLASH_CACHE DEFAULT)
  TABLESPACE "SYSTEM" ;
--------------------------------------------------------
--  DDL for Table BANK
--------------------------------------------------------

  CREATE TABLE "COMFIT"."BANK" 
   (	"BANK_ID" NUMBER, 
	"BANK_NAME" VARCHAR2(20 BYTE)
   ) SEGMENT CREATION IMMEDIATE 
  PCTFREE 10 PCTUSED 40 INITRANS 1 MAXTRANS 255 NOCOMPRESS LOGGING
  STORAGE(INITIAL 65536 NEXT 1048576 MINEXTENTS 1 MAXEXTENTS 2147483645
  PCTINCREASE 0 FREELISTS 1 FREELIST GROUPS 1 BUFFER_POOL DEFAULT FLASH_CACHE DEFAULT CELL_FLASH_CACHE DEFAULT)
  TABLESPACE "SYSTEM" ;
--------------------------------------------------------
--  DDL for Table BAN_CATEGORY
--------------------------------------------------------

  CREATE TABLE "COMFIT"."BAN_CATEGORY" 
   (	"BAN_CATE_ID" NUMBER, 
	"BAN_CATE_NAME" VARCHAR2(30 BYTE)
   ) SEGMENT CREATION IMMEDIATE 
  PCTFREE 10 PCTUSED 40 INITRANS 1 MAXTRANS 255 NOCOMPRESS LOGGING
  STORAGE(INITIAL 65536 NEXT 1048576 MINEXTENTS 1 MAXEXTENTS 2147483645
  PCTINCREASE 0 FREELISTS 1 FREELIST GROUPS 1 BUFFER_POOL DEFAULT FLASH_CACHE DEFAULT CELL_FLASH_CACHE DEFAULT)
  TABLESPACE "SYSTEM" ;
--------------------------------------------------------
--  DDL for Table BID_LIST
--------------------------------------------------------

  CREATE TABLE "COMFIT"."BID_LIST" 
   (	"BID_CODE" VARCHAR2(20 BYTE), 
	"BID_DATE" DATE DEFAULT SYSDATE, 
	"BID_PRICE" NUMBER, 
	"ADDRESS" VARCHAR2(200 BYTE), 
	"ADDR_DETAIL" VARCHAR2(200 BYTE), 
	"U_ID" VARCHAR2(20 BYTE), 
	"DELI_PD_ID" VARCHAR2(20 BYTE), 
	"ALARM_CODE" NUMBER DEFAULT 1
   ) SEGMENT CREATION IMMEDIATE 
  PCTFREE 10 PCTUSED 40 INITRANS 1 MAXTRANS 255 NOCOMPRESS LOGGING
  STORAGE(INITIAL 65536 NEXT 1048576 MINEXTENTS 1 MAXEXTENTS 2147483645
  PCTINCREASE 0 FREELISTS 1 FREELIST GROUPS 1 BUFFER_POOL DEFAULT FLASH_CACHE DEFAULT CELL_FLASH_CACHE DEFAULT)
  TABLESPACE "SYSTEM" ;
--------------------------------------------------------
--  DDL for Table BID_SUCCESS
--------------------------------------------------------

  CREATE TABLE "COMFIT"."BID_SUCCESS" 
   (	"BS_ID" VARCHAR2(20 BYTE), 
	"BS_DATE" DATE DEFAULT SYSDATE, 
	"BID_CODE" VARCHAR2(20 BYTE), 
	"ALARM_CODE" NUMBER DEFAULT 1
   ) SEGMENT CREATION IMMEDIATE 
  PCTFREE 10 PCTUSED 40 INITRANS 1 MAXTRANS 255 NOCOMPRESS LOGGING
  STORAGE(INITIAL 65536 NEXT 1048576 MINEXTENTS 1 MAXEXTENTS 2147483645
  PCTINCREASE 0 FREELISTS 1 FREELIST GROUPS 1 BUFFER_POOL DEFAULT FLASH_CACHE DEFAULT CELL_FLASH_CACHE DEFAULT)
  TABLESPACE "SYSTEM" ;
--------------------------------------------------------
--  DDL for Table COMFIT_USER
--------------------------------------------------------

  CREATE TABLE "COMFIT"."COMFIT_USER" 
   (	"U_ID" VARCHAR2(20 BYTE), 
	"CDATE" DATE DEFAULT SYSDATE
   ) SEGMENT CREATION IMMEDIATE 
  PCTFREE 10 PCTUSED 40 INITRANS 1 MAXTRANS 255 NOCOMPRESS LOGGING
  STORAGE(INITIAL 65536 NEXT 1048576 MINEXTENTS 1 MAXEXTENTS 2147483645
  PCTINCREASE 0 FREELISTS 1 FREELIST GROUPS 1 BUFFER_POOL DEFAULT FLASH_CACHE DEFAULT CELL_FLASH_CACHE DEFAULT)
  TABLESPACE "SYSTEM" ;
--------------------------------------------------------
--  DDL for Table DELIVERY_PD_REPORT
--------------------------------------------------------

  CREATE TABLE "COMFIT"."DELIVERY_PD_REPORT" 
   (	"REP_ID" VARCHAR2(20 BYTE), 
	"REP_CONTENTS" VARCHAR2(2000 BYTE), 
	"REP_DATE" DATE DEFAULT SYSDATE, 
	"U_ID" VARCHAR2(20 BYTE), 
	"PD_REP_CID" NUMBER, 
	"DELI_PD_ID" VARCHAR2(20 BYTE)
   ) SEGMENT CREATION IMMEDIATE 
  PCTFREE 10 PCTUSED 40 INITRANS 1 MAXTRANS 255 NOCOMPRESS LOGGING
  STORAGE(INITIAL 65536 NEXT 1048576 MINEXTENTS 1 MAXEXTENTS 2147483645
  PCTINCREASE 0 FREELISTS 1 FREELIST GROUPS 1 BUFFER_POOL DEFAULT FLASH_CACHE DEFAULT CELL_FLASH_CACHE DEFAULT)
  TABLESPACE "SYSTEM" ;
--------------------------------------------------------
--  DDL for Table DELIVERY_PRODUCT
--------------------------------------------------------

  CREATE TABLE "COMFIT"."DELIVERY_PRODUCT" 
   (	"DELI_PD_ID" VARCHAR2(20 BYTE), 
	"PD_TITLE" VARCHAR2(200 BYTE), 
	"PD_NAME" VARCHAR2(200 BYTE), 
	"PD_PHOTO" VARCHAR2(1000 BYTE), 
	"PD_AS_REMAIN" VARCHAR2(20 BYTE), 
	"PD_START_PRICE" NUMBER, 
	"PD_HITCOUNT" NUMBER DEFAULT 0, 
	"PD_REGIT_DATE" DATE DEFAULT SYSDATE, 
	"PD_MAKER_ID" VARCHAR2(40 BYTE), 
	"PD_AS_ID" NUMBER, 
	"U_ID" VARCHAR2(20 BYTE), 
	"CF_PRICE" NUMBER DEFAULT 0, 
	"COMMENTS" VARCHAR2(300 BYTE), 
	"IMD_PRICE" NUMBER
   ) SEGMENT CREATION IMMEDIATE 
  PCTFREE 10 PCTUSED 40 INITRANS 1 MAXTRANS 255 NOCOMPRESS LOGGING
  STORAGE(INITIAL 65536 NEXT 1048576 MINEXTENTS 1 MAXEXTENTS 2147483645
  PCTINCREASE 0 FREELISTS 1 FREELIST GROUPS 1 BUFFER_POOL DEFAULT FLASH_CACHE DEFAULT CELL_FLASH_CACHE DEFAULT)
  TABLESPACE "SYSTEM" ;
--------------------------------------------------------
--  DDL for Table DELIVERY_TA_REPORT
--------------------------------------------------------

  CREATE TABLE "COMFIT"."DELIVERY_TA_REPORT" 
   (	"REP_ID" VARCHAR2(20 BYTE), 
	"REP_CONTENTS" VARCHAR2(2000 BYTE), 
	"REP_DATE" DATE DEFAULT SYSDATE, 
	"TRANS_REP_CID" NUMBER, 
	"BS_ID" VARCHAR2(20 BYTE), 
	"REPORTER_ID" NUMBER
   ) SEGMENT CREATION IMMEDIATE 
  PCTFREE 10 PCTUSED 40 INITRANS 1 MAXTRANS 255 NOCOMPRESS LOGGING
  STORAGE(INITIAL 65536 NEXT 1048576 MINEXTENTS 1 MAXEXTENTS 2147483645
  PCTINCREASE 0 FREELISTS 1 FREELIST GROUPS 1 BUFFER_POOL DEFAULT FLASH_CACHE DEFAULT CELL_FLASH_CACHE DEFAULT)
  TABLESPACE "SYSTEM" ;
--------------------------------------------------------
--  DDL for Table DELI_COMPLETE_BUY
--------------------------------------------------------

  CREATE TABLE "COMFIT"."DELI_COMPLETE_BUY" 
   (	"DELI_COMP_BUY_ID" VARCHAR2(20 BYTE), 
	"REVIEW" VARCHAR2(100 BYTE), 
	"BUY_COMP_DATE" DATE DEFAULT SYSDATE, 
	"BS_ID" VARCHAR2(20 BYTE)
   ) SEGMENT CREATION IMMEDIATE 
  PCTFREE 10 PCTUSED 40 INITRANS 1 MAXTRANS 255 NOCOMPRESS LOGGING
  STORAGE(INITIAL 65536 NEXT 1048576 MINEXTENTS 1 MAXEXTENTS 2147483645
  PCTINCREASE 0 FREELISTS 1 FREELIST GROUPS 1 BUFFER_POOL DEFAULT FLASH_CACHE DEFAULT CELL_FLASH_CACHE DEFAULT)
  TABLESPACE "SYSTEM" ;
--------------------------------------------------------
--  DDL for Table DELI_COMPLETE_SELL
--------------------------------------------------------

  CREATE TABLE "COMFIT"."DELI_COMPLETE_SELL" 
   (	"DELI_COMP_SELL_ID" VARCHAR2(20 BYTE), 
	"PD_DELI_NUM" VARCHAR2(20 BYTE), 
	"REVIEW" VARCHAR2(100 BYTE), 
	"SELL_COMP_DATE" DATE DEFAULT SYSDATE, 
	"BS_ID" VARCHAR2(20 BYTE)
   ) SEGMENT CREATION IMMEDIATE 
  PCTFREE 10 PCTUSED 40 INITRANS 1 MAXTRANS 255 NOCOMPRESS LOGGING
  STORAGE(INITIAL 65536 NEXT 1048576 MINEXTENTS 1 MAXEXTENTS 2147483645
  PCTINCREASE 0 FREELISTS 1 FREELIST GROUPS 1 BUFFER_POOL DEFAULT FLASH_CACHE DEFAULT CELL_FLASH_CACHE DEFAULT)
  TABLESPACE "SYSTEM" ;
--------------------------------------------------------
--  DDL for Table DELI_PD_BANNED
--------------------------------------------------------

  CREATE TABLE "COMFIT"."DELI_PD_BANNED" 
   (	"BAN_ID" VARCHAR2(20 BYTE), 
	"BAN_REA_DETAIL" VARCHAR2(2000 BYTE), 
	"BAN_DATE" DATE DEFAULT SYSDATE, 
	"REP_ID" VARCHAR2(20 BYTE), 
	"BAN_CATE_ID" NUMBER
   ) SEGMENT CREATION IMMEDIATE 
  PCTFREE 10 PCTUSED 40 INITRANS 1 MAXTRANS 255 NOCOMPRESS LOGGING
  STORAGE(INITIAL 65536 NEXT 1048576 MINEXTENTS 1 MAXEXTENTS 2147483645
  PCTINCREASE 0 FREELISTS 1 FREELIST GROUPS 1 BUFFER_POOL DEFAULT FLASH_CACHE DEFAULT CELL_FLASH_CACHE DEFAULT)
  TABLESPACE "SYSTEM" ;
--------------------------------------------------------
--  DDL for Table DELI_PD_REP_HANDLE
--------------------------------------------------------

  CREATE TABLE "COMFIT"."DELI_PD_REP_HANDLE" 
   (	"REP_ID" VARCHAR2(20 BYTE), 
	"REP_HAN_DATE" DATE DEFAULT SYSDATE, 
	"AD_ID" VARCHAR2(20 BYTE), 
	"HAN_CATE_ID" NUMBER
   ) SEGMENT CREATION IMMEDIATE 
  PCTFREE 10 PCTUSED 40 INITRANS 1 MAXTRANS 255 NOCOMPRESS LOGGING
  STORAGE(INITIAL 65536 NEXT 1048576 MINEXTENTS 1 MAXEXTENTS 2147483645
  PCTINCREASE 0 FREELISTS 1 FREELIST GROUPS 1 BUFFER_POOL DEFAULT FLASH_CACHE DEFAULT CELL_FLASH_CACHE DEFAULT)
  TABLESPACE "SYSTEM" ;
--------------------------------------------------------
--  DDL for Table DELI_TA_BANNED
--------------------------------------------------------

  CREATE TABLE "COMFIT"."DELI_TA_BANNED" 
   (	"BAN_ID" VARCHAR2(20 BYTE), 
	"BAN_REA_DETAIL" VARCHAR2(2000 BYTE), 
	"BAN_DATE" DATE DEFAULT SYSDATE, 
	"REP_ID" VARCHAR2(20 BYTE), 
	"BAN_CATE_ID" NUMBER
   ) SEGMENT CREATION IMMEDIATE 
  PCTFREE 10 PCTUSED 40 INITRANS 1 MAXTRANS 255 NOCOMPRESS LOGGING
  STORAGE(INITIAL 65536 NEXT 1048576 MINEXTENTS 1 MAXEXTENTS 2147483645
  PCTINCREASE 0 FREELISTS 1 FREELIST GROUPS 1 BUFFER_POOL DEFAULT FLASH_CACHE DEFAULT CELL_FLASH_CACHE DEFAULT)
  TABLESPACE "SYSTEM" ;
--------------------------------------------------------
--  DDL for Table DELI_TA_REP_HANDLE
--------------------------------------------------------

  CREATE TABLE "COMFIT"."DELI_TA_REP_HANDLE" 
   (	"REP_ID" VARCHAR2(20 BYTE), 
	"REP_HAN_DATE" DATE DEFAULT SYSDATE, 
	"AD_ID" VARCHAR2(20 BYTE), 
	"HAN_CATE_ID" NUMBER
   ) SEGMENT CREATION IMMEDIATE 
  PCTFREE 10 PCTUSED 40 INITRANS 1 MAXTRANS 255 NOCOMPRESS LOGGING
  STORAGE(INITIAL 65536 NEXT 1048576 MINEXTENTS 1 MAXEXTENTS 2147483645
  PCTINCREASE 0 FREELISTS 1 FREELIST GROUPS 1 BUFFER_POOL DEFAULT FLASH_CACHE DEFAULT CELL_FLASH_CACHE DEFAULT)
  TABLESPACE "SYSTEM" ;
--------------------------------------------------------
--  DDL for Table DIRECT_PD_REPORT
--------------------------------------------------------

  CREATE TABLE "COMFIT"."DIRECT_PD_REPORT" 
   (	"REP_ID" VARCHAR2(20 BYTE), 
	"REP_CONTENTS" VARCHAR2(2000 BYTE), 
	"REP_DATE" DATE DEFAULT SYSDATE, 
	"U_ID" VARCHAR2(20 BYTE), 
	"PD_REP_CID" NUMBER, 
	"DIRE_PD_ID" VARCHAR2(20 BYTE)
   ) SEGMENT CREATION IMMEDIATE 
  PCTFREE 10 PCTUSED 40 INITRANS 1 MAXTRANS 255 NOCOMPRESS LOGGING
  STORAGE(INITIAL 65536 NEXT 1048576 MINEXTENTS 1 MAXEXTENTS 2147483645
  PCTINCREASE 0 FREELISTS 1 FREELIST GROUPS 1 BUFFER_POOL DEFAULT FLASH_CACHE DEFAULT CELL_FLASH_CACHE DEFAULT)
  TABLESPACE "SYSTEM" ;
--------------------------------------------------------
--  DDL for Table DIRECT_PRODUCT
--------------------------------------------------------

  CREATE TABLE "COMFIT"."DIRECT_PRODUCT" 
   (	"DIRE_PD_ID" VARCHAR2(20 BYTE), 
	"PD_TITLE" VARCHAR2(200 BYTE), 
	"PD_NAME" VARCHAR2(200 BYTE), 
	"PD_PHOTO" VARCHAR2(1000 BYTE), 
	"PD_AS_REMAIN" VARCHAR2(20 BYTE), 
	"PD_HITCOUNT" NUMBER DEFAULT 0, 
	"PD_HOPEPRICE" NUMBER, 
	"PD_HOPE_SDATE" DATE, 
	"PD_HOPE_EDATE" DATE, 
	"PD_HOPE_STIME" VARCHAR2(20 BYTE), 
	"PD_HOPE_ETIME" VARCHAR2(20 BYTE), 
	"PD_HOPE_PLACE" VARCHAR2(200 BYTE), 
	"PD_HOPE_MGRS" VARCHAR2(50 BYTE), 
	"PD_REGIT_DATE" DATE DEFAULT SYSDATE, 
	"PD_MAKER_ID" VARCHAR2(20 BYTE), 
	"PD_AS_ID" NUMBER, 
	"U_ID" VARCHAR2(20 BYTE), 
	"CF_PRICE" NUMBER DEFAULT 0, 
	"COMMENTS" VARCHAR2(300 BYTE)
   ) SEGMENT CREATION IMMEDIATE 
  PCTFREE 10 PCTUSED 40 INITRANS 1 MAXTRANS 255 NOCOMPRESS LOGGING
  STORAGE(INITIAL 65536 NEXT 1048576 MINEXTENTS 1 MAXEXTENTS 2147483645
  PCTINCREASE 0 FREELISTS 1 FREELIST GROUPS 1 BUFFER_POOL DEFAULT FLASH_CACHE DEFAULT CELL_FLASH_CACHE DEFAULT)
  TABLESPACE "SYSTEM" ;
--------------------------------------------------------
--  DDL for Table DIRECT_TA_REPORT
--------------------------------------------------------

  CREATE TABLE "COMFIT"."DIRECT_TA_REPORT" 
   (	"REP_ID" VARCHAR2(20 BYTE), 
	"REP_CONTENTS" VARCHAR2(2000 BYTE), 
	"REP_DATE" DATE DEFAULT SYSDATE, 
	"TRANS_REP_CID" NUMBER, 
	"SELECTED_ID" VARCHAR2(20 BYTE), 
	"REPORTER_ID" NUMBER
   ) SEGMENT CREATION IMMEDIATE 
  PCTFREE 10 PCTUSED 40 INITRANS 1 MAXTRANS 255 NOCOMPRESS LOGGING
  STORAGE(INITIAL 65536 NEXT 1048576 MINEXTENTS 1 MAXEXTENTS 2147483645
  PCTINCREASE 0 FREELISTS 1 FREELIST GROUPS 1 BUFFER_POOL DEFAULT FLASH_CACHE DEFAULT CELL_FLASH_CACHE DEFAULT)
  TABLESPACE "SYSTEM" ;
--------------------------------------------------------
--  DDL for Table DIRE_COMPLETE_BUY
--------------------------------------------------------

  CREATE TABLE "COMFIT"."DIRE_COMPLETE_BUY" 
   (	"DIRE_COMP_BUY_ID" VARCHAR2(20 BYTE), 
	"REVIEW" VARCHAR2(100 BYTE), 
	"BUY_COMP_DATE" DATE DEFAULT SYSDATE, 
	"SELECTED_ID" VARCHAR2(20 BYTE)
   ) SEGMENT CREATION IMMEDIATE 
  PCTFREE 10 PCTUSED 40 INITRANS 1 MAXTRANS 255 NOCOMPRESS LOGGING
  STORAGE(INITIAL 65536 NEXT 1048576 MINEXTENTS 1 MAXEXTENTS 2147483645
  PCTINCREASE 0 FREELISTS 1 FREELIST GROUPS 1 BUFFER_POOL DEFAULT FLASH_CACHE DEFAULT CELL_FLASH_CACHE DEFAULT)
  TABLESPACE "SYSTEM" ;
--------------------------------------------------------
--  DDL for Table DIRE_COMPLETE_SELL
--------------------------------------------------------

  CREATE TABLE "COMFIT"."DIRE_COMPLETE_SELL" 
   (	"DIRE_COMP_SELL_ID" VARCHAR2(20 BYTE), 
	"REVIEW" VARCHAR2(100 BYTE), 
	"SELL_COMP_DATE" DATE DEFAULT SYSDATE, 
	"SELECTED_ID" VARCHAR2(20 BYTE)
   ) SEGMENT CREATION IMMEDIATE 
  PCTFREE 10 PCTUSED 40 INITRANS 1 MAXTRANS 255 NOCOMPRESS LOGGING
  STORAGE(INITIAL 65536 NEXT 1048576 MINEXTENTS 1 MAXEXTENTS 2147483645
  PCTINCREASE 0 FREELISTS 1 FREELIST GROUPS 1 BUFFER_POOL DEFAULT FLASH_CACHE DEFAULT CELL_FLASH_CACHE DEFAULT)
  TABLESPACE "SYSTEM" ;
--------------------------------------------------------
--  DDL for Table DIRE_PD_BANNED
--------------------------------------------------------

  CREATE TABLE "COMFIT"."DIRE_PD_BANNED" 
   (	"BAN_ID" VARCHAR2(20 BYTE), 
	"BAN_REA_DETAIL" VARCHAR2(2000 BYTE), 
	"BAN_DATE" DATE, 
	"REP_ID" VARCHAR2(20 BYTE), 
	"BAN_CATE_ID" NUMBER
   ) SEGMENT CREATION IMMEDIATE 
  PCTFREE 10 PCTUSED 40 INITRANS 1 MAXTRANS 255 NOCOMPRESS LOGGING
  STORAGE(INITIAL 65536 NEXT 1048576 MINEXTENTS 1 MAXEXTENTS 2147483645
  PCTINCREASE 0 FREELISTS 1 FREELIST GROUPS 1 BUFFER_POOL DEFAULT FLASH_CACHE DEFAULT CELL_FLASH_CACHE DEFAULT)
  TABLESPACE "SYSTEM" ;
--------------------------------------------------------
--  DDL for Table DIRE_PD_REP_HANDLE
--------------------------------------------------------

  CREATE TABLE "COMFIT"."DIRE_PD_REP_HANDLE" 
   (	"REP_ID" VARCHAR2(20 BYTE), 
	"REP_HAN_DATE" DATE, 
	"AD_ID" VARCHAR2(20 BYTE), 
	"HAN_CATE_ID" NUMBER
   ) SEGMENT CREATION IMMEDIATE 
  PCTFREE 10 PCTUSED 40 INITRANS 1 MAXTRANS 255 NOCOMPRESS LOGGING
  STORAGE(INITIAL 65536 NEXT 1048576 MINEXTENTS 1 MAXEXTENTS 2147483645
  PCTINCREASE 0 FREELISTS 1 FREELIST GROUPS 1 BUFFER_POOL DEFAULT FLASH_CACHE DEFAULT CELL_FLASH_CACHE DEFAULT)
  TABLESPACE "SYSTEM" ;
--------------------------------------------------------
--  DDL for Table DIRE_TA_BANNED
--------------------------------------------------------

  CREATE TABLE "COMFIT"."DIRE_TA_BANNED" 
   (	"BAN_ID" VARCHAR2(20 BYTE), 
	"BAN_REA_DETAIL" VARCHAR2(2000 BYTE), 
	"BAN_DATE" DATE DEFAULT SYSDATE, 
	"REP_ID" VARCHAR2(20 BYTE), 
	"BAN_CATE_ID" NUMBER
   ) SEGMENT CREATION IMMEDIATE 
  PCTFREE 10 PCTUSED 40 INITRANS 1 MAXTRANS 255 NOCOMPRESS LOGGING
  STORAGE(INITIAL 65536 NEXT 1048576 MINEXTENTS 1 MAXEXTENTS 2147483645
  PCTINCREASE 0 FREELISTS 1 FREELIST GROUPS 1 BUFFER_POOL DEFAULT FLASH_CACHE DEFAULT CELL_FLASH_CACHE DEFAULT)
  TABLESPACE "SYSTEM" ;
--------------------------------------------------------
--  DDL for Table DIRE_TA_REP_HANDLE
--------------------------------------------------------

  CREATE TABLE "COMFIT"."DIRE_TA_REP_HANDLE" 
   (	"REP_ID" VARCHAR2(20 BYTE), 
	"REP_HAN_DATE" DATE DEFAULT SYSDATE, 
	"AD_ID" VARCHAR2(20 BYTE), 
	"HAN_CATE_ID" NUMBER
   ) SEGMENT CREATION IMMEDIATE 
  PCTFREE 10 PCTUSED 40 INITRANS 1 MAXTRANS 255 NOCOMPRESS LOGGING
  STORAGE(INITIAL 65536 NEXT 1048576 MINEXTENTS 1 MAXEXTENTS 2147483645
  PCTINCREASE 0 FREELISTS 1 FREELIST GROUPS 1 BUFFER_POOL DEFAULT FLASH_CACHE DEFAULT CELL_FLASH_CACHE DEFAULT)
  TABLESPACE "SYSTEM" ;
--------------------------------------------------------
--  DDL for Table FAQ
--------------------------------------------------------

  CREATE TABLE "COMFIT"."FAQ" 
   (	"FAQ_ID" NUMBER, 
	"FAQ_TITLE" VARCHAR2(500 BYTE), 
	"FAQ_CONTENTS" VARCHAR2(3000 BYTE)
   ) SEGMENT CREATION IMMEDIATE 
  PCTFREE 10 PCTUSED 40 INITRANS 1 MAXTRANS 255 NOCOMPRESS LOGGING
  STORAGE(INITIAL 65536 NEXT 1048576 MINEXTENTS 1 MAXEXTENTS 2147483645
  PCTINCREASE 0 FREELISTS 1 FREELIST GROUPS 1 BUFFER_POOL DEFAULT FLASH_CACHE DEFAULT CELL_FLASH_CACHE DEFAULT)
  TABLESPACE "SYSTEM" ;
--------------------------------------------------------
--  DDL for Table INPUT_MONEY
--------------------------------------------------------

  CREATE TABLE "COMFIT"."INPUT_MONEY" 
   (	"IN_M_ID" VARCHAR2(20 BYTE), 
	"IN_MONEY" NUMBER, 
	"IN_DATE" DATE DEFAULT SYSDATE, 
	"IN_ACCOUNT" VARCHAR2(30 BYTE), 
	"U_ID" VARCHAR2(20 BYTE), 
	"BANK_ID" NUMBER
   ) SEGMENT CREATION IMMEDIATE 
  PCTFREE 10 PCTUSED 40 INITRANS 1 MAXTRANS 255 NOCOMPRESS LOGGING
  STORAGE(INITIAL 65536 NEXT 1048576 MINEXTENTS 1 MAXEXTENTS 2147483645
  PCTINCREASE 0 FREELISTS 1 FREELIST GROUPS 1 BUFFER_POOL DEFAULT FLASH_CACHE DEFAULT CELL_FLASH_CACHE DEFAULT)
  TABLESPACE "SYSTEM" ;
--------------------------------------------------------
--  DDL for Table OUTPUT_MONEY
--------------------------------------------------------

  CREATE TABLE "COMFIT"."OUTPUT_MONEY" 
   (	"OUT_M_ID" VARCHAR2(20 BYTE), 
	"OUT_MONEY" NUMBER, 
	"OUT_DATE" DATE DEFAULT SYSDATE, 
	"OUT_ACCOUNT" VARCHAR2(30 BYTE), 
	"U_ID" VARCHAR2(20 BYTE), 
	"BANK_ID" NUMBER
   ) SEGMENT CREATION IMMEDIATE 
  PCTFREE 10 PCTUSED 40 INITRANS 1 MAXTRANS 255 NOCOMPRESS LOGGING
  STORAGE(INITIAL 65536 NEXT 1048576 MINEXTENTS 1 MAXEXTENTS 2147483645
  PCTINCREASE 0 FREELISTS 1 FREELIST GROUPS 1 BUFFER_POOL DEFAULT FLASH_CACHE DEFAULT CELL_FLASH_CACHE DEFAULT)
  TABLESPACE "SYSTEM" ;
--------------------------------------------------------
--  DDL for Table PD_REP_CATEGORY
--------------------------------------------------------

  CREATE TABLE "COMFIT"."PD_REP_CATEGORY" 
   (	"PD_REP_CID" NUMBER, 
	"REP_CATE_NAME" VARCHAR2(20 BYTE)
   ) SEGMENT CREATION IMMEDIATE 
  PCTFREE 10 PCTUSED 40 INITRANS 1 MAXTRANS 255 NOCOMPRESS LOGGING
  STORAGE(INITIAL 65536 NEXT 1048576 MINEXTENTS 1 MAXEXTENTS 2147483645
  PCTINCREASE 0 FREELISTS 1 FREELIST GROUPS 1 BUFFER_POOL DEFAULT FLASH_CACHE DEFAULT CELL_FLASH_CACHE DEFAULT)
  TABLESPACE "SYSTEM" ;
--------------------------------------------------------
--  DDL for Table PRODUCT_AS
--------------------------------------------------------

  CREATE TABLE "COMFIT"."PRODUCT_AS" 
   (	"PD_AS_ID" NUMBER, 
	"PD_AS_NAME" VARCHAR2(20 BYTE)
   ) SEGMENT CREATION IMMEDIATE 
  PCTFREE 10 PCTUSED 40 INITRANS 1 MAXTRANS 255 NOCOMPRESS LOGGING
  STORAGE(INITIAL 65536 NEXT 1048576 MINEXTENTS 1 MAXEXTENTS 2147483645
  PCTINCREASE 0 FREELISTS 1 FREELIST GROUPS 1 BUFFER_POOL DEFAULT FLASH_CACHE DEFAULT CELL_FLASH_CACHE DEFAULT)
  TABLESPACE "SYSTEM" ;
--------------------------------------------------------
--  DDL for Table PRODUCT_CATEGORY
--------------------------------------------------------

  CREATE TABLE "COMFIT"."PRODUCT_CATEGORY" 
   (	"PD_CATEGORY_ID" NUMBER, 
	"CATEGORY_NAME" VARCHAR2(20 BYTE)
   ) SEGMENT CREATION IMMEDIATE 
  PCTFREE 10 PCTUSED 40 INITRANS 1 MAXTRANS 255 NOCOMPRESS LOGGING
  STORAGE(INITIAL 65536 NEXT 1048576 MINEXTENTS 1 MAXEXTENTS 2147483645
  PCTINCREASE 0 FREELISTS 1 FREELIST GROUPS 1 BUFFER_POOL DEFAULT FLASH_CACHE DEFAULT CELL_FLASH_CACHE DEFAULT)
  TABLESPACE "SYSTEM" ;
--------------------------------------------------------
--  DDL for Table PRODUCT_MAKER
--------------------------------------------------------

  CREATE TABLE "COMFIT"."PRODUCT_MAKER" 
   (	"PD_MAKER_ID" VARCHAR2(20 BYTE), 
	"MAKER_NAME" VARCHAR2(30 BYTE), 
	"MAKER_NAME2" VARCHAR2(30 BYTE), 
	"PD_CATEGORY_ID" NUMBER
   ) SEGMENT CREATION IMMEDIATE 
  PCTFREE 10 PCTUSED 40 INITRANS 1 MAXTRANS 255 NOCOMPRESS LOGGING
  STORAGE(INITIAL 65536 NEXT 1048576 MINEXTENTS 1 MAXEXTENTS 2147483645
  PCTINCREASE 0 FREELISTS 1 FREELIST GROUPS 1 BUFFER_POOL DEFAULT FLASH_CACHE DEFAULT CELL_FLASH_CACHE DEFAULT)
  TABLESPACE "SYSTEM" ;
--------------------------------------------------------
--  DDL for Table REPORTER_CATEGORY
--------------------------------------------------------

  CREATE TABLE "COMFIT"."REPORTER_CATEGORY" 
   (	"REPORTER_ID" NUMBER, 
	"REPORTER_PROP" VARCHAR2(20 BYTE)
   ) SEGMENT CREATION IMMEDIATE 
  PCTFREE 10 PCTUSED 40 INITRANS 1 MAXTRANS 255 NOCOMPRESS LOGGING
  STORAGE(INITIAL 65536 NEXT 1048576 MINEXTENTS 1 MAXEXTENTS 2147483645
  PCTINCREASE 0 FREELISTS 1 FREELIST GROUPS 1 BUFFER_POOL DEFAULT FLASH_CACHE DEFAULT CELL_FLASH_CACHE DEFAULT)
  TABLESPACE "SYSTEM" ;
--------------------------------------------------------
--  DDL for Table REP_HANDLE_CATEGORY
--------------------------------------------------------

  CREATE TABLE "COMFIT"."REP_HANDLE_CATEGORY" 
   (	"HAN_CATE_ID" NUMBER, 
	"HAN_CATE_NAME" VARCHAR2(30 BYTE)
   ) SEGMENT CREATION IMMEDIATE 
  PCTFREE 10 PCTUSED 40 INITRANS 1 MAXTRANS 255 NOCOMPRESS LOGGING
  STORAGE(INITIAL 65536 NEXT 1048576 MINEXTENTS 1 MAXEXTENTS 2147483645
  PCTINCREASE 0 FREELISTS 1 FREELIST GROUPS 1 BUFFER_POOL DEFAULT FLASH_CACHE DEFAULT CELL_FLASH_CACHE DEFAULT)
  TABLESPACE "SYSTEM" ;
--------------------------------------------------------
--  DDL for Table SELECTED
--------------------------------------------------------

  CREATE TABLE "COMFIT"."SELECTED" 
   (	"SELECTED_ID" VARCHAR2(20 BYTE), 
	"SELECTED_DATE" DATE DEFAULT SYSDATE, 
	"BUYER_CODE" VARCHAR2(20 BYTE), 
	"SELLER_CODE" VARCHAR2(20 BYTE), 
	"SUGGEST_CODE" VARCHAR2(20 BYTE), 
	"ALARM_CODE" NUMBER DEFAULT 1
   ) SEGMENT CREATION IMMEDIATE 
  PCTFREE 10 PCTUSED 40 INITRANS 1 MAXTRANS 255 NOCOMPRESS LOGGING
  STORAGE(INITIAL 65536 NEXT 1048576 MINEXTENTS 1 MAXEXTENTS 2147483645
  PCTINCREASE 0 FREELISTS 1 FREELIST GROUPS 1 BUFFER_POOL DEFAULT FLASH_CACHE DEFAULT CELL_FLASH_CACHE DEFAULT)
  TABLESPACE "SYSTEM" ;
--------------------------------------------------------
--  DDL for Table SUGGEST_LIST
--------------------------------------------------------

  CREATE TABLE "COMFIT"."SUGGEST_LIST" 
   (	"SUGGEST_CODE" VARCHAR2(20 BYTE), 
	"SUGGEST_PRICE" NUMBER, 
	"SUGGEST_TIME" DATE, 
	"SUGGEST_DATE" DATE DEFAULT SYSDATE, 
	"SUGGEST_PLACE" VARCHAR2(200 BYTE), 
	"PLACE_DETAIL" VARCHAR2(200 BYTE), 
	"U_ID" VARCHAR2(20 BYTE), 
	"DIRE_PD_ID" VARCHAR2(20 BYTE), 
	"ALARM_CODE" NUMBER DEFAULT 1
   ) SEGMENT CREATION IMMEDIATE 
  PCTFREE 10 PCTUSED 40 INITRANS 1 MAXTRANS 255 NOCOMPRESS LOGGING
  STORAGE(INITIAL 65536 NEXT 1048576 MINEXTENTS 1 MAXEXTENTS 2147483645
  PCTINCREASE 0 FREELISTS 1 FREELIST GROUPS 1 BUFFER_POOL DEFAULT FLASH_CACHE DEFAULT CELL_FLASH_CACHE DEFAULT)
  TABLESPACE "SYSTEM" ;
--------------------------------------------------------
--  DDL for Table TBL_EXAM
--------------------------------------------------------

  CREATE TABLE "COMFIT"."TBL_EXAM" 
   (	"ID" NUMBER, 
	"PW" VARCHAR2(20 BYTE)
   ) SEGMENT CREATION IMMEDIATE 
  PCTFREE 10 PCTUSED 40 INITRANS 1 MAXTRANS 255 NOCOMPRESS LOGGING
  STORAGE(INITIAL 65536 NEXT 1048576 MINEXTENTS 1 MAXEXTENTS 2147483645
  PCTINCREASE 0 FREELISTS 1 FREELIST GROUPS 1 BUFFER_POOL DEFAULT FLASH_CACHE DEFAULT CELL_FLASH_CACHE DEFAULT)
  TABLESPACE "SYSTEM" ;
--------------------------------------------------------
--  DDL for Table TRANS_REP_CATEGORY
--------------------------------------------------------

  CREATE TABLE "COMFIT"."TRANS_REP_CATEGORY" 
   (	"TRANS_REP_CID" NUMBER, 
	"REP_CATE_NAME" VARCHAR2(20 BYTE)
   ) SEGMENT CREATION IMMEDIATE 
  PCTFREE 10 PCTUSED 40 INITRANS 1 MAXTRANS 255 NOCOMPRESS LOGGING
  STORAGE(INITIAL 65536 NEXT 1048576 MINEXTENTS 1 MAXEXTENTS 2147483645
  PCTINCREASE 0 FREELISTS 1 FREELIST GROUPS 1 BUFFER_POOL DEFAULT FLASH_CACHE DEFAULT CELL_FLASH_CACHE DEFAULT)
  TABLESPACE "SYSTEM" ;
--------------------------------------------------------
--  DDL for Table USER_EMAIL_AUTH
--------------------------------------------------------

  CREATE TABLE "COMFIT"."USER_EMAIL_AUTH" 
   (	"E_AUTH_ID" VARCHAR2(20 BYTE), 
	"AUTH_CODE" VARCHAR2(30 BYTE), 
	"AUTH_DATE" DATE DEFAULT SYSDATE, 
	"AUTH_USE_DATE" DATE, 
	"U_ID" VARCHAR2(20 BYTE), 
	"AU_CATE_ID" NUMBER
   ) SEGMENT CREATION IMMEDIATE 
  PCTFREE 10 PCTUSED 40 INITRANS 1 MAXTRANS 255 NOCOMPRESS LOGGING
  STORAGE(INITIAL 65536 NEXT 1048576 MINEXTENTS 1 MAXEXTENTS 2147483645
  PCTINCREASE 0 FREELISTS 1 FREELIST GROUPS 1 BUFFER_POOL DEFAULT FLASH_CACHE DEFAULT CELL_FLASH_CACHE DEFAULT)
  TABLESPACE "SYSTEM" ;
--------------------------------------------------------
--  DDL for Table USER_INFORMATION
--------------------------------------------------------

  CREATE TABLE "COMFIT"."USER_INFORMATION" 
   (	"U_EMAIL" VARCHAR2(50 BYTE), 
	"U_NAME" VARCHAR2(20 BYTE), 
	"U_ADDRESS" VARCHAR2(200 BYTE), 
	"U_PASSWORD" VARCHAR2(50 BYTE), 
	"U_TEL" CHAR(13 BYTE), 
	"U_PROFILE" VARCHAR2(200 BYTE) DEFAULT 'defaultprofil.jpg', 
	"U_NICKNAME" VARCHAR2(20 BYTE), 
	"U_JOINDATE" DATE DEFAULT SYSDATE, 
	"U_ID" VARCHAR2(20 BYTE)
   ) SEGMENT CREATION IMMEDIATE 
  PCTFREE 10 PCTUSED 40 INITRANS 1 MAXTRANS 255 NOCOMPRESS LOGGING
  STORAGE(INITIAL 65536 NEXT 1048576 MINEXTENTS 1 MAXEXTENTS 2147483645
  PCTINCREASE 0 FREELISTS 1 FREELIST GROUPS 1 BUFFER_POOL DEFAULT FLASH_CACHE DEFAULT CELL_FLASH_CACHE DEFAULT)
  TABLESPACE "SYSTEM" ;
--------------------------------------------------------
--  DDL for Table USER_INFORMATION_BACKUP
--------------------------------------------------------

  CREATE TABLE "COMFIT"."USER_INFORMATION_BACKUP" 
   (	"U_EMAIL" VARCHAR2(50 BYTE), 
	"U_NAME" VARCHAR2(20 BYTE), 
	"U_ADDRESS" VARCHAR2(200 BYTE), 
	"U_PASSWORD" VARCHAR2(50 BYTE), 
	"U_TEL" CHAR(13 BYTE), 
	"U_PROFILE" VARCHAR2(200 BYTE), 
	"U_NICKNAME" VARCHAR2(20 BYTE), 
	"U_JOINDATE" DATE, 
	"U_EXITDATE" DATE DEFAULT SYSDATE, 
	"U_ID" VARCHAR2(20 BYTE)
   ) SEGMENT CREATION IMMEDIATE 
  PCTFREE 10 PCTUSED 40 INITRANS 1 MAXTRANS 255 NOCOMPRESS LOGGING
  STORAGE(INITIAL 65536 NEXT 1048576 MINEXTENTS 1 MAXEXTENTS 2147483645
  PCTINCREASE 0 FREELISTS 1 FREELIST GROUPS 1 BUFFER_POOL DEFAULT FLASH_CACHE DEFAULT CELL_FLASH_CACHE DEFAULT)
  TABLESPACE "SYSTEM" ;
--------------------------------------------------------
--  DDL for Table USER_PICK_DELIVERY
--------------------------------------------------------

  CREATE TABLE "COMFIT"."USER_PICK_DELIVERY" 
   (	"DELI_PICK_ID" VARCHAR2(20 BYTE), 
	"PICK_DATE" DATE DEFAULT SYSDATE, 
	"U_ID" VARCHAR2(20 BYTE), 
	"DELI_PD_ID" VARCHAR2(20 BYTE)
   ) SEGMENT CREATION IMMEDIATE 
  PCTFREE 10 PCTUSED 40 INITRANS 1 MAXTRANS 255 NOCOMPRESS LOGGING
  STORAGE(INITIAL 65536 NEXT 1048576 MINEXTENTS 1 MAXEXTENTS 2147483645
  PCTINCREASE 0 FREELISTS 1 FREELIST GROUPS 1 BUFFER_POOL DEFAULT FLASH_CACHE DEFAULT CELL_FLASH_CACHE DEFAULT)
  TABLESPACE "SYSTEM" ;
--------------------------------------------------------
--  DDL for Table USER_PICK_DIRECT
--------------------------------------------------------

  CREATE TABLE "COMFIT"."USER_PICK_DIRECT" 
   (	"DIRE_PICK_ID" VARCHAR2(20 BYTE), 
	"PICK_DATE" DATE DEFAULT SYSDATE, 
	"U_ID" VARCHAR2(20 BYTE), 
	"DIRE_PD_ID" VARCHAR2(20 BYTE)
   ) SEGMENT CREATION IMMEDIATE 
  PCTFREE 10 PCTUSED 40 INITRANS 1 MAXTRANS 255 NOCOMPRESS LOGGING
  STORAGE(INITIAL 65536 NEXT 1048576 MINEXTENTS 1 MAXEXTENTS 2147483645
  PCTINCREASE 0 FREELISTS 1 FREELIST GROUPS 1 BUFFER_POOL DEFAULT FLASH_CACHE DEFAULT CELL_FLASH_CACHE DEFAULT)
  TABLESPACE "SYSTEM" ;
--------------------------------------------------------
--  DDL for View AD_IO_MONEY_LIST_REALVIEW
--------------------------------------------------------

  CREATE OR REPLACE FORCE VIEW "COMFIT"."AD_IO_MONEY_LIST_REALVIEW" ("IO_TYPE", "U_EMAIL", "U_NAME", "IO_DATE", "BANK_NAME", "ACCOUNT", "MONEY") AS 
  SELECT CASE
       WHEN SUBSTR(M.IO_TYPE, 1, 1) = 'i'
       THEN '입금'
       ELSE '출금'
       END AS IO_TYPE, M.U_EMAIL AS U_EMAIL, M.U_NAME AS U_NAME, M.IO_DATE AS IO_DATE
       , M.BANK_NAME AS BANK_NAME, M.ACCOUNT AS ACCOUNT, M.MONEY AS MONEY
FROM
(
SELECT IM.IN_M_ID AS IO_TYPE, UI.U_EMAIL AS U_EMAIL, UI.U_NAME AS U_NAME
     , IM.IN_DATE AS IO_DATE, B.BANK_NAME AS BANK_NAME, IM.IN_ACCOUNT AS ACCOUNT
     , IM.IN_MONEY AS MONEY
FROM INPUT_MONEY IM JOIN BANK B
     ON IM.BANK_ID = B.BANK_ID
        JOIN COMFIT_USER CU
          ON IM.U_ID = CU.U_ID
             JOIN USER_INFORMATION UI
               ON CU.U_ID = UI.U_ID
UNION ALL
SELECT OM.OUT_M_ID AS IO_TYPE, UI.U_EMAIL AS U_EMAIL, UI.U_NAME AS U_NAME
     , OM.OUT_DATE AS IO_DATE, B.BANK_NAME AS BANK_NAME, OM.OUT_ACCOUNT AS ACCOUNT
     , OM.OUT_MONEY AS MONEY
FROM OUTPUT_MONEY OM JOIN BANK B
     ON OM.BANK_ID = B.BANK_ID
        JOIN COMFIT_USER CU
          ON OM.U_ID = CU.U_ID
             JOIN USER_INFORMATION UI
               ON CU.U_ID = UI.U_ID
) M
;
--------------------------------------------------------
--  DDL for View AD_PD_LIST2_VIEW
--------------------------------------------------------

  CREATE OR REPLACE FORCE VIEW "COMFIT"."AD_PD_LIST2_VIEW" ("TA_CATE", "PD_NAME", "CATE_NAME", "REGIT_DATE", "U_EMAIL", "PD_TITLE", "PRICE", "TA_STATUS") AS 
  SELECT CASE 
       WHEN SUBSTR(PD_ID, 1, 3) = 'del'
       THEN '택배거래'
       ELSE '직거래'
       END  AS TA_CATE
       , PD_NAME, CATE_NAME, REGIT_DATE, U_EMAIL, PD_TITLE, PRICE, 
       CASE
       WHEN SCD IS NOT NULL AND BCD IS NOT NULL
       THEN '거래완료'
       ELSE '거래중'
       END AS TA_STATUS
FROM DIRE_PRODUCT_VIEW
;
--------------------------------------------------------
--  DDL for View AD_PD_LIST_REALVIEW
--------------------------------------------------------

  CREATE OR REPLACE FORCE VIEW "COMFIT"."AD_PD_LIST_REALVIEW" ("TA_CATE", "PD_NAME", "CATE_NAME", "REGIT_DATE", "U_EMAIL", "PD_TITLE", "PRICE", "TA_STATUS") AS 
  SELECT "TA_CATE","PD_NAME","CATE_NAME","REGIT_DATE","U_EMAIL","PD_TITLE","PRICE","TA_STATUS"
FROM AD_PD_LIST_VIEW
UNION ALL
SELECT "TA_CATE","PD_NAME","CATE_NAME","REGIT_DATE","U_EMAIL","PD_TITLE","PRICE","TA_STATUS"
FROM AD_PD_LIST2_VIEW
;
--------------------------------------------------------
--  DDL for View AD_PD_LIST_VIEW
--------------------------------------------------------

  CREATE OR REPLACE FORCE VIEW "COMFIT"."AD_PD_LIST_VIEW" ("TA_CATE", "PD_NAME", "CATE_NAME", "REGIT_DATE", "U_EMAIL", "PD_TITLE", "PRICE", "TA_STATUS") AS 
  SELECT CASE 
       WHEN SUBSTR(PD_ID, 1, 3) = 'del'
       THEN '택배거래'
       ELSE '직거래'
       END  AS TA_CATE
       , PD_NAME, CATE_NAME, REGIT_DATE, U_EMAIL, PD_TITLE, PRICE, 
       CASE
       WHEN SCD IS NOT NULL AND BCD IS NOT NULL
       THEN '거래완료'
       ELSE '거래중'
       END AS TA_STATUS
FROM DELI_PRODUCT_VIEW
;
--------------------------------------------------------
--  DDL for View AD_USER_LIST_REALVIEW
--------------------------------------------------------

  CREATE OR REPLACE FORCE VIEW "COMFIT"."AD_USER_LIST_REALVIEW" ("U_EMAIL", "U_NAME", "U_NICKNAME", "U_TEL", "U_JOINDATE", "BANCOUNT") AS 
  SELECT U_EMAIL, U_NAME, U_NICKNAME, U_TEL, U_JOINDATE, 
(
    SELECT COUNT(*) AS COUNT
    FROM
    (
    SELECT BAN_ID, BAN_DATE, REPORTED, REPORTER
    FROM DIRECT_TRANS_BANNED_VIEW
    UNION
    SELECT BAN_ID, BAN_DATE, REPORTED, REPORTER
    FROM DELIVERY_TRANS_BANNED_VIEW
    UNION
    SELECT BAN_ID, BAN_DATE, REPORTED, REPORTER
    FROM DIRECT_PD_BANNED_VIEW
    UNION
    SELECT BAN_ID, BAN_DATE, REPORTED, REPORTER
    FROM DELIVERY_PD_BANNED_VIEW
    )
    WHERE U_ID = REPORTED
) AS BANCOUNT
FROM USER_INFORMATION
;
--------------------------------------------------------
--  DDL for View ALL_USER_POINT_VIEW
--------------------------------------------------------

  CREATE OR REPLACE FORCE VIEW "COMFIT"."ALL_USER_POINT_VIEW" ("U_ID", "POINT") AS 
  SELECT U_ID, SUM(POINT) AS POINT
FROM
(
SELECT U_ID, POINT
FROM USER_POINT_VIEW
UNION
SELECT U_ID, 0 AS POINT
FROM COMFIT_USER
)
GROUP BY U_ID
ORDER BY U_ID
;
--------------------------------------------------------
--  DDL for View ALL_USER_POINT_VIEW2
--------------------------------------------------------

  CREATE OR REPLACE FORCE VIEW "COMFIT"."ALL_USER_POINT_VIEW2" ("U_ID", "U_POINT") AS 
  SELECT U_ID, POINT AS U_POINT
FROM ALL_USER_POINT_VIEW
;
--------------------------------------------------------
--  DDL for View BANNED_USER_VIEW
--------------------------------------------------------

  CREATE OR REPLACE FORCE VIEW "COMFIT"."BANNED_USER_VIEW" ("U_ID", "U_EMAIL", "U_NICKNAME", "BAN_CATE_NAME", "BAN_DATE", "BAN_END_DATE", "REP_CATE_NAME", "BAN_REA_DETAIL") AS 
  SELECT "U_ID","U_EMAIL","U_NICKNAME","BAN_CATE_NAME","BAN_DATE","BAN_END_DATE","REP_CATE_NAME","BAN_REA_DETAIL"
FROM
(
SELECT U_ID, U_EMAIL, U_NICKNAME, BAN_CATE_NAME, BAN_DATE, BAN_END_DATE, REP_CATE_NAME, BAN_REA_DETAIL
FROM DELIVERY_PD_USER_BANNED_VIEW
UNION
SELECT U_ID, U_EMAIL, U_NICKNAME, BAN_CATE_NAME, BAN_DATE, BAN_END_DATE, REP_CATE_NAME, BAN_REA_DETAIL
FROM DIRECT_PD_USER_BANNED_VIEW
UNION
SELECT U_ID, U_EMAIL, U_NICKNAME, BAN_CATE_NAME, BAN_DATE, BAN_END_DATE, REP_CATE_NAME, BAN_REA_DETAIL
FROM DELI_TRANS_USER_BANNED_VIEW
UNION
SELECT U_ID, U_EMAIL, U_NICKNAME, BAN_CATE_NAME, BAN_DATE, BAN_END_DATE, REP_CATE_NAME, BAN_REA_DETAIL
FROM DIRECT_TRANS_USER_BANNED_VIEW
)
WHERE BAN_DATE < SYSDATE 
AND BAN_END_DATE > SYSDATE
;
--------------------------------------------------------
--  DDL for View BID_LIST_REALVIEW
--------------------------------------------------------

  CREATE OR REPLACE FORCE VIEW "COMFIT"."BID_LIST_REALVIEW" ("BID_CODE", "U_NICKNAME", "PRICE", "BID_DATE", "ADDRESS", "DELI_PD_ID", "PROFILE") AS 
  SELECT BL.BID_CODE, UI.U_NICKNAME, BL.BID_PRICE AS PRICE, BL.BID_DATE, BL.ADDRESS, BL.DELI_PD_ID
, UI.U_PROFILE  AS PROFILE
FROM BID_LIST BL JOIN COMFIT_USER CU
     ON BL.U_ID = CU.U_ID
        JOIN USER_INFORMATION UI
          ON CU.U_ID = UI.U_ID
;
--------------------------------------------------------
--  DDL for View BID_SUCCESSCOUNT_VIEW
--------------------------------------------------------

  CREATE OR REPLACE FORCE VIEW "COMFIT"."BID_SUCCESSCOUNT_VIEW" ("BID_CODE", "BID_DATE", "BID_PRICE", "ADDRESS", "ADDR_DETAIL", "U_ID", "DELI_PD_ID", "SUCCESSCOUNT") AS 
  SELECT BID_CODE, BID_DATE, BID_PRICE, ADDRESS, ADDR_DETAIL, U_ID, DELI_PD_ID ,
(
    SELECT COUNT(*) AS COUNT
    FROM
    (SELECT BS_ID, BS_DATE, BID_CODE AS BI_CODE, ALARM_CODE
     FROM BID_SUCCESS
    ) A
    WHERE BID_CODE = BI_CODE
) AS SUCCESSCOUNT
FROM BID_LIST
;
--------------------------------------------------------
--  DDL for View BS_FAIL_VIEW
--------------------------------------------------------

  CREATE OR REPLACE FORCE VIEW "COMFIT"."BS_FAIL_VIEW" ("BISG_CODE", "PD_ID", "PD_TITLE", "PD_PRICE", "BISG_PRICE", "PD_REGIT_DATE", "BISG_DATE", "BUYER_ID", "SELLER_ID") AS 
  SELECT BID_CODE AS BISG_CODE, BSV.DELI_PD_ID AS PD_ID, PD_TITLE
, PD_START_PRICE AS PD_PRICE, BID_PRICE AS BISG_PRICE
, PD_REGIT_DATE, BID_DATE AS BISG_DATE
, BSV.U_ID AS BUYER_ID , DP.U_ID AS SELLER_ID
FROM BID_SUCCESSCOUNT_VIEW BSV
JOIN DELIVERY_PRODUCT DP
ON BSV.DELI_PD_ID = DP.DELI_PD_ID
WHERE (PD_REGIT_DATE +4 < SYSDATE AND SUCCESSCOUNT = 0)
OR NOT BID_PRICE = (SELECT MAX(BID_PRICE)
                     FROM BID_LIST
                     WHERE DELI_PD_ID = BSV.DELI_PD_ID
                     GROUP BY DELI_PD_ID)
UNION
SELECT SUGGEST_CODE AS BISG_CODE, DP.DIRE_PD_ID AS PD_ID, PD_TITLE
, PD_HOPEPRICE AS PD_PRICE, SUGGEST_PRICE AS BISG_PRICE
, PD_REGIT_DATE, SUGGEST_DATE AS BISG_DATE
, SSV.U_ID AS BUYER_ID, DP.U_ID AS SELLER_ID
FROM SUGGEST_SELECTEDCOUNT_VIEW SSV
JOIN DIRECT_PRODUCT DP
ON SSV.DIRE_PD_ID = SSV.DIRE_PD_ID
WHERE PD_HOPE_EDATE +1 < SYSDATE
AND SELECTEDCOUNT = 0
;
--------------------------------------------------------
--  DDL for View DELIVEREY_DEAL_VIEW
--------------------------------------------------------

  CREATE OR REPLACE FORCE VIEW "COMFIT"."DELIVEREY_DEAL_VIEW" ("DELI_PD_ID", "PD_REGIT_DATE", "PD_TITLE", "DEAL_TYPE", "U_ID", "DEAL_STATUS", "CATEGORY_NAME", "PD_NAME", "PD_MAKER_ID", "B_U_ID", "BID_PRICE", "BID_DATE", "ADDRESS", "BUY_COMP_DATE", "SELL_COMP_DATE", "PD_DELI_NUM", "제안상태") AS 
  SELECT SUBSTR(DP.DELI_PD_ID, 6, 3) AS DELI_PD_ID, DP.PD_REGIT_DATE PD_REGIT_DATE, DP.PD_TITLE PD_TITLE
,CASE
WHEN SUBSTR(DP.DELI_PD_ID, 1, 4) = 'deli'
THEN '택배거래'
ELSE '직거래'
END AS deal_type
, DP.U_ID U_ID
, CASE
WHEN DCS.SELL_COMP_DATE IS NOT NULL AND DCB.BUY_COMP_DATE IS NOT NULL
THEN '거래완료'
ELSE '거래중'
END AS deal_status
, PC.CATEGORY_NAME CATEGORY_NAME, DP.PD_NAME PD_NAME, DP.PD_MAKER_ID PD_MAKER_ID
, BL.U_ID b_u_id, BL.BID_PRICE BID_PRICE, BL.BID_DATE BID_DATE, CONCAT(BL.ADDRESS, BL.ADDR_DETAIL) ADDRESS
, DCB.BUY_COMP_DATE BUY_COMP_DATE, DCS.SELL_COMP_DATE SELL_COMP_DATE, DCS.PD_DELI_NUM PD_DELI_NUM
, CASE
WHEN BS.BS_ID IS NOT NULL
THEN '낙찰'
ELSE '유찰'
END AS 제안상태
FROM DELIVERY_PRODUCT DP LEFT JOIN PRODUCT_MAKER PM
ON DP.PD_MAKER_ID = PM.PD_MAKER_ID
LEFT JOIN PRODUCT_CATEGORY PC
ON PM.PD_CATEGORY_ID = PC.PD_CATEGORY_ID
LEFT JOIN BID_LIST BL
ON DP.DELI_PD_ID = BL.DELI_PD_ID
LEFT JOIN BID_SUCCESS BS
ON BL.BID_CODE = BS.BID_CODE
LEFT JOIN DELI_COMPLETE_SELL DCS
ON DCS.BS_ID = BS.BS_ID
LEFT JOIN DELI_COMPLETE_BUY DCB
ON DCB.BS_ID = BS.BS_ID
;
--------------------------------------------------------
--  DDL for View DELIVERY_BOX1_VIEW
--------------------------------------------------------

  CREATE OR REPLACE FORCE VIEW "COMFIT"."DELIVERY_BOX1_VIEW" ("PD_NUM", "DELI_PD_ID", "PD_ID", "PD_REGIT_DATE", "PD_TITLE", "DEAL_TYPE", "U_ID", "DEAL_STATUS", "BS_ID") AS 
  SELECT SUBSTR(DP.DELI_PD_ID, 6, 3) AS PD_NUM, DP.DELI_PD_ID, SUBSTR(DP.DELI_PD_ID, 1, 4) AS PD_ID, DP.PD_REGIT_DATE PD_REGIT_DATE, DP.PD_TITLE PD_TITLE
,CASE
WHEN SUBSTR(DP.DELI_PD_ID, 1, 4) = 'deli'
THEN '택배거래'
ELSE '직거래'
END AS DEAL_TYPE
, DP.U_ID U_ID
, CASE
WHEN DCS.SELL_COMP_DATE IS NOT NULL AND DCB.BUY_COMP_DATE IS NOT NULL
THEN '거래완료'
ELSE '거래중'
END AS DEAL_STATUS, BS.bs_id
FROM DELIVERY_PRODUCT DP LEFT JOIN PRODUCT_MAKER PM
ON DP.PD_MAKER_ID = PM.PD_MAKER_ID
LEFT JOIN PRODUCT_CATEGORY PC
ON PM.PD_CATEGORY_ID = PC.PD_CATEGORY_ID
LEFT JOIN BID_LIST BL
ON DP.DELI_PD_ID = BL.DELI_PD_ID
LEFT JOIN BID_SUCCESS BS
ON BL.BID_CODE = BS.BID_CODE
LEFT JOIN DELI_COMPLETE_SELL DCS
ON DCS.BS_ID = BS.BS_ID
LEFT JOIN DELI_COMPLETE_BUY DCB
ON DCB.BS_ID = BS.BS_ID
;
--------------------------------------------------------
--  DDL for View DELIVERY_BOX2_VIEW
--------------------------------------------------------

  CREATE OR REPLACE FORCE VIEW "COMFIT"."DELIVERY_BOX2_VIEW" ("PD_NUM", "PD_ID", "CATEGORY_NAME", "PD_NAME", "MAKER_NAME") AS 
  SELECT SUBSTR(DP.DELI_PD_ID, 6, 3) AS PD_NUM, SUBSTR(DP.DELI_PD_ID, 1, 4) AS PD_ID, PC.CATEGORY_NAME, DP.PD_NAME, PM.MAKER_NAME
FROM DELIVERY_PRODUCT DP JOIN PRODUCT_MAKER PM
ON DP.PD_MAKER_ID = PM.PD_MAKER_ID
JOIN PRODUCT_CATEGORY PC
ON PM.PD_CATEGORY_ID = PC.PD_CATEGORY_ID
;
--------------------------------------------------------
--  DDL for View DELIVERY_BOX3_VIEW
--------------------------------------------------------

  CREATE OR REPLACE FORCE VIEW "COMFIT"."DELIVERY_BOX3_VIEW" ("PD_NUM", "PD_ID", "B_U_ID", "BID_PRICE", "BID_DATE", "ADDRESS", "BS_ID") AS 
  SELECT SUBSTR(DP.DELI_PD_ID, 6, 3) AS PD_NUM, SUBSTR(DP.DELI_PD_ID, 1, 4) AS PD_ID, BL.U_ID B_U_ID, BL.BID_PRICE BID_PRICE, BL.BID_DATE BID_DATE, CONCAT(BL.ADDRESS, BL.ADDR_DETAIL) ADDRESS
, BS.BS_ID
FROM DELIVERY_PRODUCT DP LEFT JOIN PRODUCT_MAKER PM
ON DP.PD_MAKER_ID = PM.PD_MAKER_ID
LEFT JOIN BID_LIST BL
ON DP.DELI_PD_ID = BL.DELI_PD_ID
LEFT JOIN BID_SUCCESS BS
ON BL.BID_CODE = BS.BID_CODE
LEFT JOIN DELI_COMPLETE_SELL DCS
ON DCS.BS_ID = BS.BS_ID
LEFT JOIN DELI_COMPLETE_BUY DCB
ON DCB.BS_ID = BS.BS_ID
;
--------------------------------------------------------
--  DDL for View DELIVERY_BOX4_VIEW
--------------------------------------------------------

  CREATE OR REPLACE FORCE VIEW "COMFIT"."DELIVERY_BOX4_VIEW" ("PD_NUM", "PD_ID", "BUY_COMP_DATE", "SELL_COMP_DATE", "PD_DELI_NUM") AS 
  SELECT SUBSTR(DP.DELI_PD_ID, 6, 3) AS PD_NUM, SUBSTR(DP.DELI_PD_ID, 1, 4) AS PD_ID, DCB.BUY_COMP_DATE BUY_COMP_DATE, DCS.SELL_COMP_DATE SELL_COMP_DATE, DCS.PD_DELI_NUM PD_DELI_NUM
FROM DELIVERY_PRODUCT DP LEFT JOIN PRODUCT_MAKER PM
ON DP.PD_MAKER_ID = PM.PD_MAKER_ID
LEFT JOIN BID_LIST BL
ON DP.DELI_PD_ID = BL.DELI_PD_ID
LEFT JOIN BID_SUCCESS BS
ON BL.BID_CODE = BS.BID_CODE
LEFT JOIN DELI_COMPLETE_SELL DCS
ON DCS.BS_ID = BS.BS_ID
LEFT JOIN DELI_COMPLETE_BUY DCB
ON DCB.BS_ID = BS.BS_ID
WHERE PD_DELI_NUM IS NOT NULL
;
--------------------------------------------------------
--  DDL for View DELIVERY_BOX5_VIEW
--------------------------------------------------------

  CREATE OR REPLACE FORCE VIEW "COMFIT"."DELIVERY_BOX5_VIEW" ("PD_NUM", "PD_ID", "B_U_ID", "BID_DATE", "BID_PRICE", "DEAL_STATUS") AS 
  SELECT SUBSTR(DP.DELI_PD_ID, 6, 3) AS PD_NUM, SUBSTR(DP.DELI_PD_ID, 1, 4) AS PD_ID, BL.U_ID B_U_ID, BL.BID_DATE BID_DATE, BL.BID_PRICE BID_PRICE
, CASE
WHEN BS.BS_ID IS NOT NULL
THEN '낙찰'
ELSE '유찰'
END AS DEAL_STATUS
FROM DELIVERY_PRODUCT DP LEFT JOIN PRODUCT_MAKER PM
ON DP.PD_MAKER_ID = PM.PD_MAKER_ID
LEFT JOIN BID_LIST BL
ON DP.DELI_PD_ID = BL.DELI_PD_ID
LEFT JOIN BID_SUCCESS BS
ON BL.BID_CODE = BS.BID_CODE
LEFT JOIN DELI_COMPLETE_SELL DCS
ON DCS.BS_ID = BS.BS_ID
LEFT JOIN DELI_COMPLETE_BUY DCB
ON DCB.BS_ID = BS.BS_ID
;
--------------------------------------------------------
--  DDL for View DELIVERY_PD_BANNED_VIEW
--------------------------------------------------------

  CREATE OR REPLACE FORCE VIEW "COMFIT"."DELIVERY_PD_BANNED_VIEW" ("REP_ID", "REP_CONTENTS", "REP_DATE", "PD_REP_CID", "DELI_PD_ID", "REP_HAN_DATE", "HAN_CATE_ID", "BAN_ID", "BAN_REA_DETAIL", "BAN_DATE", "BAN_CATE_ID", "PD_TITLE", "PD_REGIT_DATE", "REPORTER", "REPORTED", "AD_ID") AS 
  SELECT DPR.REP_ID, DPR.REP_CONTENTS, DPR.REP_DATE, DPR.PD_REP_CID, DPR.DELI_PD_ID
     , DPH.REP_HAN_DATE, DPH.HAN_CATE_ID
     , DPB.BAN_ID, DPB.BAN_REA_DETAIL, DPB.BAN_DATE, DPB.BAN_CATE_ID
     , DP.PD_TITLE, DP.PD_REGIT_DATE,DPR.U_ID AS REPORTER, DP.U_ID AS REPORTED , DPH.AD_ID
FROM DELIVERY_PD_REPORT DPR 
    JOIN DELI_PD_REP_HANDLE DPH 
    ON DPR.REP_ID = DPH.REP_ID 
    JOIN DELI_PD_BANNED DPB
    ON DPH.REP_ID = DPB.REP_ID
    JOIN DELIVERY_PRODUCT DP
    ON DP.DELI_PD_ID = DPR.DELI_PD_ID
;
--------------------------------------------------------
--  DDL for View DELIVERY_PD_USER_BANNED_VIEW
--------------------------------------------------------

  CREATE OR REPLACE FORCE VIEW "COMFIT"."DELIVERY_PD_USER_BANNED_VIEW" ("U_ID", "U_EMAIL", "U_NICKNAME", "BAN_CATE_NAME", "BAN_DATE", "BAN_END_DATE", "REP_CATE_NAME", "BAN_REA_DETAIL") AS 
  SELECT REPORTED AS U_ID, U_EMAIL, U_NICKNAME, BAN_CATE_NAME, BAN_DATE
,BAN_DATE + TO_NUMBER(REPLACE(BAN_CATE_NAME,'일차단')) AS BAN_END_DATE, TRC.REP_CATE_NAME, BAN_REA_DETAIL
FROM DELIVERY_TRANS_BANNED_VIEW DV
JOIN USER_INFORMATION UI
ON DV.REPORTED = UI.U_ID
JOIN BAN_CATEGORY BC
ON DV.BAN_CATE_ID = BC.BAN_CATE_ID
JOIN TRANS_REP_CATEGORY TRC
ON DV.TRANS_REP_CID = TRC.TRANS_REP_CID
;
--------------------------------------------------------
--  DDL for View DELIVERY_TRANS_BANNED_VIEW
--------------------------------------------------------

  CREATE OR REPLACE FORCE VIEW "COMFIT"."DELIVERY_TRANS_BANNED_VIEW" ("BAN_ID", "BAN_REA_DETAIL", "BAN_DATE", "REP_ID", "BAN_CATE_ID", "REP_HAN_DATE", "HAN_CATE_ID", "REP_CONTENTS", "REP_DATE", "TRANS_REP_CID", "BS_ID", "REPORTER_ID", "BS_DATE", "BID_CODE", "BID_DATE", "PD_TITLE", "PD_REGIT_DATE", "REPORTER", "REPORTED", "AD_ID") AS 
  SELECT DTB.BAN_ID, DTB.BAN_REA_DETAIL, DTB.BAN_DATE, DTB.REP_ID, DTB.BAN_CATE_ID
     , DTH.REP_HAN_DATE, DTH.HAN_CATE_ID
     , DTR.REP_CONTENTS, DTR.REP_DATE, DTR.TRANS_REP_CID, DTR.BS_ID, DTR.REPORTER_ID
     , BS.BS_DATE, BS.BID_CODE
     , BL.BID_DATE, DP.PD_TITLE, DP.PD_REGIT_DATE
     , CASE WHEN DTR.REPORTER_ID = 1 
        THEN BL.U_ID
        ELSE DP.U_ID
        END AS REPORTER
     , CASE WHEN DTR.REPORTER_ID = 1
        THEN DP.U_ID
        ELSE BL.U_ID
        END AS REPORTED
     , DTH.AD_ID 
FROM DELI_TA_BANNED DTB
    JOIN DELI_TA_REP_HANDLE DTH
    ON DTB.REP_ID = DTH.REP_ID
    JOIN DELIVERY_TA_REPORT DTR
    ON DTH.REP_ID = DTR.REP_ID
    JOIN BID_SUCCESS BS
    ON DTR.BS_ID = BS.BS_ID
    JOIN BID_LIST BL
    ON BS.BID_CODE = BL.BID_CODE
    JOIN DELIVERY_PRODUCT DP
    ON BL.DELI_PD_ID = DP.DELI_PD_ID
;
--------------------------------------------------------
--  DDL for View DELI_COMPLETE_VIEW
--------------------------------------------------------

  CREATE OR REPLACE FORCE VIEW "COMFIT"."DELI_COMPLETE_VIEW" ("BS_ID", "BS_DATE", "BID_CODE", "COMPLETECOUNT") AS 
  SELECT "BS_ID","BS_DATE","BID_CODE","COMPLETECOUNT"
FROM
(
SELECT BS_ID, BS_DATE, BID_CODE
, (SELECT COUNT(*)
    FROM 
    (SELECT DELI_COMP_SELL_ID AS COMP_ID ,  REVIEW, SELL_COMP_DATE AS COMP_DATE, BS_ID
    FROM DELI_COMPLETE_SELL
    UNION
    SELECT DELI_COMP_BUY_ID AS COMP_ID, REVIEW, BUY_COMP_DATE AS COMP_DATE, BS_ID
    FROM DELI_COMPLETE_BUY)
    WHERE BS_ID = BS.BS_ID
) AS COMPLETECOUNT
FROM BID_SUCCESS BS
)
WHERE COMPLETECOUNT = 2
;
--------------------------------------------------------
--  DDL for View DELI_INMONEY_VIEW
--------------------------------------------------------

  CREATE OR REPLACE FORCE VIEW "COMFIT"."DELI_INMONEY_VIEW" ("U_ID", "IN_MONEY") AS 
  SELECT DP.U_ID AS U_ID, BID_PRICE AS IN_MONEY
FROM DELI_COMPLETE_VIEW DCV
JOIN BID_LIST BL
ON DCV.BID_CODE = BL.BID_CODE
JOIN DELIVERY_PRODUCT DP
ON BL.DELI_PD_ID = DP.DELI_PD_ID
;
--------------------------------------------------------
--  DDL for View DELI_PD_COUNT_VIEW
--------------------------------------------------------

  CREATE OR REPLACE FORCE VIEW "COMFIT"."DELI_PD_COUNT_VIEW" ("DELI_PD_ID", "PD_TITLE", "PD_START_PRICE", "BID_PRICE", "PD_REGIT_DATE", "BID_DATE", "SELLER_ID", "BUYER_ID", "IMD_PRICE", "BS_ID", "ADDRESS", "RANK", "BIDCOUNT", "SUCCESSCOUNT", "SELLCOUNT", "BUYCOUNT", "COMPLETECOUNT") AS 
  SELECT DP.DELI_PD_ID, DP.PD_TITLE, DP.PD_START_PRICE, BL.BID_PRICE,DP.PD_REGIT_DATE, BL.BID_DATE, DP.U_ID AS SELLER_ID, BL.U_ID AS BUYER_ID, DP.IMD_PRICE, BS.BS_ID
, (BL.ADDRESS || ' ' || BL.ADDR_DETAIL) AS ADDRESS
, RANK() OVER (PARTITION BY DP.DELI_PD_ID ORDER BY BL.BID_PRICE DESC) AS RANK
, (SELECT COUNT(*)
            FROM BID_LIST
            WHERE DELI_PD_ID = DP.DELI_PD_ID) AS BIDCOUNT
, (SELECT COUNT(*)
            FROM BID_SUCCESS
            WHERE BID_CODE = BL.BID_CODE) AS SUCCESSCOUNT
, (SELECT COUNT(*)
            FROM DELI_COMPLETE_SELL
            WHERE BS_ID = BS.BS_ID) AS SELLCOUNT
, (SELECT COUNT(*)
            FROM DELI_COMPLETE_BUY
            WHERE BS_ID = BS.BS_ID) AS BUYCOUNT
, ((SELECT COUNT(*)
            FROM DELI_COMPLETE_SELL
            WHERE BS_ID = BS.BS_ID)
+ (SELECT COUNT(*)
            FROM DELI_COMPLETE_BUY
            WHERE BS_ID = BS.BS_ID)) AS COMPLETECOUNT
FROM DELIVERY_PRODUCT DP
    LEFT OUTER JOIN BID_LIST BL
    ON BL.DELI_PD_ID = DP.DELI_PD_ID
    LEFT OUTER JOIN BID_SUCCESS BS
    ON BS.BID_CODE = BL.BID_CODE
    LEFT OUTER JOIN DELI_COMPLETE_SELL DCS
    ON DCS.BS_ID = BS.BS_ID
    LEFT OUTER JOIN DELI_COMPLETE_BUY DCV
    ON DCV.BS_ID = BS.BS_ID
;
--------------------------------------------------------
--  DDL for View DELI_PD_LIST_REALVIEW
--------------------------------------------------------

  CREATE OR REPLACE FORCE VIEW "COMFIT"."DELI_PD_LIST_REALVIEW" ("PD_ID", "PD_TITLE", "PD_NAME", "PD_PHOTO", "PD_AS_REMAIN", "PD_HITCOUNT", "PRICE", "PD_REGIT_DATE", "PD_MAKER_ID", "PD_AS_ID", "PD_AS_NAME", "CATEGORY_NAME", "SELLER", "U_NICKNAME", "MAKER_NAME", "MAKER_NAME2", "CF_PRICE", "COMMENTS", "IMDPRICE", "PROFILE") AS 
  SELECT DP.DELI_PD_ID AS PD_ID, DP.PD_TITLE, DP.PD_NAME, DP.PD_PHOTO, DP.PD_AS_REMAIN, DP.PD_HITCOUNT
     , DP.PD_START_PRICE AS PRICE, DP.PD_REGIT_DATE, DP.PD_MAKER_ID, DP.PD_AS_ID, PA.PD_AS_NAME, PC.CATEGORY_NAME
     , DP.U_ID AS SELLER, UI.U_NICKNAME, PM.MAKER_NAME, PM.MAKER_NAME2, DP.CF_PRICE, NVL(DP.COMMENTS, '특이사항 없음') AS COMMENTS
     , NVL(DP.IMD_PRICE, 0) AS IMDPRICE , UI.U_PROFILE AS PROFILE
FROM DELIVERY_PRODUCT DP JOIN PRODUCT_MAKER PM
     ON DP.PD_MAKER_ID = PM.PD_MAKER_ID 
        JOIN PRODUCT_CATEGORY PC
          ON PM.PD_CATEGORY_ID = PC.PD_CATEGORY_ID
             JOIN PRODUCT_AS PA
               ON DP.PD_AS_ID = PA.PD_AS_ID
                  JOIN COMFIT_USER CU
                    ON DP.U_ID = CU.U_ID
                       JOIN USER_INFORMATION UI
                         ON CU.U_ID = UI.U_ID
;
--------------------------------------------------------
--  DDL for View DELI_PD_REP_VIEW
--------------------------------------------------------

  CREATE OR REPLACE FORCE VIEW "COMFIT"."DELI_PD_REP_VIEW" ("PD_ID") AS 
  SELECT DL.PD_ID AS PD_ID
FROM
(
SELECT DELI_PD_ID AS PD_ID
FROM DELIVERY_PD_REPORT
UNION ALL
SELECT BL.DELI_PD_ID AS PD_ID 
FROM DELIVERY_TA_REPORT DTR JOIN BID_SUCCESS BS
     ON DTR.BS_ID = BS.BS_ID
        JOIN BID_LIST BL 
          ON BS.BID_CODE = BL.BID_CODE
) DL
;
--------------------------------------------------------
--  DDL for View DELI_PRODUCT_VIEW
--------------------------------------------------------

  CREATE OR REPLACE FORCE VIEW "COMFIT"."DELI_PRODUCT_VIEW" ("PD_ID", "PD_NAME", "CATE_NAME", "REGIT_DATE", "U_EMAIL", "PD_TITLE", "SCD", "BCD", "PRICE") AS 
  SELECT DP.DELI_PD_ID AS PD_ID, PD_NAME AS PD_NAME, PC.CATEGORY_NAME AS CATE_NAME
     , DP.PD_REGIT_DATE AS REGIT_DATE, UI.U_EMAIL AS U_EMAIL, PD_TITLE AS PD_TITLE
     , DCS.SELL_COMP_DATE AS SCD, DCB.BUY_COMP_DATE AS BCD, DP.PD_START_PRICE AS PRICE
FROM DELIVERY_PRODUCT DP JOIN PRODUCT_MAKER PM
     ON DP.PD_MAKER_ID = PM.PD_MAKER_ID
        JOIN PRODUCT_CATEGORY PC
          ON PM.PD_CATEGORY_ID = PC.PD_CATEGORY_ID
          JOIN BID_LIST BL
            ON DP.DELI_PD_ID = BL.DELI_PD_ID
            JOIN BID_SUCCESS BS
              ON BL.BID_CODE = BS.BID_CODE
              JOIN DELI_COMPLETE_SELL DCS
                ON BS.BS_ID = DCS.BS_ID
                JOIN DELI_COMPLETE_BUY DCB
                  ON BS.BS_ID = DCB.BS_ID
                  JOIN COMFIT_USER CU
                  ON DP.U_ID = CU.U_ID
                  JOIN USER_INFORMATION UI
                    ON CU.U_ID = UI.U_ID
;
--------------------------------------------------------
--  DDL for View DELI_SELL_LIST
--------------------------------------------------------

  CREATE OR REPLACE FORCE VIEW "COMFIT"."DELI_SELL_LIST" ("DELI_PD_ID", "PD_TITLE", "PD_START_PRICE", "BID_PRICE", "PD_REGIT_DATE", "BID_DATE", "BS_ID", "RANK", "COMP_DATE", "SELLER_ID", "BUYER_ID", "IMD_PRICE", "ADDRESS", "STATUS") AS 
  SELECT DELI_PD_ID, PD_TITLE, PD_START_PRICE, BID_PRICE, PD_REGIT_DATE, BID_DATE, BS_ID, RANK
, (SELECT COMP_DATE
    FROM
    (
        SELECT BS_ID, COMP_DATE, RANK() OVER (PARTITION BY BS_ID ORDER BY COMP_DATE DESC) AS RANK
        FROM
        (
        SELECT DELI_COMP_SELL_ID AS COMP_ID ,  REVIEW, SELL_COMP_DATE AS COMP_DATE, BS_ID
        FROM DELI_COMPLETE_SELL
        UNION
        SELECT DELI_COMP_BUY_ID AS COMP_ID, REVIEW, BUY_COMP_DATE AS COMP_DATE, BS_ID
        FROM DELI_COMPLETE_BUY
        )
    )WHERE RANK = 1
    AND BS_ID = DPCV.BS_ID
    ) AS COMP_DATE
, SELLER_ID, BUYER_ID, IMD_PRICE, ADDRESS
,(CASE WHEN COMPLETECOUNT = 2 THEN '거래완료'
WHEN BUYCOUNT = 1 AND SELLCOUNT = 0 THEN '판매확정대기중'
WHEN SELLCOUNT = 1 AND BUYCOUNT = 0 THEN '구매확정대기중'
WHEN SUCCESSCOUNT = 1 AND COMPLETECOUNT = 0 THEN '거래중'
WHEN RANK != 1 THEN '다른입찰이낙찰'
WHEN PD_REGIT_DATE +4 < SYSDATE THEN '유찰됨'
WHEN BIDCOUNT > 0 THEN '경매중'
WHEN BIDCOUNT = 0 THEN '입찰대기중' 
ELSE '에러' 
END) AS STATUS
FROM DELI_PD_COUNT_VIEW DPCV
;
--------------------------------------------------------
--  DDL for View DELI_TRANS_USER_BANNED_VIEW
--------------------------------------------------------

  CREATE OR REPLACE FORCE VIEW "COMFIT"."DELI_TRANS_USER_BANNED_VIEW" ("U_ID", "U_EMAIL", "U_NICKNAME", "BAN_CATE_NAME", "BAN_DATE", "BAN_END_DATE", "REP_CATE_NAME", "BAN_REA_DETAIL") AS 
  SELECT REPORTED AS U_ID, U_EMAIL, U_NICKNAME, BAN_CATE_NAME, BAN_DATE
,BAN_DATE + TO_NUMBER(REPLACE(BAN_CATE_NAME,'일차단')) AS BAN_END_DATE, PC.REP_CATE_NAME, BAN_REA_DETAIL
FROM DELIVERY_PD_BANNED_VIEW DV
JOIN USER_INFORMATION UI
ON DV.REPORTED = UI.U_ID
JOIN BAN_CATEGORY BC
ON DV.BAN_CATE_ID = BC.BAN_CATE_ID
JOIN PD_REP_CATEGORY PC
ON DV.PD_REP_CID = PC.PD_REP_CID
;
--------------------------------------------------------
--  DDL for View DETAIL_BUYLIST_VIEW
--------------------------------------------------------

  CREATE OR REPLACE FORCE VIEW "COMFIT"."DETAIL_BUYLIST_VIEW" ("PD_ID", "PD_TITLE", "PD_PRICE", "SYSTEM", "PD_REGIT_DATE", "TIME", "COMP_DATE", "SELLER_ID", "BUYER_ID", "ADDRESS", "STATUS", "SELECTED_ID", "SELECTED_DATE", "BUYER_CODE", "SELLER_CODE", "BS_ID", "BS_DATE", "DELI_NUM") AS 
  SELECT PD_ID, PD_TITLE, PD_PRICE, SYSTEM, TO_CHAR(PD_REGIT_DATE, 'YYYY-MM-DD') AS PD_REGIT_DATE
    , TIME, TO_CHAR(COMP_DATE, 'YYYY-MM-DD') AS COMP_DATE, SELLER_ID, BUYER_ID, ADDRESS, STATUS
    , SE.SELECTED_ID, TO_CHAR(SE.SELECTED_DATE, 'YYYY-MM-DD') AS SELECTED_DATE, SE.BUYER_CODE, SE.SELLER_CODE
    , BS.BS_ID, BS.BS_DATE, DCS.PD_DELI_NUM AS DELI_NUM
FROM MY_PRODUCT_LIST MPL
LEFT OUTER JOIN SELECTED SE
ON MPL.BSE_ID = SE.SELECTED_ID
LEFT OUTER JOIN BID_SUCCESS BS
ON MPL.BSE_ID = BS.BS_ID
LEFT OUTER JOIN DELI_COMPLETE_SELL DCS
ON DCS.BS_ID = BS.BS_ID
;
--------------------------------------------------------
--  DDL for View DIRECT_BOX1_VIEW
--------------------------------------------------------

  CREATE OR REPLACE FORCE VIEW "COMFIT"."DIRECT_BOX1_VIEW" ("PD_NUM", "PD_ID", "PD_REGIT_DATE", "PD_TITLE", "DEAL_TYPE", "U_ID", "DEAL_STATUS", "BS_ID") AS 
  SELECT SUBSTR(DP.DELI_PD_ID, 6, 3) AS PD_NUM, SUBSTR(DP.DELI_PD_ID, 1, 4) AS PD_ID, DP.PD_REGIT_DATE PD_REGIT_DATE, DP.PD_TITLE PD_TITLE
,CASE
WHEN SUBSTR(DP.DELI_PD_ID, 1, 4) = 'deli'
THEN '택배거래'
ELSE '직거래'
END AS DEAL_TYPE
, DP.U_ID U_ID
, CASE
WHEN DCS.SELL_COMP_DATE IS NOT NULL AND DCB.BUY_COMP_DATE IS NOT NULL
THEN '거래완료'
ELSE '거래중'
END AS DEAL_STATUS, BS.bs_id
FROM DELIVERY_PRODUCT DP LEFT JOIN PRODUCT_MAKER PM
ON DP.PD_MAKER_ID = PM.PD_MAKER_ID
LEFT JOIN PRODUCT_CATEGORY PC
ON PM.PD_CATEGORY_ID = PC.PD_CATEGORY_ID
LEFT JOIN BID_LIST BL
ON DP.DELI_PD_ID = BL.DELI_PD_ID
LEFT JOIN BID_SUCCESS BS
ON BL.BID_CODE = BS.BID_CODE
LEFT JOIN DELI_COMPLETE_SELL DCS
ON DCS.BS_ID = BS.BS_ID
LEFT JOIN DELI_COMPLETE_BUY DCB
ON DCB.BS_ID = BS.BS_ID
;
--------------------------------------------------------
--  DDL for View DIRECT_BOX2_VIEW
--------------------------------------------------------

  CREATE OR REPLACE FORCE VIEW "COMFIT"."DIRECT_BOX2_VIEW" ("PD_NUM", "PD_ID", "CATEGORY_NAME", "PD_NAME", "MAKER_NAME") AS 
  SELECT SUBSTR(DP.DELI_PD_ID, 6, 3) AS PD_NUM, SUBSTR(DP.DELI_PD_ID, 1, 4) AS PD_ID, PC.CATEGORY_NAME, DP.PD_NAME, PM.MAKER_NAME
FROM DELIVERY_PRODUCT DP JOIN PRODUCT_MAKER PM
ON DP.PD_MAKER_ID = PM.PD_MAKER_ID
JOIN PRODUCT_CATEGORY PC
ON PM.PD_CATEGORY_ID = PC.PD_CATEGORY_ID
;
--------------------------------------------------------
--  DDL for View DIRECT_BOX3_VIEW
--------------------------------------------------------

  CREATE OR REPLACE FORCE VIEW "COMFIT"."DIRECT_BOX3_VIEW" ("PD_NUM", "PD_ID", "B_U_ID", "BID_PRICE", "BID_DATE", "ADDRESS", "BS_ID") AS 
  SELECT SUBSTR(DP.DELI_PD_ID, 6, 3) AS PD_NUM, SUBSTR(DP.DELI_PD_ID, 1, 4) AS PD_ID, BL.U_ID B_U_ID, BL.BID_PRICE BID_PRICE, BL.BID_DATE BID_DATE, CONCAT(BL.ADDRESS, BL.ADDR_DETAIL) ADDRESS
, BS.BS_ID
FROM DELIVERY_PRODUCT DP LEFT JOIN PRODUCT_MAKER PM
ON DP.PD_MAKER_ID = PM.PD_MAKER_ID
LEFT JOIN BID_LIST BL
ON DP.DELI_PD_ID = BL.DELI_PD_ID
LEFT JOIN BID_SUCCESS BS
ON BL.BID_CODE = BS.BID_CODE
LEFT JOIN DELI_COMPLETE_SELL DCS
ON DCS.BS_ID = BS.BS_ID
LEFT JOIN DELI_COMPLETE_BUY DCB
ON DCB.BS_ID = BS.BS_ID
;
--------------------------------------------------------
--  DDL for View DIRECT_BOX4_VIEW
--------------------------------------------------------

  CREATE OR REPLACE FORCE VIEW "COMFIT"."DIRECT_BOX4_VIEW" ("PD_NUM", "PD_ID", "BUY_COMP_DATE", "SELL_COMP_DATE", "PD_DELI_NUM") AS 
  SELECT SUBSTR(DP.DELI_PD_ID, 6, 3) AS PD_NUM, SUBSTR(DP.DELI_PD_ID, 1, 4) AS PD_ID, DCB.BUY_COMP_DATE BUY_COMP_DATE, DCS.SELL_COMP_DATE SELL_COMP_DATE, DCS.PD_DELI_NUM PD_DELI_NUM
FROM DELIVERY_PRODUCT DP LEFT JOIN PRODUCT_MAKER PM
ON DP.PD_MAKER_ID = PM.PD_MAKER_ID
LEFT JOIN BID_LIST BL
ON DP.DELI_PD_ID = BL.DELI_PD_ID
LEFT JOIN BID_SUCCESS BS
ON BL.BID_CODE = BS.BID_CODE
LEFT JOIN DELI_COMPLETE_SELL DCS
ON DCS.BS_ID = BS.BS_ID
LEFT JOIN DELI_COMPLETE_BUY DCB
ON DCB.BS_ID = BS.BS_ID
WHERE PD_DELI_NUM IS NOT NULL
;
--------------------------------------------------------
--  DDL for View DIRECT_BOX5_VIEW
--------------------------------------------------------

  CREATE OR REPLACE FORCE VIEW "COMFIT"."DIRECT_BOX5_VIEW" ("PD_NUM", "PD_ID", "B_U_ID", "BID_DATE", "BID_PRICE", "DEAL_STATUS") AS 
  SELECT SUBSTR(DP.DELI_PD_ID, 6, 3) AS PD_NUM, SUBSTR(DP.DELI_PD_ID, 1, 4) AS PD_ID, BL.U_ID B_U_ID, BL.BID_DATE BID_DATE, BL.BID_PRICE BID_PRICE
, CASE
WHEN BS.BS_ID IS NOT NULL
THEN '낙찰'
ELSE '유찰'
END AS DEAL_STATUS
FROM DELIVERY_PRODUCT DP LEFT JOIN PRODUCT_MAKER PM
ON DP.PD_MAKER_ID = PM.PD_MAKER_ID
LEFT JOIN BID_LIST BL
ON DP.DELI_PD_ID = BL.DELI_PD_ID
LEFT JOIN BID_SUCCESS BS
ON BL.BID_CODE = BS.BID_CODE
LEFT JOIN DELI_COMPLETE_SELL DCS
ON DCS.BS_ID = BS.BS_ID
LEFT JOIN DELI_COMPLETE_BUY DCB
ON DCB.BS_ID = BS.BS_ID
;
--------------------------------------------------------
--  DDL for View DIRECT_DEAL_VIEW
--------------------------------------------------------

  CREATE OR REPLACE FORCE VIEW "COMFIT"."DIRECT_DEAL_VIEW" ("DIRE_PD_ID", "PD_REGIT_DATE", "PD_TITLE", "DEAL_TYPE", "U_ID", "DEAL_STATUS", "SELLER_CODE", "BUYER_CODE", "SELL_COMP_DATE_OK", "BUY_COMP_DATE_OK", "CATEGORY_NAME", "PD_NAME", "PD_MAKER_ID", "PD_HOPEPRICE", "PD_HOPE_PLACE", "PD_HOPE_SDATE", "PD_HOPE_STIME", "B_U_ID", "SUGGEST_PRICE", "SUGGEST_TIME", "SUGGEST_PLACE", "BUY_COMP_DATE", "SELL_COMP_DATE", "입찰상태") AS 
  SELECT SUBSTR(DP.DIRE_PD_ID, 6, 3) AS DIRE_PD_ID, DP.PD_REGIT_DATE PD_REGIT_DATE, DP.PD_TITLE PD_TITLE
,CASE
WHEN SUBSTR(DP.DIRE_PD_ID, 1, 4) = 'dire'
THEN '직거래'
ELSE '택배거래'
END AS deal_type
, DP.U_ID U_ID
, CASE
WHEN DCS.SELL_COMP_DATE IS NOT NULL AND DCB.BUY_COMP_DATE IS NOT NULL
THEN '거래완료'
ELSE '거래중'
END AS deal_status
, S.SELLER_CODE SELLER_CODE, S.BUYER_CODE BUYER_CODE
, CASE
WHEN DCS.SELL_COMP_DATE IS NOT NULL 
THEN 'y'
ELSE 'n'
END AS SELL_COMP_DATE_OK
, CASE
WHEN DCB.BUY_COMP_DATE IS NOT NULL 
THEN 'y'
ELSE 'n'
END AS BUY_COMP_DATE_OK
,PC.CATEGORY_NAME CATEGORY_NAME, DP.PD_NAME PD_NAME, PM.PD_MAKER_ID PD_MAKER_ID, DP.PD_HOPEPRICE PD_HOPEPRICE, DP.PD_HOPE_PLACE PD_HOPE_PLACE, DP.PD_HOPE_SDATE PD_HOPE_SDATE, DP.PD_HOPE_STIME PD_HOPE_STIME
,SL.U_ID B_U_ID, SL.SUGGEST_PRICE SUGGEST_PRICE, SL.SUGGEST_TIME SUGGEST_TIME, CONCAT(SL.SUGGEST_PLACE, SL.PLACE_DETAIL) SUGGEST_PLACE
,DCB.BUY_COMP_DATE BUY_COMP_DATE,DCS.SELL_COMP_DATE SELL_COMP_DATE
, CASE
WHEN S.SELECTED_ID IS NOT NULL
THEN '낙찰'
ELSE '유찰'
END AS 입찰상태
FROM SUGGEST_LIST SL LEFT OUTER JOIN DIRECT_PRODUCT DP 
ON DP.DIRE_PD_ID = SL.DIRE_PD_ID
LEFT OUTER JOIN PRODUCT_MAKER PM
ON DP.PD_MAKER_ID = PM.PD_MAKER_ID
LEFT OUTER JOIN PRODUCT_CATEGORY PC
ON PM.PD_CATEGORY_ID = PC.PD_CATEGORY_ID
LEFT OUTER JOIN SELECTED S
ON SL.SUGGEST_CODE = S.SUGGEST_CODE
LEFT OUTER JOIN DIRE_COMPLETE_SELL DCS
ON DCS.SELECTED_ID = S.SELECTED_ID
LEFT OUTER JOIN DIRE_COMPLETE_BUY DCB
ON DCB.SELECTED_ID = S.SELECTED_ID
;
--------------------------------------------------------
--  DDL for View DIRECT_PD_BANNED_VIEW
--------------------------------------------------------

  CREATE OR REPLACE FORCE VIEW "COMFIT"."DIRECT_PD_BANNED_VIEW" ("REP_ID", "REP_CONTENTS", "REP_DATE", "PD_REP_CID", "DIRE_PD_ID", "REP_HAN_DATE", "HAN_CATE_ID", "BAN_ID", "BAN_REA_DETAIL", "BAN_DATE", "BAN_CATE_ID", "PD_TITLE", "PD_REGIT_DATE", "REPORTER", "REPORTED", "AD_ID") AS 
  SELECT DPR.REP_ID, DPR.REP_CONTENTS, DPR.REP_DATE, DPR.PD_REP_CID, DPR.DIRE_PD_ID
     , DPH.REP_HAN_DATE, DPH.HAN_CATE_ID
     , DPB.BAN_ID, DPB.BAN_REA_DETAIL, DPB.BAN_DATE, DPB.BAN_CATE_ID
     , DP.PD_TITLE, DP.PD_REGIT_DATE,DPR.U_ID AS REPORTER, DP.U_ID AS REPORTED , DPH.AD_ID
FROM DIRECT_PD_REPORT DPR 
    JOIN DIRE_PD_REP_HANDLE DPH 
    ON DPR.REP_ID = DPH.REP_ID 
    JOIN DIRE_PD_BANNED DPB
    ON DPH.REP_ID = DPB.REP_ID
    JOIN DIRECT_PRODUCT DP
    ON DP.DIRE_PD_ID = DPR.DIRE_PD_ID
;
--------------------------------------------------------
--  DDL for View DIRECT_PD_USER_BANNED_VIEW
--------------------------------------------------------

  CREATE OR REPLACE FORCE VIEW "COMFIT"."DIRECT_PD_USER_BANNED_VIEW" ("U_ID", "U_EMAIL", "U_NICKNAME", "BAN_CATE_NAME", "BAN_DATE", "BAN_END_DATE", "REP_CATE_NAME", "BAN_REA_DETAIL") AS 
  SELECT REPORTED AS U_ID, U_EMAIL, U_NICKNAME, BAN_CATE_NAME, BAN_DATE
,BAN_DATE + TO_NUMBER(REPLACE(BAN_CATE_NAME,'일차단')) AS BAN_END_DATE, TRC.REP_CATE_NAME, BAN_REA_DETAIL
FROM DIRECT_TRANS_BANNED_VIEW DV
JOIN USER_INFORMATION UI
ON DV.REPORTED = UI.U_ID
JOIN BAN_CATEGORY BC
ON DV.BAN_CATE_ID = BC.BAN_CATE_ID
JOIN TRANS_REP_CATEGORY TRC
ON DV.TRANS_REP_CID = TRC.TRANS_REP_CID
;
--------------------------------------------------------
--  DDL for View DIRECT_TRANS_BANNED_VIEW
--------------------------------------------------------

  CREATE OR REPLACE FORCE VIEW "COMFIT"."DIRECT_TRANS_BANNED_VIEW" ("BAN_ID", "BAN_REA_DETAIL", "BAN_DATE", "REP_ID", "BAN_CATE_ID", "REP_HAN_DATE", "HAN_CATE_ID", "REP_CONTENTS", "REP_DATE", "TRANS_REP_CID", "SELECTED_ID", "REPORTER_ID", "SELECTED_DATE", "SUGGEST_CODE", "SUGGEST_DATE", "PD_TITLE", "PD_REGIT_DATE", "REPORTER", "REPORTED", "AD_ID") AS 
  SELECT DTB.BAN_ID, DTB.BAN_REA_DETAIL, DTB.BAN_DATE, DTB.REP_ID, DTB.BAN_CATE_ID
     , DTH.REP_HAN_DATE, DTH.HAN_CATE_ID
     , DTR.REP_CONTENTS, DTR.REP_DATE, DTR.TRANS_REP_CID, DTR.SELECTED_ID, DTR.REPORTER_ID
     , S.SELECTED_DATE, S.SUGGEST_CODE
     , SL.SUGGEST_DATE, DP.PD_TITLE, DP.PD_REGIT_DATE
     , CASE WHEN DTR.REPORTER_ID = 1 
        THEN SL.U_ID
        ELSE DP.U_ID
        END AS REPORTER
     , CASE WHEN DTR.REPORTER_ID = 1
        THEN DP.U_ID
        ELSE SL.U_ID
        END AS REPORTED
     , DTH.AD_ID 
FROM DIRE_TA_BANNED DTB
    JOIN DIRE_TA_REP_HANDLE DTH
    ON DTB.REP_ID = DTH.REP_ID
    JOIN DIRECT_TA_REPORT DTR
    ON DTH.REP_ID = DTR.REP_ID
    JOIN SELECTED S
    ON DTR.SELECTED_ID = S.SELECTED_ID
    JOIN SUGGEST_LIST SL
    ON S.SUGGEST_CODE = SL.SUGGEST_CODE
    JOIN DIRECT_PRODUCT DP
    ON SL.DIRE_PD_ID = DP.DIRE_PD_ID
;
--------------------------------------------------------
--  DDL for View DIRECT_TRANS_USER_BANNED_VIEW
--------------------------------------------------------

  CREATE OR REPLACE FORCE VIEW "COMFIT"."DIRECT_TRANS_USER_BANNED_VIEW" ("U_ID", "U_EMAIL", "U_NICKNAME", "BAN_CATE_NAME", "BAN_DATE", "BAN_END_DATE", "REP_CATE_NAME", "BAN_REA_DETAIL") AS 
  SELECT REPORTED AS U_ID, U_EMAIL, U_NICKNAME, BAN_CATE_NAME, BAN_DATE
,BAN_DATE + TO_NUMBER(REPLACE(BAN_CATE_NAME,'일차단')) AS BAN_END_DATE, PC.REP_CATE_NAME, BAN_REA_DETAIL
FROM DIRECT_PD_BANNED_VIEW DV
JOIN USER_INFORMATION UI
ON DV.REPORTED = UI.U_ID
JOIN BAN_CATEGORY BC
ON DV.BAN_CATE_ID = BC.BAN_CATE_ID
JOIN PD_REP_CATEGORY PC
ON DV.PD_REP_CID = PC.PD_REP_CID
;
--------------------------------------------------------
--  DDL for View DIRE_COMPLETE_VIEW
--------------------------------------------------------

  CREATE OR REPLACE FORCE VIEW "COMFIT"."DIRE_COMPLETE_VIEW" ("SELECTED_ID", "SELECTED_DATE", "BUYER_CODE", "SELLER_CODE", "SUGGEST_CODE", "COMPLETECOUNT") AS 
  SELECT "SELECTED_ID","SELECTED_DATE","BUYER_CODE","SELLER_CODE","SUGGEST_CODE","COMPLETECOUNT"
FROM
(
SELECT SELECTED_ID, SELECTED_DATE, BUYER_CODE, SELLER_CODE, SUGGEST_CODE
, (SELECT COUNT(*)
    FROM 
    (SELECT DIRE_COMP_SELL_ID AS COMP_ID, REVIEW, SELL_COMP_DATE AS COMP_DATE, SELECTED_ID
    FROM DIRE_COMPLETE_SELL
    UNION
    SELECT DIRE_COMP_BUY_ID AS COMP_ID, REVIEW, BUY_COMP_DATE AS COMP_DATE, SELECTED_ID
    FROM DIRE_COMPLETE_BUY)
    WHERE SELECTED_ID = S.SELECTED_ID
) AS COMPLETECOUNT
FROM SELECTED S
)
WHERE COMPLETECOUNT = 2
;
--------------------------------------------------------
--  DDL for View DIRE_INMONEY_VIEW
--------------------------------------------------------

  CREATE OR REPLACE FORCE VIEW "COMFIT"."DIRE_INMONEY_VIEW" ("U_ID", "IN_MONEY") AS 
  SELECT DP.U_ID AS U_ID, SUGGEST_PRICE AS IN_MONEY
FROM DIRE_COMPLETE_VIEW DCV
JOIN SUGGEST_LIST SL
ON DCV.SUGGEST_CODE = SL.SUGGEST_CODE
JOIN DIRECT_PRODUCT DP
ON SL.DIRE_PD_ID = DP.DIRE_PD_ID
;
--------------------------------------------------------
--  DDL for View DIRE_PD_COUNT_VIEW
--------------------------------------------------------

  CREATE OR REPLACE FORCE VIEW "COMFIT"."DIRE_PD_COUNT_VIEW" ("DIRE_PD_ID", "PD_TITLE", "PD_REGIT_DATE", "SELLER_ID", "BUYER_ID", "SUGGEST_PRICE", "SUGGEST_TIME", "SUGGEST_DATE", "SELECTED_ID", "SUGGEST_ADDR", "SUGGESTCOUNT", "SELECTEDCOUNT", "SELLCOUNT", "BUYCOUNT", "COMPLETECOUNT") AS 
  SELECT DP.DIRE_PD_ID, PD_TITLE, PD_REGIT_DATE, DP.U_ID AS SELLER_ID, SL.U_ID AS BUYER_ID
, SUGGEST_PRICE, SUGGEST_TIME, SUGGEST_DATE, S.SELECTED_ID
, (SUGGEST_PLACE || ' ' || PLACE_DETAIL) AS SUGGEST_ADDR
, (SELECT COUNT(*)
            FROM SUGGEST_LIST
            WHERE DIRE_PD_ID = DP.DIRE_PD_ID) AS SUGGESTCOUNT
, (SELECT COUNT(*)
            FROM SELECTED
            WHERE SUGGEST_CODE = SL.SUGGEST_CODE) AS SELECTEDCOUNT
, (SELECT COUNT(*)
            FROM DIRE_COMPLETE_SELL
            WHERE SELECTED_ID = S.SELECTED_ID) AS SELLCOUNT
, (SELECT COUNT(*)
            FROM DIRE_COMPLETE_BUY
            WHERE SELECTED_ID = S.SELECTED_ID) AS BUYCOUNT
, (SELECT COUNT(*)
            FROM DIRE_COMPLETE_SELL
            WHERE SELECTED_ID = S.SELECTED_ID)
+ (SELECT COUNT(*)
            FROM DIRE_COMPLETE_BUY
            WHERE SELECTED_ID = S.SELECTED_ID) AS COMPLETECOUNT
FROM DIRECT_PRODUCT DP
    LEFT OUTER JOIN SUGGEST_LIST SL
    ON SL.DIRE_PD_ID = DP.DIRE_PD_ID
    LEFT OUTER JOIN SELECTED S
    ON SL.SUGGEST_CODE = S.SUGGEST_CODE
    LEFT OUTER JOIN DIRE_COMPLETE_SELL DCS
    ON DCS.SELECTED_ID = S.SELECTED_ID
    LEFT OUTER JOIN DIRE_COMPLETE_BUY DCV
    ON DCV.SELECTED_ID = S.SELECTED_ID
;
--------------------------------------------------------
--  DDL for View DIRE_PD_LIST_REALVIEW
--------------------------------------------------------

  CREATE OR REPLACE FORCE VIEW "COMFIT"."DIRE_PD_LIST_REALVIEW" ("PD_ID", "PD_TITLE", "PD_NAME", "PD_PHOTO", "PD_AS_REMAIN", "PD_HITCOUNT", "PRICE", "PD_HOPE_SDATE", "PD_HOPE_EDATE", "PD_HOPE_STIME", "PD_HOPE_ETIME", "PD_HOPE_PLACE", "PD_REGIT_DATE", "PD_MAKER_ID", "PD_AS_ID", "PD_AS_NAME", "CATEGORY_NAME", "SELLER", "U_NICKNAME", "MAKER_NAME", "MAKER_NAME2", "CF_PRICE", "COMMENTS", "PROFILE") AS 
  SELECT DP.DIRE_PD_ID AS PD_ID, DP.PD_TITLE, DP.PD_NAME, DP.PD_PHOTO, DP.PD_AS_REMAIN, DP.PD_HITCOUNT
     , DP.PD_HOPEPRICE AS PRICE, DP.PD_HOPE_SDATE, DP.PD_HOPE_EDATE, DP.PD_HOPE_STIME, DP.PD_HOPE_ETIME
     , DP.PD_HOPE_PLACE, DP.PD_REGIT_DATE, DP.PD_MAKER_ID, DP.PD_AS_ID, PA.PD_AS_NAME, PC.CATEGORY_NAME
     , DP.U_ID AS SELLER, UI.U_NICKNAME, PM.MAKER_NAME, PM.MAKER_NAME2, DP.CF_PRICE, NVL(DP.COMMENTS, '특이사항 없음') AS COMMENTS
     , ui.U_PROFILE AS PROFILE
FROM DIRECT_PRODUCT DP JOIN PRODUCT_MAKER PM
     ON DP.PD_MAKER_ID = PM.PD_MAKER_ID 
        JOIN PRODUCT_CATEGORY PC
          ON PM.PD_CATEGORY_ID = PC.PD_CATEGORY_ID
             JOIN PRODUCT_AS PA
               ON DP.PD_AS_ID = PA.PD_AS_ID
                  JOIN COMFIT_USER CU
                    ON DP.U_ID = CU.U_ID
                       JOIN USER_INFORMATION UI
                         ON CU.U_ID = UI.U_ID
;
--------------------------------------------------------
--  DDL for View DIRE_PD_NEAR_VIEW
--------------------------------------------------------

  CREATE OR REPLACE FORCE VIEW "COMFIT"."DIRE_PD_NEAR_VIEW" ("PD_ID", "PD_NAME", "PRICE", "LAT", "LON", "PD_PHOTO", "PD_TITLE") AS 
  SELECT DP.DIRE_PD_ID AS PD_ID, PD_NAME AS PD_NAME
     , DP.PD_HOPEPRICE AS PRICE
     , TO_NUMBER(SUBSTR(DP.PD_HOPE_MGRS, 0, INSTR(DP.PD_HOPE_MGRS, '/', 1)-1)) AS LAT
     , TO_NUMBER(SUBSTR(DP.PD_HOPE_MGRS, INSTR(DP.PD_HOPE_MGRS, '/', 1)+1)) AS LON
     , DP.PD_PHOTO, DP.PD_TITLE
FROM DIRECT_PRODUCT DP JOIN PRODUCT_MAKER PM
     ON DP.PD_MAKER_ID = PM.PD_MAKER_ID
        JOIN PRODUCT_CATEGORY PC
          ON PM.PD_CATEGORY_ID = PC.PD_CATEGORY_ID
             JOIN COMFIT_USER CU
               ON DP.U_ID = CU.U_ID
                  JOIN USER_INFORMATION UI
                    ON CU.U_ID = UI.U_ID
WHERE DP.DIRE_PD_ID != (SELECT DISTINCT(PD_ID)
                        FROM DIRE_PD_REP_VIEW
                        WHERE PD_ID = 'dire_1')
;
--------------------------------------------------------
--  DDL for View DIRE_PD_REP_VIEW
--------------------------------------------------------

  CREATE OR REPLACE FORCE VIEW "COMFIT"."DIRE_PD_REP_VIEW" ("PD_ID") AS 
  SELECT DR.PD_ID AS PD_ID
FROM
(
SELECT DIRE_PD_ID AS PD_ID
FROM DIRECT_PD_REPORT
UNION ALL
SELECT SL.DIRE_PD_ID AS PD_ID 
FROM DIRECT_TA_REPORT DTR JOIN SELECTED S
     ON DTR.SELECTED_ID = S.SELECTED_ID
        JOIN SUGGEST_LIST SL 
          ON S.SUGGEST_CODE = SL.SUGGEST_CODE
) DR
;
--------------------------------------------------------
--  DDL for View DIRE_PRODUCT_VIEW
--------------------------------------------------------

  CREATE OR REPLACE FORCE VIEW "COMFIT"."DIRE_PRODUCT_VIEW" ("PD_ID", "PD_NAME", "CATE_NAME", "REGIT_DATE", "U_EMAIL", "PD_TITLE", "SCD", "BCD", "PRICE") AS 
  SELECT DP.DIRE_PD_ID AS PD_ID, PD_NAME AS PD_NAME, PC.CATEGORY_NAME AS CATE_NAME
     , DP.PD_REGIT_DATE AS REGIT_DATE, UI.U_EMAIL AS U_EMAIL, PD_TITLE AS PD_TITLE
     , DCS.SELL_COMP_DATE AS SCD, DCB.BUY_COMP_DATE AS BCD, DP.PD_HOPEPRICE AS PRICE
FROM DIRECT_PRODUCT DP JOIN PRODUCT_MAKER PM
     ON DP.PD_MAKER_ID = PM.PD_MAKER_ID
        JOIN PRODUCT_CATEGORY PC
          ON PM.PD_CATEGORY_ID = PC.PD_CATEGORY_ID
          JOIN SUGGEST_LIST SL
            ON DP.DIRE_PD_ID = SL.DIRE_PD_ID
            JOIN SELECTED ST
              ON SL.SUGGEST_CODE = ST.SUGGEST_CODE
              JOIN DIRE_COMPLETE_SELL DCS
                ON ST.SELECTED_ID = DCS.SELECTED_ID
                JOIN DIRE_COMPLETE_BUY DCB
                  ON ST.SELECTED_ID = DCB.SELECTED_ID
                  JOIN COMFIT_USER CU
                  ON DP.U_ID = CU.U_ID
                  JOIN USER_INFORMATION UI
                    ON CU.U_ID = UI.U_ID
;
--------------------------------------------------------
--  DDL for View DIRE_SELL_LIST
--------------------------------------------------------

  CREATE OR REPLACE FORCE VIEW "COMFIT"."DIRE_SELL_LIST" ("DIRE_PD_ID", "PD_TITLE", "PD_REGIT_DATE", "SUGGEST_TIME", "SUGGEST_DATE", "SELECTED_ID", "COMP_DATE", "SELLER_ID", "BUYER_ID", "SUGGEST_PRICE", "SUGGEST_ADDR", "STATUS") AS 
  SELECT DIRE_PD_ID, PD_TITLE, PD_REGIT_DATE
, SUGGEST_TIME, SUGGEST_DATE, SELECTED_ID
, (SELECT COMP_DATE
    FROM
    ( SELECT SELECTED_ID, COMP_DATE, RANK() OVER (PARTITION BY SELECTED_ID ORDER BY COMP_DATE DESC) AS RANK
        FROM
        (
        SELECT DIRE_COMP_SELL_ID AS COMP_ID ,  REVIEW, SELL_COMP_DATE AS COMP_DATE, SELECTED_ID
        FROM DIRE_COMPLETE_SELL
        UNION
        SELECT DIRE_COMP_BUY_ID AS COMP_ID, REVIEW, BUY_COMP_DATE AS COMP_DATE, SELECTED_ID
        FROM DIRE_COMPLETE_BUY
        )
    )
    WHERE RANK = 1
    AND SELECTED_ID = DPCV.SELECTED_ID
    ) AS COMP_DATE
, SELLER_ID, BUYER_ID, SUGGEST_PRICE, SUGGEST_ADDR
,(CASE WHEN COMPLETECOUNT = 2 THEN '거래완료'
WHEN BUYCOUNT = 1 AND SELLCOUNT = 0 THEN '판매확정대기중'
WHEN SELLCOUNT = 1 AND BUYCOUNT = 0 THEN '구매확정대기중'
WHEN SELECTEDCOUNT = 1 AND COMPLETECOUNT = 0 THEN '거래중'
WHEN PD_REGIT_DATE +4 < SYSDATE THEN '거래시간만료'
WHEN (SELECT MAX(SELECTEDCOUNT)
        FROM DIRE_PD_COUNT_VIEW
        WHERE DIRE_PD_ID = DPCV.DIRE_PD_ID
        GROUP BY DIRE_PD_ID) > SELECTEDCOUNT
        THEN '다른제안이채택됨'
WHEN SUGGESTCOUNT > 0 THEN '제안거래중'
WHEN SUGGESTCOUNT = 0 THEN '제안대기중' 
ELSE '에러' 
END) AS STATUS
FROM DIRE_PD_COUNT_VIEW DPCV
;
--------------------------------------------------------
--  DDL for View MGRS_VIEW
--------------------------------------------------------

  CREATE OR REPLACE FORCE VIEW "COMFIT"."MGRS_VIEW" ("LAT", "LON", "PD_ID") AS 
  SELECT SUBSTR(PD_HOPE_MGRS, 0, INSTR(PD_HOPE_MGRS, '/', 1)-1) AS LAT
     , SUBSTR(PD_HOPE_MGRS, INSTR(PD_HOPE_MGRS, '/', 1)+1) AS LON
     , DIRE_PD_ID AS PD_ID
FROM DIRECT_PRODUCT
;
--------------------------------------------------------
--  DDL for View MONEY_INOUT_VIEW
--------------------------------------------------------

  CREATE OR REPLACE FORCE VIEW "COMFIT"."MONEY_INOUT_VIEW" ("M_ID", "M_DATE", "M_MONEY", "U_ID") AS 
  SELECT IN_M_ID AS M_ID, IN_DATE AS M_DATE, IN_MONEY AS M_MONEY, U_ID   
FROM INPUT_MONEY
UNION
SELECT OUT_M_ID AS M_ID, OUT_DATE AS M_DATE, OUT_MONEY AS M_MONEY, U_ID
FROM OUTPUT_MONEY
;
--------------------------------------------------------
--  DDL for View MYLEVEL_VIEW
--------------------------------------------------------

  CREATE OR REPLACE FORCE VIEW "COMFIT"."MYLEVEL_VIEW" ("U_ID", "USER_LEVEL") AS 
  SELECT U_ID ,CASE TRUNC(SQRT((SUM(USER_EXP))/2))
WHEN 0
THEN 1
ELSE TRUNC(SQRT((SUM(USER_EXP))/2)) 
END AS USER_LEVEL
FROM USER_LEVEL_VIEW
group by U_id
;
--------------------------------------------------------
--  DDL for View MY_PRODUCT_LIST
--------------------------------------------------------

  CREATE OR REPLACE FORCE VIEW "COMFIT"."MY_PRODUCT_LIST" ("PD_ID", "PD_TITLE", "PD_PRICE", "SYSTEM", "PD_REGIT_DATE", "TIME", "COMP_DATE", "SELLER_ID", "BUYER_ID", "ADDRESS", "STATUS", "BSE_ID") AS 
  SELECT DELI_PD_ID AS PD_ID, PD_TITLE, NVL(BID_PRICE, PD_START_PRICE) AS PD_PRICE
, '택배(경매)' AS SYSTEM
, PD_REGIT_DATE, NULL AS TIME, COMP_DATE, SELLER_ID, BUYER_ID, ADDRESS, STATUS, BS_ID AS BSE_ID
FROM DELI_SELL_LIST
UNION
SELECT DIRE_PD_ID AS PD_ID, PD_TITLE, SUGGEST_PRICE AS PD_PRICE
, '직거래(제안거래)' AS SYSTEM
, PD_REGIT_DATE, SUGGEST_TIME AS TIME, COMP_DATE, SELLER_ID, BUYER_ID, SUGGEST_ADDR AS ADDRESS, STATUS, SELECTED_ID AS BSE_ID
FROM DIRE_SELL_LIST
;
--------------------------------------------------------
--  DDL for View PD_LIST_MAIN_VIEW
--------------------------------------------------------

  CREATE OR REPLACE FORCE VIEW "COMFIT"."PD_LIST_MAIN_VIEW" ("PD_ID", "PD_TITLE", "PRICE", "PD_REGIT_DATE", "PD_PHOTO") AS 
  SELECT PD_ID, PD_TITLE, PRICE, PD_REGIT_DATE ,PD_PHOTO
FROM DELI_PD_LIST_REALVIEW
UNION ALL
SELECT PD_ID, PD_TITLE, PRICE, PD_REGIT_DATE, PD_PHOTO
FROM DIRE_PD_LIST_REALVIEW
;
--------------------------------------------------------
--  DDL for View PD_LIST_VIEW
--------------------------------------------------------

  CREATE OR REPLACE FORCE VIEW "COMFIT"."PD_LIST_VIEW" ("PD_ID", "CATEGORY_NAME", "PD_REGIT_DATE", "U_ID", "PD_TITLE", "DEAL_TYPE", "PD_PRICE", "SYSTEM", "COMP_DATE", "SELLER_ID", "BUYER_ID", "STATUS", "PD_PHOTO") AS 
  SELECT PLV.PD_ID, PLV.CATEGORY_NAME, PLV.PD_REGIT_DATE, PLV.U_ID, PLV.PD_TITLE, PLV.DEAL_TYPE, PLV.PD_PRICE
        , PLV.SYSTEM, PLV.COMP_DATE, PLV.SELLER_ID, PLV.BUYER_ID, PLV.STATUS
     , NVL(DP1.PD_PHOTO,DP2.PD_PHOTO) AS PD_PHOTO
FROM PD_LIST_VIEW_TEST PLV
LEFT OUTER JOIN DELIVERY_PRODUCT DP1
ON PLV.PD_ID = DP1.DELI_PD_ID
LEFT OUTER JOIN DIRECT_PRODUCT DP2
ON PLV.PD_ID = DP2.DIRE_PD_ID
;
--------------------------------------------------------
--  DDL for View PD_LIST_VIEW_TEST
--------------------------------------------------------

  CREATE OR REPLACE FORCE VIEW "COMFIT"."PD_LIST_VIEW_TEST" ("PD_ID", "CATEGORY_NAME", "PD_REGIT_DATE", "U_ID", "PD_TITLE", "DEAL_TYPE", "DEAL_STATUS", "PD_PRICE", "SYSTEM", "TIME", "COMP_DATE", "SELLER_ID", "BUYER_ID", "ADDRESS", "STATUS") AS 
  SELECT PD_ID, CATEGORY_NAME, PD_REGIT_DATE, U_ID, PD_TITLE, DEAL_TYPE, DEAL_STATUS
, NVL(PD_PRICE, (SELECT PD_HOPEPRICE
                FROM DIRECT_PRODUCT
                WHERE DIRE_PD_ID = PV.PD_ID)) AS PD_PRICE, SYSTEM, TIME, COMP_DATE, SELLER_ID, BUYER_ID, ADDRESS, STATUS
FROM PRODUCTLIST_VIEW PV
;
--------------------------------------------------------
--  DDL for View PRODUCTLIST_VIEW
--------------------------------------------------------

  CREATE OR REPLACE FORCE VIEW "COMFIT"."PRODUCTLIST_VIEW" ("PD_ID", "CATEGORY_NAME", "PD_REGIT_DATE", "U_ID", "PD_TITLE", "DEAL_TYPE", "DEAL_STATUS", "PD_PRICE", "SYSTEM", "TIME", "COMP_DATE", "SELLER_ID", "BUYER_ID", "ADDRESS", "STATUS") AS 
  SELECT PD_ID, CATEGORY_NAME, PD_REGIT_DATE, U_ID, PD_TITLE, DEAL_TYPE
, DEAL_STATUS, PD_PRICE, SYSTEM, TIME, COMP_DATE, SELLER_ID, BUYER_ID, ADDRESS, STATUS
FROM
(
SELECT PLV.PD_ID, CATEGORY_NAME, PLV.PD_REGIT_DATE, U_ID, PLV.PD_TITLE, DEAL_TYPE
, DEAL_STATUS, PD_PRICE, SYSTEM, TIME, COMP_DATE, SELLER_ID, BUYER_ID, ADDRESS, STATUS
, ROW_NUMBER() OVER(PARTITION BY MPL.PD_ID ORDER BY MPL.STATUS ASC) AS RN
FROM PRODUCT_LIST_VIEW PLV
    JOIN MY_PRODUCT_LIST MPL
    ON PLV.PD_ID = MPL.PD_ID
    ORDER BY DEAL_STATUS DESC, PD_REGIT_DATE DESC
)
WHERE RN=1
;
--------------------------------------------------------
--  DDL for View PRODUCT_LIST_VIEW
--------------------------------------------------------

  CREATE OR REPLACE FORCE VIEW "COMFIT"."PRODUCT_LIST_VIEW" ("PD_ID", "CATEGORY_NAME", "PD_REGIT_DATE", "U_ID", "PD_TITLE", "DEAL_TYPE", "DEAL_STATUS") AS 
  SELECT PD_ID, CATEGORY_NAME, PD_REGIT_DATE, U_ID, PD_TITLE, DEAL_TYPE, DEAL_STATUS
FROM
(
SELECT DISTINCT PD_NUM, PD_ID, CATEGORY_NAME, PD_REGIT_DATE, U_ID, PD_TITLE, DEAL_TYPE, DEAL_STATUS
, ROW_NUMBER() OVER(PARTITION BY PD_ID ORDER BY DEAL_STATUS ASC) AS RN
FROM TOTAL_PD_LIST_VIEW
ORDER BY DEAL_STATUS DESC, PD_REGIT_DATE DESC
)
WHERE RN=1
;
--------------------------------------------------------
--  DDL for View PRODUCT_LIST_VIEW2
--------------------------------------------------------

  CREATE OR REPLACE FORCE VIEW "COMFIT"."PRODUCT_LIST_VIEW2" ("PD_ID", "CATEGORY_NAME", "PD_REGIT_DATE", "U_ID", "PD_TITLE", "DEAL_TYPE", "PD_PRICE", "SYSTEM", "COMP_DATE", "SELLER_ID", "BUYER_ID", "STATUS", "PD_PHOTO", "BLIND") AS 
  SELECT PLV.PD_ID, CATEGORY_NAME, PD_REGIT_DATE, U_ID, PD_TITLE, DEAL_TYPE
	, PD_PRICE, SYSTEM, COMP_DATE, SELLER_ID, BUYER_ID, STATUS, PD_PHOTO
    , NVL(BLIND, 'NOT') AS BLIND
	FROM PD_LIST_VIEW PLV
LEFT OUTER JOIN PRODUCT_REPORT_VIEW PRV
ON PLV.PD_ID = PRV.PD_ID
;
--------------------------------------------------------
--  DDL for View PRODUCT_REPORT_VIEW
--------------------------------------------------------

  CREATE OR REPLACE FORCE VIEW "COMFIT"."PRODUCT_REPORT_VIEW" ("REPOTED", "PD_ID", "REPOTER", "REP_CONTENTS", "HANDLE", "REP_DATE", "HAN_DATE", "BLIND") AS 
  SELECT REPOTED, PD_ID, REPOTER, REP_CONTENTS, HANDLE, REP_DATE, HAN_DATE
, 
CASE WHEN HANDLE = 1 OR HANDLE = 4
THEN 'NOBLIND' 
ELSE 'BLIND'
END AS BLIND 
FROM
(
SELECT DP.U_ID "REPOTED", DPR.DELI_PD_ID "PD_ID", DPR.U_ID "REPOTER", DPR.REP_CONTENTS "REP_CONTENTS", DPH.HAN_CATE_ID "HANDLE", DPR.REP_DATE "REP_DATE", DPH.REP_HAN_DATE"HAN_DATE"
FROM DELIVERY_PD_REPORT DPR 
    LEFT OUTER JOIN DELI_PD_REP_HANDLE DPH 
    ON DPR.REP_ID = DPH.REP_ID 
    LEFT OUTER JOIN DELI_PD_BANNED DPB
    ON DPH.REP_ID = DPB.REP_ID
    LEFT OUTER JOIN DELIVERY_PRODUCT DP
    ON DP.DELI_PD_ID = DPR.DELI_PD_ID
UNION
SELECT DP.U_ID "REPOTED", DPR.DIRE_PD_ID "PD_ID", DPR.U_ID "REPOTER", DPR.REP_CONTENTS "REP_CONTENTS", DPH.HAN_CATE_ID "HANDLE", DPR.REP_DATE "REP_DATE", DPH.REP_HAN_DATE"HAN_DATE"
FROM DIRECT_PD_REPORT DPR 
    LEFT OUTER JOIN DIRE_PD_REP_HANDLE DPH 
    ON DPR.REP_ID = DPH.REP_ID 
    LEFT OUTER JOIN DIRE_PD_BANNED DPB
    ON DPH.REP_ID = DPB.REP_ID
    LEFT OUTER JOIN DIRECT_PRODUCT DP
    ON DP.DIRE_PD_ID = DPR.DIRE_PD_ID
)
;
--------------------------------------------------------
--  DDL for View SELECT_CHECK_VIEW
--------------------------------------------------------

  CREATE OR REPLACE FORCE VIEW "COMFIT"."SELECT_CHECK_VIEW" ("PD_ID", "SUGGEST_CODE") AS 
  SELECT DP.DIRE_PD_ID AS PD_ID, S.SUGGEST_CODE AS SUGGEST_CODE
FROM SELECTED S JOIN SUGGEST_LIST SL
     ON S.SUGGEST_CODE = SL.SUGGEST_CODE
        JOIN DIRECT_PRODUCT DP
          ON SL.DIRE_PD_ID = DP.DIRE_PD_ID
;
--------------------------------------------------------
--  DDL for View SUGGEST_LIST_REALVIEW
--------------------------------------------------------

  CREATE OR REPLACE FORCE VIEW "COMFIT"."SUGGEST_LIST_REALVIEW" ("SUGGEST_CODE", "U_NICKNAME", "PRICE", "SUGGEST_TIME", "SUGGEST_PLACE", "PLACE_DETAIL", "SUGGEST_DATE", "DIRE_PD_ID", "PROFILE") AS 
  SELECT SL.SUGGEST_CODE, UI.U_NICKNAME, SL.SUGGEST_PRICE AS PRICE, SL.SUGGEST_TIME, SL.SUGGEST_PLACE
     , SL.PLACE_DETAIL, SL.SUGGEST_DATE, SL.DIRE_PD_ID
     , UI.U_PROFILE AS PROFILE
FROM SUGGEST_LIST SL JOIN COMFIT_USER CU
     ON SL.U_ID = CU.U_ID
        JOIN USER_INFORMATION UI
          ON CU.U_ID = UI.U_ID
;
--------------------------------------------------------
--  DDL for View SUGGEST_SELECTEDCOUNT_VIEW
--------------------------------------------------------

  CREATE OR REPLACE FORCE VIEW "COMFIT"."SUGGEST_SELECTEDCOUNT_VIEW" ("SUGGEST_CODE", "SUGGEST_PRICE", "SUGGEST_TIME", "SUGGEST_DATE", "SUGGEST_PLACE", "PLACE_DETAIL", "U_ID", "DIRE_PD_ID", "ALARM_CODE", "SELECTEDCOUNT") AS 
  SELECT SUGGEST_CODE, SUGGEST_PRICE, SUGGEST_TIME, SUGGEST_DATE, SUGGEST_PLACE
, PLACE_DETAIL, U_ID, DIRE_PD_ID, ALARM_CODE,
(
    SELECT COUNT(*) AS COUNT
    FROM
    (SELECT SELECTED_ID, SELECTED_DATE, BUYER_CODE, SELLER_CODE, SUGGEST_CODE AS SG_CODE, ALARM_CODE
     FROM SELECTED
    ) A
    WHERE SG_CODE = SUGGEST_CODE
) AS SELECTEDCOUNT
FROM SUGGEST_LIST
;
--------------------------------------------------------
--  DDL for View TEST01_VIEW
--------------------------------------------------------

  CREATE OR REPLACE FORCE VIEW "COMFIT"."TEST01_VIEW" ("DELI_PD_NUM", "PD_REGIT_DATE", "PD_TITLE", "DELI_PD_ID", "U_ID", "PD_STATUS", "CATEGORY_NAME", "PD_NAME", "PD_MAKER_ID", "B_U_ID", "BID_PRICE", "BID_DATE", "ADDRESS", "BUY_COMP_DATE", "SELL_COMP_DATE", "PD_DELI_NUM", "BS_ID") AS 
  SELECT SUBSTR(DP.DELI_PD_ID, 6, 3) AS DELI_PD_NUM, DP.PD_REGIT_DATE AS PD_REGIT_DATE, DP.PD_TITLE AS PD_TITLE
,CASE
WHEN SUBSTR(DP.DELI_PD_ID, 1, 4) = 'deli'
THEN '택배거래'
ELSE '직거래'
END AS DELI_PD_ID
, DP.U_ID AS U_ID
, CASE
WHEN DCS.SELL_COMP_DATE IS NOT NULL AND DCB.BUY_COMP_DATE IS NOT NULL
THEN '거래완료'
ELSE '거래중'
END AS PD_STATUS
, PC.CATEGORY_NAME AS CATEGORY_NAME, DP.PD_NAME AS PD_NAME, DP.PD_MAKER_ID AS PD_MAKER_ID
, BL.U_ID AS B_U_ID, BL.BID_PRICE AS BID_PRICE, BL.BID_DATE AS BID_DATE, CONCAT(BL.ADDRESS, BL.ADDR_DETAIL) AS ADDRESS
, DCB.BUY_COMP_DATE AS BUY_COMP_DATE, DCS.SELL_COMP_DATE AS SELL_COMP_DATE, DCS.PD_DELI_NUM AS PD_DELI_NUM
, CASE
WHEN BS.BS_ID IS NOT NULL
THEN '낙찰'
ELSE '유찰'
END AS BS_ID
FROM DELIVERY_PRODUCT DP JOIN PRODUCT_MAKER PM
ON DP.PD_MAKER_ID = PM.PD_MAKER_ID
LEFT OUTER JOIN PRODUCT_CATEGORY PC
ON PM.PD_CATEGORY_ID = PC.PD_CATEGORY_ID
LEFT OUTER JOIN BID_LIST BL
ON DP.DELI_PD_ID = BL.DELI_PD_ID
LEFT OUTER JOIN BID_SUCCESS BS
ON BL.BID_CODE = BS.BID_CODE
LEFT OUTER JOIN DELI_COMPLETE_SELL DCS
ON DCS.BS_ID = BS.BS_ID
LEFT OUTER JOIN DELI_COMPLETE_BUY DCB
ON DCB.BS_ID = BS.BS_ID
;
--------------------------------------------------------
--  DDL for View TOTAL_DEAL_VIEW
--------------------------------------------------------

  CREATE OR REPLACE FORCE VIEW "COMFIT"."TOTAL_DEAL_VIEW" ("DELI_PD_ID", "CATEGORY_NAME", "PD_REGIT_DATE", "U_ID", "PD_TITLE", "DEAL_TYPE", "DEAL_STATUS") AS 
  SELECT deli_pd_id, CATEGORY_NAME, PD_REGIT_DATE, U_ID, PD_TITLE, deal_type, deal_status
FROM DELIVEREY_DEAL_VIEW
UNION
SELECT DIRE_PD_ID, CATEGORY_NAME, PD_REGIT_DATE, U_ID, PD_TITLE, deal_type, deal_status
FROM DIRECT_DEAL_VIEW
;
--------------------------------------------------------
--  DDL for View TOTAL_DIRECT_VIEW
--------------------------------------------------------

  CREATE OR REPLACE FORCE VIEW "COMFIT"."TOTAL_DIRECT_VIEW" ("PD_NUM", "PD_REGIT_DATE", "PD_TITLE", "DEAL_TYPE", "U_ID", "DEAL_STATUS", "SELLER_CODE", "BUYER_CODE", "SELL_OK", "BUY_OK", "SUGGEST_PRICE") AS 
  SELECT SUBSTR(DP.DIRE_PD_ID, 6, 3) AS PD_NUM, DP.PD_REGIT_DATE PD_REGIT_DATE, DP.PD_TITLE PD_TITLE
,CASE
WHEN SUBSTR(DP.DIRE_PD_ID, 1, 4) = 'dire'
THEN '직거래'
ELSE '택배거래'
END AS deal_type
, DP.U_ID U_ID
, CASE
WHEN DCS.SELL_COMP_DATE IS NOT NULL AND DCB.BUY_COMP_DATE IS NOT NULL
THEN '거래완료'
ELSE '거래중'
END AS deal_status
, S.SELLER_CODE SELLER_CODE, S.BUYER_CODE BUYER_CODE
, CASE
WHEN DCS.SELL_COMP_DATE IS NOT NULL 
THEN 'y'
ELSE 'n'
END AS SELL_OK
, CASE
WHEN DCB.BUY_COMP_DATE IS NOT NULL 
THEN 'y'
ELSE 'n'
END AS BUY_OK
, sl.suggest_price suggest_price
FROM DIRECT_PRODUCT DP LEFT JOIN SUGGEST_LIST SL
ON DP.DIRE_PD_ID = SL.DIRE_PD_ID
LEFT JOIN PRODUCT_MAKER PM
ON DP.PD_MAKER_ID = PM.PD_MAKER_ID
LEFT JOIN PRODUCT_CATEGORY PC
ON PM.PD_CATEGORY_ID = PC.PD_CATEGORY_ID
LEFT JOIN SELECTED S
ON SL.SUGGEST_CODE = S.SUGGEST_CODE
LEFT JOIN DIRE_COMPLETE_SELL DCS
ON S.SELECTED_ID = DCS.SELECTED_ID
LEFT JOIN DIRE_COMPLETE_BUY DCB
ON S.SELECTED_ID = DCB.SELECTED_ID
;
--------------------------------------------------------
--  DDL for View TOTAL_DIRECT_VIEW2
--------------------------------------------------------

  CREATE OR REPLACE FORCE VIEW "COMFIT"."TOTAL_DIRECT_VIEW2" ("PD_NUM", "CATEGORY_NAME", "PD_NAME", "MAKER_NAME", "PD_HOPEPRICE", "PD_HOPE_PLACE", "HOPE_SATE", "HOPE_TIME") AS 
  SELECT SUBSTR(DP.DIRE_PD_ID, 6, 3) PD_NUM, PC.CATEGORY_NAME CATEGORY_NAME, DP.PD_NAME PD_NAME, PM.MAKER_NAME MAKER_NAME, DP.PD_HOPEPRICE PD_HOPEPRICE, DP.PD_HOPE_PLACE PD_HOPE_PLACE
, DP.PD_HOPE_SDATE || ' ~ ' || DP.PD_HOPE_EDATE HOPE_SATE, DP.PD_HOPE_STIME || ' ~ ' || DP.PD_HOPE_ETIME HOPE_TIME
FROM DIRECT_PRODUCT DP LEFT JOIN PRODUCT_MAKER PM
ON DP.PD_MAKER_ID = PM.PD_MAKER_ID
LEFT JOIN PRODUCT_CATEGORY PC
ON PM.PD_CATEGORY_ID = PC.PD_CATEGORY_ID
;
--------------------------------------------------------
--  DDL for View TOTAL_DIRECT_VIEW3
--------------------------------------------------------

  CREATE OR REPLACE FORCE VIEW "COMFIT"."TOTAL_DIRECT_VIEW3" ("PD_NUM", "DIRE_PD_ID", "U_ID", "SUGGEST_PRICE", "SUGGEST_TIME", "HOPE_SATE") AS 
  SELECT SUBSTR(DP.DIRE_PD_ID, 6, 3) PD_NUM, DP.DIRE_PD_ID, SL.U_ID U_ID, SL.SUGGEST_PRICE SUGGEST_PRICE, SL.SUGGEST_TIME SUGGEST_TIME, SUGGEST_PLACE || PLACE_DETAIL HOPE_SATE
FROM DIRECT_PRODUCT DP LEFT JOIN SUGGEST_LIST SL
ON DP.DIRE_PD_ID = SL.DIRE_PD_ID
LEFT JOIN SELECTED S
ON SL.SUGGEST_CODE = S.SUGGEST_CODE
LEFT JOIN DIRE_COMPLETE_SELL DCS
ON S.SELECTED_ID = DCS.SELECTED_ID
LEFT JOIN DIRE_COMPLETE_BUY DCB
ON S.SELECTED_ID = DCB.SELECTED_ID
WHERE S.SELECTED_ID IS NOT NULL
;
--------------------------------------------------------
--  DDL for View TOTAL_DIRECT_VIEW4
--------------------------------------------------------

  CREATE OR REPLACE FORCE VIEW "COMFIT"."TOTAL_DIRECT_VIEW4" ("PD_NUM", "DIRE_PD_ID", "BUY_COMP_DATE", "SUGGEST_PRICE", "SUGGEST_TIME", "HOPE_SATE") AS 
  SELECT SUBSTR(DP.DIRE_PD_ID, 6, 3) PD_NUM, DP.DIRE_PD_ID, DCB.BUY_COMP_DATE BUY_COMP_DATE, SL.SUGGEST_PRICE SUGGEST_PRICE, SL.SUGGEST_TIME SUGGEST_TIME, SL.SUGGEST_PLACE || SL.PLACE_DETAIL HOPE_SATE
FROM DIRECT_PRODUCT DP LEFT JOIN SUGGEST_LIST SL
ON DP.DIRE_PD_ID = SL.DIRE_PD_ID
LEFT JOIN SELECTED S
ON SL.SUGGEST_CODE = S.SUGGEST_CODE
LEFT JOIN DIRE_COMPLETE_BUY DCB
ON S.SELECTED_ID = DCB.SELECTED_ID
WHERE S.SELECTED_ID IS NOT NULL
;
--------------------------------------------------------
--  DDL for View TOTAL_DIRECT_VIEW5
--------------------------------------------------------

  CREATE OR REPLACE FORCE VIEW "COMFIT"."TOTAL_DIRECT_VIEW5" ("PD_NUM", "S_U_ID", "SUGGEST_DATE", "SUGGEST_PRICE", "DEAL_STATUS") AS 
  SELECT SUBSTR(DP.DIRE_PD_ID, 6, 3) PD_NUM
,SL.U_ID S_U_ID
,SL.SUGGEST_DATE SUGGEST_DATE
,SL.SUGGEST_PRICE SUGGEST_PRICE
,CASE
WHEN DCS.SELL_COMP_DATE IS NOT NULL 
THEN '낙찰'
ELSE '유찰'
END AS DEAL_STATUS
FROM SUGGEST_LIST SL LEFT JOIN DIRECT_PRODUCT DP 
ON DP.DIRE_PD_ID = SL.DIRE_PD_ID
LEFT JOIN PRODUCT_MAKER PM
ON DP.PD_MAKER_ID = PM.PD_MAKER_ID
LEFT JOIN PRODUCT_CATEGORY PC
ON PM.PD_CATEGORY_ID = PC.PD_CATEGORY_ID
LEFT JOIN SELECTED S
ON SL.SUGGEST_CODE = S.SUGGEST_CODE
LEFT JOIN DIRE_COMPLETE_SELL DCS
ON DCS.SELECTED_ID = S.SELECTED_ID
LEFT JOIN DIRE_COMPLETE_BUY DCB
ON DCB.SELECTED_ID = S.SELECTED_ID
;
--------------------------------------------------------
--  DDL for View TOTAL_PD_LIST_VIEW
--------------------------------------------------------

  CREATE OR REPLACE FORCE VIEW "COMFIT"."TOTAL_PD_LIST_VIEW" ("PD_NUM", "PD_ID", "CATEGORY_NAME", "PD_REGIT_DATE", "U_ID", "PD_TITLE", "DEAL_TYPE", "DEAL_STATUS") AS 
  SELECT SUBSTR(DP.DELI_PD_ID, 6, 3) AS PD_NUM, DP.DELI_PD_ID AS PD_ID, PC.CATEGORY_NAME, DP.PD_REGIT_DATE PD_REGIT_DATE, DP.U_ID U_ID, DP.PD_TITLE PD_TITLE
,CASE
WHEN SUBSTR(DP.DELI_PD_ID, 1, 4) = 'deli'
THEN '택배거래'
ELSE '직거래'
END AS DEAL_TYPE
, CASE
WHEN DCS.SELL_COMP_DATE IS NOT NULL AND DCB.BUY_COMP_DATE IS NOT NULL
THEN '거래완료'
ELSE '거래중'
END AS DEAL_STATUS
FROM DELIVERY_PRODUCT DP LEFT JOIN PRODUCT_MAKER PM
ON DP.PD_MAKER_ID = PM.PD_MAKER_ID
LEFT JOIN PRODUCT_CATEGORY PC
ON PM.PD_CATEGORY_ID = PC.PD_CATEGORY_ID
LEFT JOIN BID_LIST BL
ON DP.DELI_PD_ID = BL.DELI_PD_ID
LEFT JOIN BID_SUCCESS BS
ON BL.BID_CODE = BS.BID_CODE
LEFT JOIN DELI_COMPLETE_SELL DCS
ON DCS.BS_ID = BS.BS_ID
LEFT JOIN DELI_COMPLETE_BUY DCB
ON DCB.BS_ID = BS.BS_ID
UNION ALL
-- 배송
SELECT SUBSTR(DP.DIRE_PD_ID, 6, 3) AS PD_NUM, DP.DIRE_PD_ID, PC.CATEGORY_NAME, DP.PD_REGIT_DATE PD_REGIT_DATE, DP.U_ID U_ID, DP.PD_TITLE PD_TITLE
,CASE
WHEN SUBSTR(DP.DIRE_PD_ID, 1, 4) = 'dire'
THEN '직거래'
ELSE '택배거래'
END AS deal_type
, CASE
WHEN DCS.SELL_COMP_DATE IS NOT NULL AND DCB.BUY_COMP_DATE IS NOT NULL
THEN '거래완료'
ELSE '거래중'
END AS deal_status
FROM DIRECT_PRODUCT DP LEFT JOIN SUGGEST_LIST SL
ON DP.DIRE_PD_ID = SL.DIRE_PD_ID
LEFT JOIN PRODUCT_MAKER PM
ON DP.PD_MAKER_ID = PM.PD_MAKER_ID
LEFT JOIN PRODUCT_CATEGORY PC
ON PM.PD_CATEGORY_ID = PC.PD_CATEGORY_ID
LEFT JOIN SELECTED S
ON SL.SUGGEST_CODE = S.SUGGEST_CODE
LEFT JOIN DIRE_COMPLETE_SELL DCS
ON DCS.SELECTED_ID = S.SELECTED_ID
LEFT OUTER JOIN DIRE_COMPLETE_BUY DCB
ON DCB.SELECTED_ID = S.SELECTED_ID
ORDER BY PD_REGIT_DATE DESC
;
--------------------------------------------------------
--  DDL for View TOTAL_PRODUCT_VIEW
--------------------------------------------------------

  CREATE OR REPLACE FORCE VIEW "COMFIT"."TOTAL_PRODUCT_VIEW" ("PD_NUM", "PD_ID", "CATEGORY_NAME", "PD_REGIT_DATE", "U_ID", "PD_TITLE", "DEAL_TYPE", "DEAL_STATUS") AS 
  SELECT SUBSTR(DP.DELI_PD_ID, 6, 3) AS PD_NUM, SUBSTR(DP.DELI_PD_ID,1 ,4) AS PD_ID, PC.CATEGORY_NAME, DP.PD_REGIT_DATE PD_REGIT_DATE, DP.U_ID U_ID, DP.PD_TITLE PD_TITLE
,CASE
WHEN SUBSTR(DP.DELI_PD_ID, 1, 4) = 'deli'
THEN '택배거래'
ELSE '직거래'
END AS DEAL_TYPE
, CASE
WHEN DCS.SELL_COMP_DATE IS NOT NULL AND DCB.BUY_COMP_DATE IS NOT NULL
THEN '거래완료'
ELSE '거래중'
END AS DEAL_STATUS
FROM DELIVERY_PRODUCT DP LEFT JOIN PRODUCT_MAKER PM
ON DP.PD_MAKER_ID = PM.PD_MAKER_ID
LEFT JOIN PRODUCT_CATEGORY PC
ON PM.PD_CATEGORY_ID = PC.PD_CATEGORY_ID
LEFT JOIN BID_LIST BL
ON DP.DELI_PD_ID = BL.DELI_PD_ID
LEFT JOIN BID_SUCCESS BS
ON BL.BID_CODE = BS.BID_CODE
LEFT JOIN DELI_COMPLETE_SELL DCS
ON DCS.BS_ID = BS.BS_ID
LEFT JOIN DELI_COMPLETE_BUY DCB
ON DCB.BS_ID = BS.BS_ID
UNION ALL
-- 배송
SELECT SUBSTR(DP.DIRE_PD_ID, 6, 3) AS PD_NUM, SUBSTR(DP.DIRE_PD_ID, 1, 4) AS PD_ID, PC.CATEGORY_NAME, DP.PD_REGIT_DATE PD_REGIT_DATE, DP.U_ID U_ID, DP.PD_TITLE PD_TITLE
,CASE
WHEN SUBSTR(DP.DIRE_PD_ID, 1, 4) = 'dire'
THEN '직거래'
ELSE '택배거래'
END AS deal_type
, CASE
WHEN DCS.SELL_COMP_DATE IS NOT NULL AND DCB.BUY_COMP_DATE IS NOT NULL
THEN '거래완료'
ELSE '거래중'
END AS deal_status
FROM DIRECT_PRODUCT DP LEFT JOIN SUGGEST_LIST SL
ON DP.DIRE_PD_ID = SL.DIRE_PD_ID
LEFT JOIN PRODUCT_MAKER PM
ON DP.PD_MAKER_ID = PM.PD_MAKER_ID
LEFT JOIN PRODUCT_CATEGORY PC
ON PM.PD_CATEGORY_ID = PC.PD_CATEGORY_ID
LEFT JOIN SELECTED S
ON SL.SUGGEST_CODE = S.SUGGEST_CODE
LEFT JOIN DIRE_COMPLETE_SELL DCS
ON DCS.SELECTED_ID = S.SELECTED_ID
LEFT OUTER JOIN DIRE_COMPLETE_BUY DCB
ON DCB.SELECTED_ID = S.SELECTED_ID
;
--------------------------------------------------------
--  DDL for View TOTAL_REPORT_VIEW
--------------------------------------------------------

  CREATE OR REPLACE FORCE VIEW "COMFIT"."TOTAL_REPORT_VIEW" ("U_ID", "PD_ID", "R_U_ID", "REP_CONTENTS", "HAN_CATE_NAME", "REP_DATE", "REP_HAN_DATE") AS 
  SELECT DP.U_ID U_ID, DP.DELI_PD_ID PD_ID, DPR.U_ID R_U_ID, DPR.REP_CONTENTS REP_CONTENTS, RHC.HAN_CATE_NAME HAN_CATE_NAME,DPR.REP_DATE REP_DATE, DPH.REP_HAN_DATE REP_HAN_DATE
FROM DELIVERY_PRODUCT DP JOIN DELIVERY_PD_REPORT DPR
ON DP.DELI_PD_ID = DPR.DELI_PD_ID
JOIN DELI_PD_REP_HANDLE DPH
ON DPR.REP_ID = DPH.REP_ID
JOIN REP_HANDLE_CATEGORY RHC
ON DPH.HAN_CATE_ID = RHC.HAN_CATE_ID
UNION ALL
-- 상품신고리스트(직거래) OK
--회원 id, 게시물 ID, 신고자ID, 신고내용, 관리자조치, 접수시간, 처리시간
SELECT DP.U_ID 회원ID, DP.DIRE_PD_ID 게시물ID, DPR.U_ID 신고자ID, DPR.REP_CONTENTS 신고내용, RHC.HAN_CATE_NAME 관리자조치,DPR.REP_DATE 접수시간, DPH.REP_HAN_DATE 처리시간
FROM DIRECT_PRODUCT DP LEFT JOIN DIRECT_PD_REPORT DPR
ON DP.DIRE_PD_ID = DPR.DIRE_PD_ID
LEFT JOIN DIRE_PD_REP_HANDLE DPH
ON DPR.REP_ID = DPH.REP_ID
LEFT JOIN REP_HANDLE_CATEGORY RHC
ON DPH.HAN_CATE_ID = RHC.HAN_CATE_ID
WHERE DPR.U_ID IS NOT NULL
-- 거래신고리스트(택배)
-- 회원 id, 게시물 ID, 신고자ID, 신고내용, 관리자조치, 접수시간, 처리시간
-- 구매자인 경우엔 입찰코드가 있음
UNION ALL
SELECT DP.U_ID 회원ID, DP.DELI_PD_ID 게시물ID
,CASE
WHEN BL.BID_CODE IS NOT NULL
THEN BL.U_ID
ELSE DP.U_ID
END AS 신고자ID
, DTR.REP_CONTENTS 신고내용, RHC.HAN_CATE_NAME 관리자조치, DTR.REP_DATE 접수시간, DTH.REP_HAN_DATE 처리시간
-- RC.REPORTER_PROP 신고자, DP.U_ID 판매자, BL.U_ID 구매자
FROM DELIVERY_PRODUCT DP LEFT JOIN BID_LIST BL 
ON DP.DELI_PD_ID = BL.DELI_PD_ID
LEFT JOIN BID_SUCCESS BS 
ON BL.BID_CODE = BS.BID_CODE
LEFT JOIN DELIVERY_TA_REPORT DTR 
ON BS.BS_ID = DTR.BS_ID
LEFT JOIN REPORTER_CATEGORY RC
ON DTR.REPORTER_ID = RC.REPORTER_ID
LEFT JOIN DELI_TA_REP_HANDLE DTH
ON DTR.REP_ID = DTH.REP_ID
LEFT JOIN REP_HANDLE_CATEGORY RHC
ON DTH.HAN_CATE_ID = RHC.HAN_CATE_ID
WHERE RC.REPORTER_PROP IS NOT NULL
-- 거래신고리스트(직거래)
-- 회원 id, 게시물 ID, 신고자ID, 신고내용, 관리자조치, 접수시간, 처리시간
-- 구매자의 경우에는 구매제안코드 SUGGEST_CODE가 있다
UNION ALL
SELECT DP.U_ID 회원ID, DP.DIRE_PD_ID 게시물ID
,CASE
WHEN SL.SUGGEST_CODE IS NOT NULL
THEN SL.U_ID
ELSE DP.U_ID
END AS 신고자ID
, DTR.REP_CONTENTS 신고내용, RHC.HAN_CATE_NAME 관리자조치, DTR.REP_DATE 접수시간, DTH.REP_HAN_DATE 처리시간
FROM DIRECT_PRODUCT DP LEFT JOIN SUGGEST_LIST SL
ON DP.DIRE_PD_ID = SL.DIRE_PD_ID
LEFT JOIN SELECTED S
ON SL.SUGGEST_CODE = S.SUGGEST_CODE
LEFT JOIN DIRECT_TA_REPORT DTR
ON S.SELECTED_ID = DTR.SELECTED_ID
LEFT JOIN DIRE_TA_REP_HANDLE DTH
ON DTR.REP_ID = DTH.REP_ID
LEFT JOIN REP_HANDLE_CATEGORY RHC
ON DTH.HAN_CATE_ID = RHC.HAN_CATE_ID
WHERE DTR.REP_DATE IS NOT NULL
;
--------------------------------------------------------
--  DDL for View TOTAL_USER_INFORMATION_VIEW
--------------------------------------------------------

  CREATE OR REPLACE FORCE VIEW "COMFIT"."TOTAL_USER_INFORMATION_VIEW" ("U_ID", "U_EMAIL", "U_NAME", "U_NICKNAME", "U_TEL", "U_JOINDATE", "BANCOUNT") AS 
  SELECT U_ID, U_EMAIL, U_NAME, U_NICKNAME, U_TEL, U_JOINDATE, 
(
  SELECT COUNT(*) AS COUNT
  FROM
  (
  SELECT BAN_ID, BAN_DATE, REPORTED, REPORTER
  FROM DIRECT_TRANS_BANNED_VIEW
  UNION
  SELECT BAN_ID, BAN_DATE, REPORTED, REPORTER
  FROM DELIVERY_TRANS_BANNED_VIEW
  UNION
  SELECT BAN_ID, BAN_DATE, REPORTED, REPORTER
  FROM DIRECT_PD_BANNED_VIEW
  UNION
  SELECT BAN_ID, BAN_DATE, REPORTED, REPORTER
  FROM DELIVERY_PD_BANNED_VIEW
  )
  WHERE U_ID = REPORTED
) AS BANCOUNT
FROM USER_INFORMATION
;
--------------------------------------------------------
--  DDL for View USER_ASK_VIEW
--------------------------------------------------------

  CREATE OR REPLACE FORCE VIEW "COMFIT"."USER_ASK_VIEW" ("ASK_CATE_ID", "ASK_CATE_NAME", "ASK_TITLE", "ASK_DATE", "ASK_CONTENTS", "ASK_ID") AS 
  SELECT AC.ASK_CATE_ID AS ASK_CATE_ID
,AC.ASK_CATE_NAME AS ASK_CATE_NAME
,A.ASK_TITLE AS ASK_TITLE
,A.ASK_DATE AS ASK_DATE
,A.ASK_CONTENTS AS ASK_CONTENTS
,A.ASK_ID AS ASK_ID
FROM ASK_CATEGORY AC JOIN ASK A
    ON AC.ASK_CATE_ID = A.ASK_CATE_ID
;
--------------------------------------------------------
--  DDL for View USER_BUY_COUNT_VIEW
--------------------------------------------------------

  CREATE OR REPLACE FORCE VIEW "COMFIT"."USER_BUY_COUNT_VIEW" ("BUY_CODE", "U_ID") AS 
  SELECT "BUY_CODE","U_ID"
FROM
(
SELECT DCB.DIRE_COMP_BUY_ID AS BUY_CODE, SL.U_ID AS U_ID
FROM DIRE_COMPLETE_BUY DCB JOIN SELECTED S
     ON DCB.SELECTED_ID = S.SELECTED_ID
        JOIN SUGGEST_LIST SL
          ON S.SUGGEST_CODE = SL.SUGGEST_CODE
UNION ALL
SELECT DCB.DELI_COMP_BUY_ID AS BUY_CODE, BL.U_ID AS U_ID
FROM DELI_COMPLETE_BUY DCB JOIN BID_SUCCESS BS
     ON DCB.BS_ID = BS.BS_ID
        JOIN BID_LIST BL
          ON BS.BID_CODE = BL.BID_CODE
) UB
;
--------------------------------------------------------
--  DDL for View USER_EXP_VIEW
--------------------------------------------------------

  CREATE OR REPLACE FORCE VIEW "COMFIT"."USER_EXP_VIEW" ("CODE", "U_ID") AS 
  SELECT SUBSTR(EX.BUY_CODE, 3, 1) AS CODE, EX.U_ID
FROM
(
SELECT DCB.DIRE_COMP_BUY_ID AS BUY_CODE, SL.U_ID AS U_ID
FROM DIRE_COMPLETE_BUY DCB JOIN SELECTED S
     ON DCB.SELECTED_ID = S.SELECTED_ID
        JOIN SUGGEST_LIST SL
          ON S.SUGGEST_CODE = SL.SUGGEST_CODE
UNION ALL
SELECT DCB.DELI_COMP_BUY_ID AS BUY_CODE, BL.U_ID AS U_ID
FROM DELI_COMPLETE_BUY DCB JOIN BID_SUCCESS BS
     ON DCB.BS_ID = BS.BS_ID
        JOIN BID_LIST BL
          ON BS.BID_CODE = BL.BID_CODE
UNION ALL
SELECT DCS.DIRE_COMP_SELL_ID AS SELL_CODE, SL.U_ID AS U_ID
FROM DIRE_COMPLETE_SELL DCS JOIN SELECTED S
     ON DCS.SELECTED_ID = S.SELECTED_ID
        JOIN SUGGEST_LIST SL
          ON S.SUGGEST_CODE = SL.SUGGEST_CODE
UNION ALL
SELECT DCS.DELI_COMP_SELL_ID AS SELL_CODE, BL.U_ID AS U_ID
FROM DELI_COMPLETE_SELL DCS JOIN BID_SUCCESS BS
     ON DCS.BS_ID = BS.BS_ID
        JOIN BID_LIST BL
          ON BS.BID_CODE = BL.BID_CODE
) EX
;
--------------------------------------------------------
--  DDL for View USER_INMONEY_VIEW
--------------------------------------------------------

  CREATE OR REPLACE FORCE VIEW "COMFIT"."USER_INMONEY_VIEW" ("U_ID", "IN_MONEY_TOT") AS 
  SELECT U_ID, SUM(IN_MONEY) AS IN_MONEY_TOT
FROM
(
SELECT BUYER_ID AS U_ID, BISG_PRICE AS IN_MONEY
FROM BS_FAIL_VIEW
UNION
SELECT U_ID, SUM(IN_MONEY)
FROM INPUT_MONEY
GROUP BY U_ID
UNION
SELECT U_ID, IN_MONEY
FROM DELI_INMONEY_VIEW
UNION
SELECT U_ID, IN_MONEY
FROM DIRE_INMONEY_VIEW
)
GROUP BY U_ID
;
--------------------------------------------------------
--  DDL for View USER_LEVEL_VIEW
--------------------------------------------------------

  CREATE OR REPLACE FORCE VIEW "COMFIT"."USER_LEVEL_VIEW" ("USER_EXP", "U_ID") AS 
  SELECT CASE WHEN CODE = 'b' OR CODE = 'B'
            THEN 2
            WHEN CODE = 's' OR CODE = 'S'
            THEN 1
            ELSE 0
            END AS USER_EXP
            , U_ID
FROM USER_EXP_VIEW
;
--------------------------------------------------------
--  DDL for View USER_LEVEL_VIEW2
--------------------------------------------------------

  CREATE OR REPLACE FORCE VIEW "COMFIT"."USER_LEVEL_VIEW2" ("U_ID", "USER_EXP") AS 
  SELECT C.U_ID AS U_ID ,NVL(U.USER_EXP, 0) AS USER_EXP     
FROM COMFIT_USER C LEFT JOIN USER_LEVEL_VIEW U
ON C.U_ID = U.U_ID
;
--------------------------------------------------------
--  DDL for View USER_OUTMONEY_VIEW
--------------------------------------------------------

  CREATE OR REPLACE FORCE VIEW "COMFIT"."USER_OUTMONEY_VIEW" ("U_ID", "OUT_MONEY_TOT") AS 
  SELECT U_ID, SUM(OUT_MONEY) AS OUT_MONEY_TOT
FROM
(
SELECT U_ID, BID_PRICE AS OUT_MONEY
FROM BID_LIST
UNION
SELECT U_ID, SUGGEST_PRICE AS OUT_MONEY
FROM SUGGEST_LIST
UNION
SELECT U_ID, SUM(OUT_MONEY)
FROM OUTPUT_MONEY
GROUP BY U_ID
)
GROUP BY U_ID
;
--------------------------------------------------------
--  DDL for View USER_POINT_VIEW
--------------------------------------------------------

  CREATE OR REPLACE FORCE VIEW "COMFIT"."USER_POINT_VIEW" ("U_ID", "POINT") AS 
  SELECT INPUT.U_ID, (IN_MONEY_TOT - NVL(OUT_MONEY_TOT,0)) AS POINT
FROM USER_INMONEY_VIEW INPUT
LEFT OUTER JOIN USER_OUTMONEY_VIEW OUTPUT
ON INPUT.U_ID = OUTPUT.U_ID
;
--------------------------------------------------------
--  DDL for View USER_SELL_COUNT_VIEW
--------------------------------------------------------

  CREATE OR REPLACE FORCE VIEW "COMFIT"."USER_SELL_COUNT_VIEW" ("SELL_CODE", "U_ID") AS 
  SELECT SELL_CODE, U_ID
FROM
(
SELECT DCS.DIRE_COMP_SELL_ID AS SELL_CODE, DP.U_ID AS U_ID
FROM DIRE_COMPLETE_SELL DCS JOIN SELECTED S
     ON DCS.SELECTED_ID = S.SELECTED_ID
        JOIN SUGGEST_LIST SL
          ON S.SUGGEST_CODE = SL.SUGGEST_CODE
             JOIN DIRECT_PRODUCT DP 
               ON SL.DIRE_PD_ID = DP.DIRE_PD_ID
UNION ALL
SELECT DCS.DELI_COMP_SELL_ID AS SELL_CODE, DP.U_ID AS U_ID
FROM DELI_COMPLETE_SELL DCS JOIN BID_SUCCESS BS
     ON DCS.BS_ID = BS.BS_ID
        JOIN BID_LIST BL
          ON BS.BID_CODE = BL.BID_CODE
             JOIN DELIVERY_PRODUCT DP
               ON BL.DELI_PD_ID = DP.DELI_PD_ID
) US
;
REM INSERTING into COMFIT.ADMIN
SET DEFINE OFF;
Insert into COMFIT.ADMIN (AD_ID,AD_PW) values ('cf_admin','comfit006$');
REM INSERTING into COMFIT.ALARM_OK
SET DEFINE OFF;
Insert into COMFIT.ALARM_OK (ALARM_CODE,ALARM_COMMIT) values (1,'미확인');
Insert into COMFIT.ALARM_OK (ALARM_CODE,ALARM_COMMIT) values (2,'확인');
REM INSERTING into COMFIT.ANNOUNCE
SET DEFINE OFF;
Insert into COMFIT.ANNOUNCE (ANNOUNCE_ID,ANNOUNCE_TITLE,ANNOUNCE_CONTENTS,ANNOUNCE_DATE,ANOUN_CATE_ID) values ('ann_53','[공지]','[공지] 싫어요',to_date('2022-06-16','YYYY-MM-DD'),1);
Insert into COMFIT.ANNOUNCE (ANNOUNCE_ID,ANNOUNCE_TITLE,ANNOUNCE_CONTENTS,ANNOUNCE_DATE,ANOUN_CATE_ID) values ('ann_54','이벤트 진행중입니다','이벤트 진행중입니다.',to_date('2022-06-20','YYYY-MM-DD'),2);
Insert into COMFIT.ANNOUNCE (ANNOUNCE_ID,ANNOUNCE_TITLE,ANNOUNCE_CONTENTS,ANNOUNCE_DATE,ANOUN_CATE_ID) values ('ann_55','안녕하세요','안녕하세요',to_date('2022-06-20','YYYY-MM-DD'),1);
REM INSERTING into COMFIT.ANNOUNCE_CATEGORY
SET DEFINE OFF;
Insert into COMFIT.ANNOUNCE_CATEGORY (ANOUN_CATE_ID,ANOUN_CATE_NAME) values (1,'점검/업데이트');
Insert into COMFIT.ANNOUNCE_CATEGORY (ANOUN_CATE_ID,ANOUN_CATE_NAME) values (2,'이벤트');
Insert into COMFIT.ANNOUNCE_CATEGORY (ANOUN_CATE_ID,ANOUN_CATE_NAME) values (3,'공지');
REM INSERTING into COMFIT.ASK
SET DEFINE OFF;
Insert into COMFIT.ASK (ASK_ID,ASK_TITLE,ASK_CONTENTS,ASK_DATE,U_ID,ASK_CATE_ID,ALARM_CODE) values ('ask_1','가능ㅎㅇ','할까ㅎㅇ',to_date('2022-06-10','YYYY-MM-DD'),'test2',3,1);
REM INSERTING into COMFIT.ASK_ANSWER
SET DEFINE OFF;
Insert into COMFIT.ASK_ANSWER (ASK_ID,ANSWER_CONTENTS,ANSWER_DATE,AD_ID) values ('ask_1','입찰/구매제안이 있는경우 신고는 불가합니다, 입찰/구매제안이 없는 게시물인 경우 해당 상품의 상세페이지에서 신고하기 버튼을 통해 신고 가능합니다.',to_date('2022-06-10','YYYY-MM-DD'),'cf_admin');
REM INSERTING into COMFIT.ASK_CATEGORY
SET DEFINE OFF;
Insert into COMFIT.ASK_CATEGORY (ASK_CATE_ID,ASK_CATE_NAME) values (1,'판매');
Insert into COMFIT.ASK_CATEGORY (ASK_CATE_ID,ASK_CATE_NAME) values (2,'구매');
Insert into COMFIT.ASK_CATEGORY (ASK_CATE_ID,ASK_CATE_NAME) values (3,'신고');
Insert into COMFIT.ASK_CATEGORY (ASK_CATE_ID,ASK_CATE_NAME) values (4,'계정');
REM INSERTING into COMFIT.AUTH_CATEGORY
SET DEFINE OFF;
Insert into COMFIT.AUTH_CATEGORY (AU_CATE_ID,AU_NAME) values (1,'회원가입인증
');
Insert into COMFIT.AUTH_CATEGORY (AU_CATE_ID,AU_NAME) values (2,'비밀번호변경');
REM INSERTING into COMFIT.BANK
SET DEFINE OFF;
Insert into COMFIT.BANK (BANK_ID,BANK_NAME) values (1,'국민은행');
Insert into COMFIT.BANK (BANK_ID,BANK_NAME) values (2,'신한은행');
Insert into COMFIT.BANK (BANK_ID,BANK_NAME) values (3,'우리은행');
Insert into COMFIT.BANK (BANK_ID,BANK_NAME) values (4,'하나은행');
Insert into COMFIT.BANK (BANK_ID,BANK_NAME) values (5,'기업은행');
Insert into COMFIT.BANK (BANK_ID,BANK_NAME) values (6,'농협은행');
Insert into COMFIT.BANK (BANK_ID,BANK_NAME) values (7,'카카오뱅크');
REM INSERTING into COMFIT.BAN_CATEGORY
SET DEFINE OFF;
Insert into COMFIT.BAN_CATEGORY (BAN_CATE_ID,BAN_CATE_NAME) values (1,'3일차단');
Insert into COMFIT.BAN_CATEGORY (BAN_CATE_ID,BAN_CATE_NAME) values (2,'7일차단');
Insert into COMFIT.BAN_CATEGORY (BAN_CATE_ID,BAN_CATE_NAME) values (3,'30일차단');
Insert into COMFIT.BAN_CATEGORY (BAN_CATE_ID,BAN_CATE_NAME) values (4,'영구차단');
REM INSERTING into COMFIT.BID_LIST
SET DEFINE OFF;
Insert into COMFIT.BID_LIST (BID_CODE,BID_DATE,BID_PRICE,ADDRESS,ADDR_DETAIL,U_ID,DELI_PD_ID,ALARM_CODE) values ('bid_22',to_date('2022-06-20','YYYY-MM-DD'),5500,'서울 서대문구 가재울로 6 (남가좌동)','빌딩 3층','test1','deli_15',1);
Insert into COMFIT.BID_LIST (BID_CODE,BID_DATE,BID_PRICE,ADDRESS,ADDR_DETAIL,U_ID,DELI_PD_ID,ALARM_CODE) values ('bid_1',to_date('2022-06-10','YYYY-MM-DD'),155000,'서울특별시 마포구 월드컵북로 21','2층 풍성빌딩','test1','deli_1',1);
Insert into COMFIT.BID_LIST (BID_CODE,BID_DATE,BID_PRICE,ADDRESS,ADDR_DETAIL,U_ID,DELI_PD_ID,ALARM_CODE) values ('bid_2',to_date('2022-06-10','YYYY-MM-DD'),152000,'인천광역시 중구 신포동','신흥초등학교','test3','deli_1',1);
Insert into COMFIT.BID_LIST (BID_CODE,BID_DATE,BID_PRICE,ADDRESS,ADDR_DETAIL,U_ID,DELI_PD_ID,ALARM_CODE) values ('bid_7',to_date('2022-06-18','YYYY-MM-DD'),120000,'인천 중구 어딘가','으슥한곳','test1','deli_11',1);
Insert into COMFIT.BID_LIST (BID_CODE,BID_DATE,BID_PRICE,ADDRESS,ADDR_DETAIL,U_ID,DELI_PD_ID,ALARM_CODE) values ('bid_8',to_date('2022-06-19','YYYY-MM-DD'),156000,'인천광역시 중구 신포2동','아파트앞삼거리','test2','deli_1',1);
Insert into COMFIT.BID_LIST (BID_CODE,BID_DATE,BID_PRICE,ADDRESS,ADDR_DETAIL,U_ID,DELI_PD_ID,ALARM_CODE) values ('bid_17',to_date('2022-06-19','YYYY-MM-DD'),1029000,'경기 화성시 우정읍 3.1만세로 1','ㅋㅋ','test33','deli_20',1);
Insert into COMFIT.BID_LIST (BID_CODE,BID_DATE,BID_PRICE,ADDRESS,ADDR_DETAIL,U_ID,DELI_PD_ID,ALARM_CODE) values ('bid_19',to_date('2022-06-19','YYYY-MM-DD'),350000,'인천 계양구 계양대로 지하 73 (작전동)','1번출구','test45','deli_12',1);
Insert into COMFIT.BID_LIST (BID_CODE,BID_DATE,BID_PRICE,ADDRESS,ADDR_DETAIL,U_ID,DELI_PD_ID,ALARM_CODE) values ('bid_18',to_date('2022-06-19','YYYY-MM-DD'),310000,'인천 계양구 새벌로112번길 12 (효성동, 현대4차아파트)','405동 1703호','test36','deli_12',1);
Insert into COMFIT.BID_LIST (BID_CODE,BID_DATE,BID_PRICE,ADDRESS,ADDR_DETAIL,U_ID,DELI_PD_ID,ALARM_CODE) values ('bid_20',to_date('2022-06-20','YYYY-MM-DD'),130000,'서울 마포구 가양대로 2 (상암동)','빌딩 2층 205호','test1','deli_13',1);
Insert into COMFIT.BID_LIST (BID_CODE,BID_DATE,BID_PRICE,ADDRESS,ADDR_DETAIL,U_ID,DELI_PD_ID,ALARM_CODE) values ('bid_21',to_date('2022-06-20','YYYY-MM-DD'),700000,'대전 동구 판교1길 3 (판암동)','빌딩 3층 405호','test2','deli_25',1);
REM INSERTING into COMFIT.BID_SUCCESS
SET DEFINE OFF;
Insert into COMFIT.BID_SUCCESS (BS_ID,BS_DATE,BID_CODE,ALARM_CODE) values ('bs_1',to_date('2022-06-10','YYYY-MM-DD'),'bid_1',1);
Insert into COMFIT.BID_SUCCESS (BS_ID,BS_DATE,BID_CODE,ALARM_CODE) values ('bs_10',to_date('2022-06-20','YYYY-MM-DD'),'bid_21',1);
Insert into COMFIT.BID_SUCCESS (BS_ID,BS_DATE,BID_CODE,ALARM_CODE) values ('bs_7',to_date('2022-06-19','YYYY-MM-DD'),'bid_17',1);
Insert into COMFIT.BID_SUCCESS (BS_ID,BS_DATE,BID_CODE,ALARM_CODE) values ('bs_8',to_date('2022-06-19','YYYY-MM-DD'),'bid_19',1);
Insert into COMFIT.BID_SUCCESS (BS_ID,BS_DATE,BID_CODE,ALARM_CODE) values ('bs_9',to_date('2022-06-20','YYYY-MM-DD'),'bid_20',1);
REM INSERTING into COMFIT.COMFIT_USER
SET DEFINE OFF;
Insert into COMFIT.COMFIT_USER (U_ID,CDATE) values ('test24',to_date('2022-06-15','YYYY-MM-DD'));
Insert into COMFIT.COMFIT_USER (U_ID,CDATE) values ('test1',to_date('2022-06-14','YYYY-MM-DD'));
Insert into COMFIT.COMFIT_USER (U_ID,CDATE) values ('test2',to_date('2022-06-14','YYYY-MM-DD'));
Insert into COMFIT.COMFIT_USER (U_ID,CDATE) values ('test3',to_date('2022-06-14','YYYY-MM-DD'));
Insert into COMFIT.COMFIT_USER (U_ID,CDATE) values ('test15',to_date('2022-06-14','YYYY-MM-DD'));
Insert into COMFIT.COMFIT_USER (U_ID,CDATE) values ('test16',to_date('2022-06-14','YYYY-MM-DD'));
Insert into COMFIT.COMFIT_USER (U_ID,CDATE) values ('test17',to_date('2022-06-15','YYYY-MM-DD'));
Insert into COMFIT.COMFIT_USER (U_ID,CDATE) values ('test18',to_date('2022-06-15','YYYY-MM-DD'));
Insert into COMFIT.COMFIT_USER (U_ID,CDATE) values ('test19',to_date('2022-06-15','YYYY-MM-DD'));
Insert into COMFIT.COMFIT_USER (U_ID,CDATE) values ('test22',to_date('2022-06-15','YYYY-MM-DD'));
Insert into COMFIT.COMFIT_USER (U_ID,CDATE) values ('test23',to_date('2022-06-15','YYYY-MM-DD'));
Insert into COMFIT.COMFIT_USER (U_ID,CDATE) values ('test25',to_date('2022-06-15','YYYY-MM-DD'));
Insert into COMFIT.COMFIT_USER (U_ID,CDATE) values ('test26',to_date('2022-06-15','YYYY-MM-DD'));
Insert into COMFIT.COMFIT_USER (U_ID,CDATE) values ('test27',to_date('2022-06-15','YYYY-MM-DD'));
Insert into COMFIT.COMFIT_USER (U_ID,CDATE) values ('test28',to_date('2022-06-15','YYYY-MM-DD'));
Insert into COMFIT.COMFIT_USER (U_ID,CDATE) values ('test29',to_date('2022-06-15','YYYY-MM-DD'));
Insert into COMFIT.COMFIT_USER (U_ID,CDATE) values ('test30',to_date('2022-06-15','YYYY-MM-DD'));
Insert into COMFIT.COMFIT_USER (U_ID,CDATE) values ('test31',to_date('2022-06-15','YYYY-MM-DD'));
Insert into COMFIT.COMFIT_USER (U_ID,CDATE) values ('test32',to_date('2022-06-15','YYYY-MM-DD'));
Insert into COMFIT.COMFIT_USER (U_ID,CDATE) values ('test33',to_date('2022-06-16','YYYY-MM-DD'));
Insert into COMFIT.COMFIT_USER (U_ID,CDATE) values ('test34',to_date('2022-06-16','YYYY-MM-DD'));
Insert into COMFIT.COMFIT_USER (U_ID,CDATE) values ('test35',to_date('2022-06-16','YYYY-MM-DD'));
Insert into COMFIT.COMFIT_USER (U_ID,CDATE) values ('test36',to_date('2022-06-16','YYYY-MM-DD'));
Insert into COMFIT.COMFIT_USER (U_ID,CDATE) values ('test37',to_date('2022-06-16','YYYY-MM-DD'));
Insert into COMFIT.COMFIT_USER (U_ID,CDATE) values ('test38',to_date('2022-06-17','YYYY-MM-DD'));
Insert into COMFIT.COMFIT_USER (U_ID,CDATE) values ('test39',to_date('2022-06-18','YYYY-MM-DD'));
Insert into COMFIT.COMFIT_USER (U_ID,CDATE) values ('test40',to_date('2022-06-18','YYYY-MM-DD'));
Insert into COMFIT.COMFIT_USER (U_ID,CDATE) values ('test41',to_date('2022-06-18','YYYY-MM-DD'));
Insert into COMFIT.COMFIT_USER (U_ID,CDATE) values ('test42',to_date('2022-06-18','YYYY-MM-DD'));
Insert into COMFIT.COMFIT_USER (U_ID,CDATE) values ('test43',to_date('2022-06-18','YYYY-MM-DD'));
Insert into COMFIT.COMFIT_USER (U_ID,CDATE) values ('test44',to_date('2022-06-18','YYYY-MM-DD'));
Insert into COMFIT.COMFIT_USER (U_ID,CDATE) values ('test45',to_date('2022-06-19','YYYY-MM-DD'));
Insert into COMFIT.COMFIT_USER (U_ID,CDATE) values ('test46',to_date('2022-06-19','YYYY-MM-DD'));
Insert into COMFIT.COMFIT_USER (U_ID,CDATE) values ('test47',to_date('2022-06-19','YYYY-MM-DD'));
Insert into COMFIT.COMFIT_USER (U_ID,CDATE) values ('test48',to_date('2022-06-20','YYYY-MM-DD'));
REM INSERTING into COMFIT.DELIVERY_PD_REPORT
SET DEFINE OFF;
Insert into COMFIT.DELIVERY_PD_REPORT (REP_ID,REP_CONTENTS,REP_DATE,U_ID,PD_REP_CID,DELI_PD_ID) values ('delirep_1','유해한 내용 업로드',to_date('2022-06-11','YYYY-MM-DD'),'test1',3,'deli_1');
REM INSERTING into COMFIT.DELIVERY_PRODUCT
SET DEFINE OFF;
Insert into COMFIT.DELIVERY_PRODUCT (DELI_PD_ID,PD_TITLE,PD_NAME,PD_PHOTO,PD_AS_REMAIN,PD_START_PRICE,PD_HITCOUNT,PD_REGIT_DATE,PD_MAKER_ID,PD_AS_ID,U_ID,CF_PRICE,COMMENTS,IMD_PRICE) values ('deli_2','레이저 마우스 급처','레이저 바이퍼','맥스틸 마우스.jpg','3개월',20000,0,to_date('2022-06-14','YYYY-MM-DD'),'maker_122',3,'test3',0,'급처해요',50000);
Insert into COMFIT.DELIVERY_PRODUCT (DELI_PD_ID,PD_TITLE,PD_NAME,PD_PHOTO,PD_AS_REMAIN,PD_START_PRICE,PD_HITCOUNT,PD_REGIT_DATE,PD_MAKER_ID,PD_AS_ID,U_ID,CF_PRICE,COMMENTS,IMD_PRICE) values ('deli_1','i-7 8700 저렴하게 판매','intel I-7 8700','i7 10700.jpg','1년 3개월',150000,0,to_date('2022-06-10','YYYY-MM-DD'),'maker_1',1,'test2',0,null,null);
Insert into COMFIT.DELIVERY_PRODUCT (DELI_PD_ID,PD_TITLE,PD_NAME,PD_PHOTO,PD_AS_REMAIN,PD_START_PRICE,PD_HITCOUNT,PD_REGIT_DATE,PD_MAKER_ID,PD_AS_ID,U_ID,CF_PRICE,COMMENTS,IMD_PRICE) values ('deli_4','27GN750 모니터 팔아요','27GN750','27GN750.jpg','2025-03',300000,0,to_date('0022-06-16','YYYY-MM-DD'),'maker_79',2,'test2',305000,'무결점 중고입니다 박스있어요',400000);
Insert into COMFIT.DELIVERY_PRODUCT (DELI_PD_ID,PD_TITLE,PD_NAME,PD_PHOTO,PD_AS_REMAIN,PD_START_PRICE,PD_HITCOUNT,PD_REGIT_DATE,PD_MAKER_ID,PD_AS_ID,U_ID,CF_PRICE,COMMENTS,IMD_PRICE) values ('deli_3','RTX2060 팔아요','RTX2060','RTX2070.jpg','2026-10',250000,0,to_date('0022-06-15','YYYY-MM-DD'),'maker_20',2,'test2',256000,'무상AS오래남은 A급 팝니다',300000);
Insert into COMFIT.DELIVERY_PRODUCT (DELI_PD_ID,PD_TITLE,PD_NAME,PD_PHOTO,PD_AS_REMAIN,PD_START_PRICE,PD_HITCOUNT,PD_REGIT_DATE,PD_MAKER_ID,PD_AS_ID,U_ID,CF_PRICE,COMMENTS,IMD_PRICE) values ('deli_5','i7 10700 팔아요','i7 10700','i7 10700.jpg','2027-10',350000,0,to_date('0022-06-16','YYYY-MM-DD'),'maker_1',2,'test2',339000,'인텔CPU 싸게 팔아요!',400000);
Insert into COMFIT.DELIVERY_PRODUCT (DELI_PD_ID,PD_TITLE,PD_NAME,PD_PHOTO,PD_AS_REMAIN,PD_START_PRICE,PD_HITCOUNT,PD_REGIT_DATE,PD_MAKER_ID,PD_AS_ID,U_ID,CF_PRICE,COMMENTS,IMD_PRICE) values ('deli_6','g304 마우스 팔아요','g304','g304.jpg','2025-10',24000,0,to_date('0022-06-16','YYYY-MM-DD'),'maker_71',1,'test2',27000,'G304 마우스 흰색입니다',27000);
Insert into COMFIT.DELIVERY_PRODUCT (DELI_PD_ID,PD_TITLE,PD_NAME,PD_PHOTO,PD_AS_REMAIN,PD_START_PRICE,PD_HITCOUNT,PD_REGIT_DATE,PD_MAKER_ID,PD_AS_ID,U_ID,CF_PRICE,COMMENTS,IMD_PRICE) values ('deli_7','한성gk893 팝니다','한성gk893','한성gk893.jpg','2023-03',95000,0,to_date('0022-06-16','YYYY-MM-DD'),'maker_66',1,'test2',97000,'이상없는 제품입니다',110000);
Insert into COMFIT.DELIVERY_PRODUCT (DELI_PD_ID,PD_TITLE,PD_NAME,PD_PHOTO,PD_AS_REMAIN,PD_START_PRICE,PD_HITCOUNT,PD_REGIT_DATE,PD_MAKER_ID,PD_AS_ID,U_ID,CF_PRICE,COMMENTS,IMD_PRICE) values ('deli_9','asdasdasd','rtx 3060','rtx 3060.jpg','sxazdas',300000,0,to_date('0022-06-16','YYYY-MM-DD'),'maker_15',3,'test2',385000,'dddd',400000);
Insert into COMFIT.DELIVERY_PRODUCT (DELI_PD_ID,PD_TITLE,PD_NAME,PD_PHOTO,PD_AS_REMAIN,PD_START_PRICE,PD_HITCOUNT,PD_REGIT_DATE,PD_MAKER_ID,PD_AS_ID,U_ID,CF_PRICE,COMMENTS,IMD_PRICE) values ('deli_10','맥스틸 마우스 팔아요','맥스틸 마우스','맥스틸 마우스.jpg','2024-02',20000,0,to_date('0022-06-16','YYYY-MM-DD'),'maker_75',2,'test2',19000,'ㅍㅍㅍ',26000);
Insert into COMFIT.DELIVERY_PRODUCT (DELI_PD_ID,PD_TITLE,PD_NAME,PD_PHOTO,PD_AS_REMAIN,PD_START_PRICE,PD_HITCOUNT,PD_REGIT_DATE,PD_MAKER_ID,PD_AS_ID,U_ID,CF_PRICE,COMMENTS,IMD_PRICE) values ('deli_11','이엠텍 gtx 1060 팔아요','gtx 1060','gtx 1060.jpg','2022-05',100000,0,to_date('2022-06-16','YYYY-MM-DD'),'maker_16',2,'test2',114000,'ㅇㅇㅇ',130000);
Insert into COMFIT.DELIVERY_PRODUCT (DELI_PD_ID,PD_TITLE,PD_NAME,PD_PHOTO,PD_AS_REMAIN,PD_START_PRICE,PD_HITCOUNT,PD_REGIT_DATE,PD_MAKER_ID,PD_AS_ID,U_ID,CF_PRICE,COMMENTS,IMD_PRICE) values ('deli_12','라이젠 5600','라이젠5600','라이젠5600.jpg','2026-10',300000,0,to_date('2022-06-16','YYYY-MM-DD'),'maker_2',2,'test2',293000,'ㅍㅍㅍ',350000);
Insert into COMFIT.DELIVERY_PRODUCT (DELI_PD_ID,PD_TITLE,PD_NAME,PD_PHOTO,PD_AS_REMAIN,PD_START_PRICE,PD_HITCOUNT,PD_REGIT_DATE,PD_MAKER_ID,PD_AS_ID,U_ID,CF_PRICE,COMMENTS,IMD_PRICE) values ('deli_13','이엠텍 gtx 1060 팔아요','gtx 1060','gtx 1060.jpg','none',100000,0,to_date('2022-06-16','YYYY-MM-DD'),'maker_16',3,'test16',114000,null,130000);
Insert into COMFIT.DELIVERY_PRODUCT (DELI_PD_ID,PD_TITLE,PD_NAME,PD_PHOTO,PD_AS_REMAIN,PD_START_PRICE,PD_HITCOUNT,PD_REGIT_DATE,PD_MAKER_ID,PD_AS_ID,U_ID,CF_PRICE,COMMENTS,IMD_PRICE) values ('deli_14','로지텍 g102 팔아요','g102','g102.jpg','none',5000,0,to_date('2022-06-16','YYYY-MM-DD'),'maker_71',3,'test16',14000,null,10000);
Insert into COMFIT.DELIVERY_PRODUCT (DELI_PD_ID,PD_TITLE,PD_NAME,PD_PHOTO,PD_AS_REMAIN,PD_START_PRICE,PD_HITCOUNT,PD_REGIT_DATE,PD_MAKER_ID,PD_AS_ID,U_ID,CF_PRICE,COMMENTS,IMD_PRICE) values ('deli_15','로지텍 g102 팔아요','g102','g102.jpg','none',5000,0,to_date('2022-06-16','YYYY-MM-DD'),'maker_71',3,'test16',14000,null,10000);
Insert into COMFIT.DELIVERY_PRODUCT (DELI_PD_ID,PD_TITLE,PD_NAME,PD_PHOTO,PD_AS_REMAIN,PD_START_PRICE,PD_HITCOUNT,PD_REGIT_DATE,PD_MAKER_ID,PD_AS_ID,U_ID,CF_PRICE,COMMENTS,IMD_PRICE) values ('deli_25','그래픽카드 완전싸게','그래픽카드','30403142620.20220103161730.jpg','2022-08',422220,0,to_date('2022-06-20','YYYY-MM-DD'),'maker_15',2,'test1',413000,'쌔거임',700000);
Insert into COMFIT.DELIVERY_PRODUCT (DELI_PD_ID,PD_TITLE,PD_NAME,PD_PHOTO,PD_AS_REMAIN,PD_START_PRICE,PD_HITCOUNT,PD_REGIT_DATE,PD_MAKER_ID,PD_AS_ID,U_ID,CF_PRICE,COMMENTS,IMD_PRICE) values ('deli_20','wddwwdwddwwdwd','RTX2070','RTX2070.jpg','none',200000,0,to_date('2022-06-17','YYYY-MM-DD'),'maker_18',3,'test1',1029000,'11',1029000);
REM INSERTING into COMFIT.DELIVERY_TA_REPORT
SET DEFINE OFF;
Insert into COMFIT.DELIVERY_TA_REPORT (REP_ID,REP_CONTENTS,REP_DATE,TRANS_REP_CID,BS_ID,REPORTER_ID) values ('ta_delirep_1','상품변질로 신고합니다.',to_date('2022-06-12','YYYY-MM-DD'),2,'bs_1',1);
REM INSERTING into COMFIT.DELI_COMPLETE_BUY
SET DEFINE OFF;
Insert into COMFIT.DELI_COMPLETE_BUY (DELI_COMP_BUY_ID,REVIEW,BUY_COMP_DATE,BS_ID) values ('dcbuy_1','잘받았습니다.',to_date('2022-06-10','YYYY-MM-DD'),'bs_1');
Insert into COMFIT.DELI_COMPLETE_BUY (DELI_COMP_BUY_ID,REVIEW,BUY_COMP_DATE,BS_ID) values ('dcbuy_3','나이스',to_date('2022-06-20','YYYY-MM-DD'),'bs_10');
Insert into COMFIT.DELI_COMPLETE_BUY (DELI_COMP_BUY_ID,REVIEW,BUY_COMP_DATE,BS_ID) values ('dcbuy_4',' 네이스',to_date('2022-06-20','YYYY-MM-DD'),'bs_9');
REM INSERTING into COMFIT.DELI_COMPLETE_SELL
SET DEFINE OFF;
Insert into COMFIT.DELI_COMPLETE_SELL (DELI_COMP_SELL_ID,PD_DELI_NUM,REVIEW,SELL_COMP_DATE,BS_ID) values ('dcsell_1','12345678901',null,to_date('2022-06-10','YYYY-MM-DD'),'bs_1');
Insert into COMFIT.DELI_COMPLETE_SELL (DELI_COMP_SELL_ID,PD_DELI_NUM,REVIEW,SELL_COMP_DATE,BS_ID) values ('dcsell_8','0002989381','고맙습니다',to_date('2022-06-20','YYYY-MM-DD'),'bs_9');
Insert into COMFIT.DELI_COMPLETE_SELL (DELI_COMP_SELL_ID,PD_DELI_NUM,REVIEW,SELL_COMP_DATE,BS_ID) values ('dcsell_6','1515','쿨거고맙습니다',to_date('2022-06-19','YYYY-MM-DD'),'bs_7');
Insert into COMFIT.DELI_COMPLETE_SELL (DELI_COMP_SELL_ID,PD_DELI_NUM,REVIEW,SELL_COMP_DATE,BS_ID) values ('dcsell_7','0002989381','고맙습니다',to_date('2022-06-20','YYYY-MM-DD'),'bs_10');
REM INSERTING into COMFIT.DELI_PD_BANNED
SET DEFINE OFF;
Insert into COMFIT.DELI_PD_BANNED (BAN_ID,BAN_REA_DETAIL,BAN_DATE,REP_ID,BAN_CATE_ID) values ('ban_1','유해한 내용을 업로드한 것을 확인함',to_date('2022-06-11','YYYY-MM-DD'),'delirep_1',1);
REM INSERTING into COMFIT.DELI_PD_REP_HANDLE
SET DEFINE OFF;
Insert into COMFIT.DELI_PD_REP_HANDLE (REP_ID,REP_HAN_DATE,AD_ID,HAN_CATE_ID) values ('delirep_1',to_date('2022-06-11','YYYY-MM-DD'),'cf_admin',2);
REM INSERTING into COMFIT.DELI_TA_BANNED
SET DEFINE OFF;
REM INSERTING into COMFIT.DELI_TA_REP_HANDLE
SET DEFINE OFF;
REM INSERTING into COMFIT.DIRECT_PD_REPORT
SET DEFINE OFF;
Insert into COMFIT.DIRECT_PD_REPORT (REP_ID,REP_CONTENTS,REP_DATE,U_ID,PD_REP_CID,DIRE_PD_ID) values ('direrep_1','허위내용으로 신고합니다.',to_date('2022-06-12','YYYY-MM-DD'),'test2',1,'dire_1');
REM INSERTING into COMFIT.DIRECT_PRODUCT
SET DEFINE OFF;
Insert into COMFIT.DIRECT_PRODUCT (DIRE_PD_ID,PD_TITLE,PD_NAME,PD_PHOTO,PD_AS_REMAIN,PD_HITCOUNT,PD_HOPEPRICE,PD_HOPE_SDATE,PD_HOPE_EDATE,PD_HOPE_STIME,PD_HOPE_ETIME,PD_HOPE_PLACE,PD_HOPE_MGRS,PD_REGIT_DATE,PD_MAKER_ID,PD_AS_ID,U_ID,CF_PRICE,COMMENTS) values ('dire_2','새거같은 레오폴드 키보드 판매','FC900R','FC900R.jpg','2개월',0,100000,to_date('2022-06-18','YYYY-MM-DD'),to_date('2022-06-20','YYYY-MM-DD'),'16:00','17:00','인천 송도 트리플스트리트','37.6568258/127.0178972',to_date('2022-06-17','YYYY-MM-DD'),'maker_70',2,'test2',0,'연습용');
Insert into COMFIT.DIRECT_PRODUCT (DIRE_PD_ID,PD_TITLE,PD_NAME,PD_PHOTO,PD_AS_REMAIN,PD_HITCOUNT,PD_HOPEPRICE,PD_HOPE_SDATE,PD_HOPE_EDATE,PD_HOPE_STIME,PD_HOPE_ETIME,PD_HOPE_PLACE,PD_HOPE_MGRS,PD_REGIT_DATE,PD_MAKER_ID,PD_AS_ID,U_ID,CF_PRICE,COMMENTS) values ('dire_1','NVIDIA 그래픽카드 개급처','GeForce RTX 3060 Ti','rtx 3060.jpg','6개월',0,1000000,to_date('2022-06-17','YYYY-MM-DD'),to_date('2022-06-20','YYYY-MM-DD'),'14:00','17:00','서울 도봉구 우이천로 50길 44','37.6568258/127.0178972',to_date('2022-06-10','YYYY-MM-DD'),'maker_3',2,'test1',0,null);
Insert into COMFIT.DIRECT_PRODUCT (DIRE_PD_ID,PD_TITLE,PD_NAME,PD_PHOTO,PD_AS_REMAIN,PD_HITCOUNT,PD_HOPEPRICE,PD_HOPE_SDATE,PD_HOPE_EDATE,PD_HOPE_STIME,PD_HOPE_ETIME,PD_HOPE_PLACE,PD_HOPE_MGRS,PD_REGIT_DATE,PD_MAKER_ID,PD_AS_ID,U_ID,CF_PRICE,COMMENTS) values ('dire_16','삼성 램 4gb 팔아요!','램','램.jpg','none',0,10000,to_date('2022-06-17','YYYY-MM-DD'),to_date('2022-06-19','YYYY-MM-DD'),'16:00 PM','20:00 PM','서울 마포구 독막로3길 13 (서교동)','37.5490138703904/126.916590603184',to_date('2022-06-17','YYYY-MM-DD'),'maker_5',3,'test1',51000,'123');
Insert into COMFIT.DIRECT_PRODUCT (DIRE_PD_ID,PD_TITLE,PD_NAME,PD_PHOTO,PD_AS_REMAIN,PD_HITCOUNT,PD_HOPEPRICE,PD_HOPE_SDATE,PD_HOPE_EDATE,PD_HOPE_STIME,PD_HOPE_ETIME,PD_HOPE_PLACE,PD_HOPE_MGRS,PD_REGIT_DATE,PD_MAKER_ID,PD_AS_ID,U_ID,CF_PRICE,COMMENTS) values ('dire_5','RTX2070 싸게팜','RTX2070','RTX2070.jpg','2025-03',0,1000000,to_date('2022-06-18','YYYY-MM-DD'),to_date('2022-06-21','YYYY-MM-DD'),'16:00 PM','19:00 PM','서울 마포구 독막로3길 17 (서교동)','37.5492271696503/126.916764977433',to_date('2022-06-17','YYYY-MM-DD'),'maker_19',2,'test2',1029000,'싸게팜');
Insert into COMFIT.DIRECT_PRODUCT (DIRE_PD_ID,PD_TITLE,PD_NAME,PD_PHOTO,PD_AS_REMAIN,PD_HITCOUNT,PD_HOPEPRICE,PD_HOPE_SDATE,PD_HOPE_EDATE,PD_HOPE_STIME,PD_HOPE_ETIME,PD_HOPE_PLACE,PD_HOPE_MGRS,PD_REGIT_DATE,PD_MAKER_ID,PD_AS_ID,U_ID,CF_PRICE,COMMENTS) values ('dire_42','이엠텍 gtx 1060 팔아요','민성 gtx1060','gtx 1060.jpg','none',0,0,to_date('2022-06-18','YYYY-MM-DD'),to_date('2022-06-19','YYYY-MM-DD'),'16:00 PM','22:00 PM','인천 계양구 새벌로112번길 12 (효성동, 현대4차아파트)','37.5263608616644/126.717322501225',to_date('2022-06-18','YYYY-MM-DD'),'maker_16',3,'test36',112000,'123');
Insert into COMFIT.DIRECT_PRODUCT (DIRE_PD_ID,PD_TITLE,PD_NAME,PD_PHOTO,PD_AS_REMAIN,PD_HITCOUNT,PD_HOPEPRICE,PD_HOPE_SDATE,PD_HOPE_EDATE,PD_HOPE_STIME,PD_HOPE_ETIME,PD_HOPE_PLACE,PD_HOPE_MGRS,PD_REGIT_DATE,PD_MAKER_ID,PD_AS_ID,U_ID,CF_PRICE,COMMENTS) values ('dire_7','RTX2070 싸게팜','RTX2070','RTX2070.jpg','2025-03',0,1000000,to_date('2022-06-18','YYYY-MM-DD'),to_date('2022-06-21','YYYY-MM-DD'),'16:00 PM','19:00 PM','서울 마포구 독막로3길 13 (서교동)','37.5490138703904/126.916590603184',to_date('2022-06-17','YYYY-MM-DD'),'maker_19',2,'test2',1029000,'ㅍㅍ');
Insert into COMFIT.DIRECT_PRODUCT (DIRE_PD_ID,PD_TITLE,PD_NAME,PD_PHOTO,PD_AS_REMAIN,PD_HITCOUNT,PD_HOPEPRICE,PD_HOPE_SDATE,PD_HOPE_EDATE,PD_HOPE_STIME,PD_HOPE_ETIME,PD_HOPE_PLACE,PD_HOPE_MGRS,PD_REGIT_DATE,PD_MAKER_ID,PD_AS_ID,U_ID,CF_PRICE,COMMENTS) values ('dire_43','데이븐 카이저 케이스 급쳐 합니다.','데이븐 pc 케이스','데이븐케이스.jpg','none',0,30000,to_date('2022-06-19','YYYY-MM-DD'),to_date('2022-06-24','YYYY-MM-DD'),'18:00 PM','20:00 PM','인천 계양구 새벌로112번길 12 (효성동, 현대4차아파트)','37.5263608616644/126.717322501225',to_date('2022-06-19','YYYY-MM-DD'),'maker_50',3,'test36',27000,'깔끔합니다');
Insert into COMFIT.DIRECT_PRODUCT (DIRE_PD_ID,PD_TITLE,PD_NAME,PD_PHOTO,PD_AS_REMAIN,PD_HITCOUNT,PD_HOPEPRICE,PD_HOPE_SDATE,PD_HOPE_EDATE,PD_HOPE_STIME,PD_HOPE_ETIME,PD_HOPE_PLACE,PD_HOPE_MGRS,PD_REGIT_DATE,PD_MAKER_ID,PD_AS_ID,U_ID,CF_PRICE,COMMENTS) values ('dire_44','삼성 m.2 ssd 1tb 970 쌔거 팝니다','삼성 m.2 ssd 1tb 970','14266774952.20200629164635.jpg','2023-03',0,198000,to_date('2022-06-20','YYYY-MM-DD'),to_date('2022-06-24','YYYY-MM-DD'),'17:00 PM','21:00 PM','인천 계양구 경명대로 지하 1089 (계산동)','37.5432900176718/126.728080590524',to_date('2022-06-19','YYYY-MM-DD'),'maker_30',1,'test1',198000,'쌔거임');
Insert into COMFIT.DIRECT_PRODUCT (DIRE_PD_ID,PD_TITLE,PD_NAME,PD_PHOTO,PD_AS_REMAIN,PD_HITCOUNT,PD_HOPEPRICE,PD_HOPE_SDATE,PD_HOPE_EDATE,PD_HOPE_STIME,PD_HOPE_ETIME,PD_HOPE_PLACE,PD_HOPE_MGRS,PD_REGIT_DATE,PD_MAKER_ID,PD_AS_ID,U_ID,CF_PRICE,COMMENTS) values ('dire_10','G304 마우스 팝니다','G304','g304.jpg','2023-04',0,25000,to_date('2022-06-18','YYYY-MM-DD'),to_date('2022-06-20','YYYY-MM-DD'),'18:00 PM','19:00 PM','서울 마포구 독막로3길 13 (서교동)','37.5490138703904/126.916590603184',to_date('2022-06-17','YYYY-MM-DD'),'maker_71',2,'test1',26000,'ㅍㅍ');
Insert into COMFIT.DIRECT_PRODUCT (DIRE_PD_ID,PD_TITLE,PD_NAME,PD_PHOTO,PD_AS_REMAIN,PD_HITCOUNT,PD_HOPEPRICE,PD_HOPE_SDATE,PD_HOPE_EDATE,PD_HOPE_STIME,PD_HOPE_ETIME,PD_HOPE_PLACE,PD_HOPE_MGRS,PD_REGIT_DATE,PD_MAKER_ID,PD_AS_ID,U_ID,CF_PRICE,COMMENTS) values ('dire_45','fsp 파워 500w 새제품 팝니다','fsp 파워 500w','파워.jpg','none',0,159000,to_date('2022-06-20','YYYY-MM-DD'),to_date('2022-06-24','YYYY-MM-DD'),'18:00 PM','21:00 PM','인천 계양구 새벌로112번길 12 (효성동, 현대4차아파트)','37.5263608616644/126.717322501225',to_date('2022-06-19','YYYY-MM-DD'),'maker_59',3,'test45',159000,'ㅎㅎ');
Insert into COMFIT.DIRECT_PRODUCT (DIRE_PD_ID,PD_TITLE,PD_NAME,PD_PHOTO,PD_AS_REMAIN,PD_HITCOUNT,PD_HOPEPRICE,PD_HOPE_SDATE,PD_HOPE_EDATE,PD_HOPE_STIME,PD_HOPE_ETIME,PD_HOPE_PLACE,PD_HOPE_MGRS,PD_REGIT_DATE,PD_MAKER_ID,PD_AS_ID,U_ID,CF_PRICE,COMMENTS) values ('dire_17','노트북 싸게팝니다','lg','노트북.jpg','none',0,687000,to_date('2022-06-19','YYYY-MM-DD'),to_date('2022-06-22','YYYY-MM-DD'),'8:00 AM','21:00 PM','서울 마포구 양화로 지하 160 (동교동)','37.5568904093718/126.923674307594',to_date('2022-06-17','YYYY-MM-DD'),'maker_112',3,'test1',687000,'노트북');
Insert into COMFIT.DIRECT_PRODUCT (DIRE_PD_ID,PD_TITLE,PD_NAME,PD_PHOTO,PD_AS_REMAIN,PD_HITCOUNT,PD_HOPEPRICE,PD_HOPE_SDATE,PD_HOPE_EDATE,PD_HOPE_STIME,PD_HOPE_ETIME,PD_HOPE_PLACE,PD_HOPE_MGRS,PD_REGIT_DATE,PD_MAKER_ID,PD_AS_ID,U_ID,CF_PRICE,COMMENTS) values ('dire_49','노트북 팔아요','노트북','31302646618.202203141855182.jpg','none',0,800000,to_date('2022-06-20','YYYY-MM-DD'),to_date('2022-06-24','YYYY-MM-DD'),'15:00 PM','21:00 PM','서울 마포구 독막로3길 13 (서교동)','37.5490138703904/126.916590603184',to_date('2022-06-20','YYYY-MM-DD'),'maker_109',3,'test2',792000,'`12');
Insert into COMFIT.DIRECT_PRODUCT (DIRE_PD_ID,PD_TITLE,PD_NAME,PD_PHOTO,PD_AS_REMAIN,PD_HITCOUNT,PD_HOPEPRICE,PD_HOPE_SDATE,PD_HOPE_EDATE,PD_HOPE_STIME,PD_HOPE_ETIME,PD_HOPE_PLACE,PD_HOPE_MGRS,PD_REGIT_DATE,PD_MAKER_ID,PD_AS_ID,U_ID,CF_PRICE,COMMENTS) values ('dire_34','이엠텍 gtx 1060 팔아요','gtx 1060','gtx 1060.jpg','none',0,222222,to_date('2022-06-17','YYYY-MM-DD'),to_date('2022-06-19','YYYY-MM-DD'),'21:00 PM','22:00 PM','경남 창원시 성산구 창원대로 442 (대원동)','35.2315135699639/128.644783402524',to_date('2022-06-17','YYYY-MM-DD'),'maker_16',3,'test36',112000,'ㄴ');
Insert into COMFIT.DIRECT_PRODUCT (DIRE_PD_ID,PD_TITLE,PD_NAME,PD_PHOTO,PD_AS_REMAIN,PD_HITCOUNT,PD_HOPEPRICE,PD_HOPE_SDATE,PD_HOPE_EDATE,PD_HOPE_STIME,PD_HOPE_ETIME,PD_HOPE_PLACE,PD_HOPE_MGRS,PD_REGIT_DATE,PD_MAKER_ID,PD_AS_ID,U_ID,CF_PRICE,COMMENTS) values ('dire_50','모니터 팝니다','모니터','apple-touch-icon.png','2022-08',0,200000,to_date('2022-06-20','YYYY-MM-DD'),to_date('2022-06-25','YYYY-MM-DD'),'10:00 AM','23:00 PM','서울 마포구 독막로3길 13 (서교동)','37.5490138703904/126.916590603184',to_date('2022-06-20','YYYY-MM-DD'),'maker_78',2,'test37',180000,'없어용');
Insert into COMFIT.DIRECT_PRODUCT (DIRE_PD_ID,PD_TITLE,PD_NAME,PD_PHOTO,PD_AS_REMAIN,PD_HITCOUNT,PD_HOPEPRICE,PD_HOPE_SDATE,PD_HOPE_EDATE,PD_HOPE_STIME,PD_HOPE_ETIME,PD_HOPE_PLACE,PD_HOPE_MGRS,PD_REGIT_DATE,PD_MAKER_ID,PD_AS_ID,U_ID,CF_PRICE,COMMENTS) values ('dire_51','맥북 개싸게팜','macbook','macbook2.jpeg','none',0,1200000,to_date('2022-06-20','YYYY-MM-DD'),to_date('2022-06-23','YYYY-MM-DD'),'14:00 PM','19:00 PM','서울 마포구 양화로 지하 160 (동교동)','37.5568904093718/126.923674307594',to_date('2022-06-20','YYYY-MM-DD'),'maker_110',3,'test48',1346000,'급처');
Insert into COMFIT.DIRECT_PRODUCT (DIRE_PD_ID,PD_TITLE,PD_NAME,PD_PHOTO,PD_AS_REMAIN,PD_HITCOUNT,PD_HOPEPRICE,PD_HOPE_SDATE,PD_HOPE_EDATE,PD_HOPE_STIME,PD_HOPE_ETIME,PD_HOPE_PLACE,PD_HOPE_MGRS,PD_REGIT_DATE,PD_MAKER_ID,PD_AS_ID,U_ID,CF_PRICE,COMMENTS) values ('dire_41','마닉 키보드 팔아요','마이크로닉스 키보드','20612627710.20191022173313.jpg','2023-03',0,35000,to_date('2022-06-19','YYYY-MM-DD'),to_date('2022-06-22','YYYY-MM-DD'),'14:00 PM','19:00 PM','경기 성남시 분당구 서판교로 32 (판교동)','37.389777093851/127.097880906475',to_date('2022-06-18','YYYY-MM-DD'),'maker_62',1,'test43',36000,'ㅍㅍ');
REM INSERTING into COMFIT.DIRECT_TA_REPORT
SET DEFINE OFF;
REM INSERTING into COMFIT.DIRE_COMPLETE_BUY
SET DEFINE OFF;
Insert into COMFIT.DIRE_COMPLETE_BUY (DIRE_COMP_BUY_ID,REVIEW,BUY_COMP_DATE,SELECTED_ID) values ('rcBuy_1','좋았어요',to_date('2022-06-10','YYYY-MM-DD'),'sel_1');
Insert into COMFIT.DIRE_COMPLETE_BUY (DIRE_COMP_BUY_ID,REVIEW,BUY_COMP_DATE,SELECTED_ID) values ('rcBuy_5','아싸라비용',to_date('2022-06-18','YYYY-MM-DD'),'sel_6');
Insert into COMFIT.DIRE_COMPLETE_BUY (DIRE_COMP_BUY_ID,REVIEW,BUY_COMP_DATE,SELECTED_ID) values ('rcBuy_3','감사합니다',to_date('2022-06-18','YYYY-MM-DD'),'sel_9');
Insert into COMFIT.DIRE_COMPLETE_BUY (DIRE_COMP_BUY_ID,REVIEW,BUY_COMP_DATE,SELECTED_ID) values ('rcBuy_7','123',to_date('2022-06-19','YYYY-MM-DD'),'sel_11');
Insert into COMFIT.DIRE_COMPLETE_BUY (DIRE_COMP_BUY_ID,REVIEW,BUY_COMP_DATE,SELECTED_ID) values ('rcBuy_6','굿',to_date('2022-06-19','YYYY-MM-DD'),'sel_10');
Insert into COMFIT.DIRE_COMPLETE_BUY (DIRE_COMP_BUY_ID,REVIEW,BUY_COMP_DATE,SELECTED_ID) values ('rcBuy_8','쿨거래 감사요',to_date('2022-06-19','YYYY-MM-DD'),'sel_12');
Insert into COMFIT.DIRE_COMPLETE_BUY (DIRE_COMP_BUY_ID,REVIEW,BUY_COMP_DATE,SELECTED_ID) values ('rcBuy_9','감삼당',to_date('2022-06-19','YYYY-MM-DD'),'sel_13');
Insert into COMFIT.DIRE_COMPLETE_BUY (DIRE_COMP_BUY_ID,REVIEW,BUY_COMP_DATE,SELECTED_ID) values ('rcBuy_10','감사해요~!',to_date('2022-06-20','YYYY-MM-DD'),'sel_14');
Insert into COMFIT.DIRE_COMPLETE_BUY (DIRE_COMP_BUY_ID,REVIEW,BUY_COMP_DATE,SELECTED_ID) values ('rcBuy_11','qrqrqrq',to_date('2022-06-20','YYYY-MM-DD'),'sel_15');
REM INSERTING into COMFIT.DIRE_COMPLETE_SELL
SET DEFINE OFF;
Insert into COMFIT.DIRE_COMPLETE_SELL (DIRE_COMP_SELL_ID,REVIEW,SELL_COMP_DATE,SELECTED_ID) values ('rcsell_1','좋았어요',to_date('2022-06-10','YYYY-MM-DD'),'sel_1');
Insert into COMFIT.DIRE_COMPLETE_SELL (DIRE_COMP_SELL_ID,REVIEW,SELL_COMP_DATE,SELECTED_ID) values ('rcsell_2','개쿨거래 ㄱㅅ',to_date('2022-06-18','YYYY-MM-DD'),'sel_8');
Insert into COMFIT.DIRE_COMPLETE_SELL (DIRE_COMP_SELL_ID,REVIEW,SELL_COMP_DATE,SELECTED_ID) values ('rcsell_3','깔껌',to_date('2022-06-19','YYYY-MM-DD'),'sel_10');
Insert into COMFIT.DIRE_COMPLETE_SELL (DIRE_COMP_SELL_ID,REVIEW,SELL_COMP_DATE,SELECTED_ID) values ('rcsell_4','개꿜',to_date('2022-06-19','YYYY-MM-DD'),'sel_11');
Insert into COMFIT.DIRE_COMPLETE_SELL (DIRE_COMP_SELL_ID,REVIEW,SELL_COMP_DATE,SELECTED_ID) values ('rcsell_5','개쿨거래 ㄱㅅ',to_date('2022-06-19','YYYY-MM-DD'),'sel_12');
Insert into COMFIT.DIRE_COMPLETE_SELL (DIRE_COMP_SELL_ID,REVIEW,SELL_COMP_DATE,SELECTED_ID) values ('rcsell_6','쿨거감사요~',to_date('2022-06-19','YYYY-MM-DD'),'sel_13');
Insert into COMFIT.DIRE_COMPLETE_SELL (DIRE_COMP_SELL_ID,REVIEW,SELL_COMP_DATE,SELECTED_ID) values ('rcsell_7',null,to_date('2022-06-20','YYYY-MM-DD'),'sel_14');
Insert into COMFIT.DIRE_COMPLETE_SELL (DIRE_COMP_SELL_ID,REVIEW,SELL_COMP_DATE,SELECTED_ID) values ('rcsell_8','rtrt',to_date('2022-06-20','YYYY-MM-DD'),'sel_15');
REM INSERTING into COMFIT.DIRE_PD_BANNED
SET DEFINE OFF;
REM INSERTING into COMFIT.DIRE_PD_REP_HANDLE
SET DEFINE OFF;
REM INSERTING into COMFIT.DIRE_TA_BANNED
SET DEFINE OFF;
REM INSERTING into COMFIT.DIRE_TA_REP_HANDLE
SET DEFINE OFF;
REM INSERTING into COMFIT.FAQ
SET DEFINE OFF;
Insert into COMFIT.FAQ (FAQ_ID,FAQ_TITLE,FAQ_CONTENTS) values (1,'구매확정이란?','구매확정이란 거래가 완료된 이후 거래가 잘 성사되었음을 확인시켜주는 행위입니다. 마이페이지에서 진행하실 수 있습니다.');
Insert into COMFIT.FAQ (FAQ_ID,FAQ_TITLE,FAQ_CONTENTS) values (5,'회원 탈퇴를 하고 싶어요.','마이페이지 -> 회원정보 -> 회원탈퇴 메뉴에서 회원 탈퇴를 진행 할 수 있습니다. 회원정보는 탈퇴 후 6달동안 보관됩니다.');
Insert into COMFIT.FAQ (FAQ_ID,FAQ_TITLE,FAQ_CONTENTS) values (7,'글쓰기 테스트','1234');
Insert into COMFIT.FAQ (FAQ_ID,FAQ_TITLE,FAQ_CONTENTS) values (8,'ㅇd','ㅇf');
Insert into COMFIT.FAQ (FAQ_ID,FAQ_TITLE,FAQ_CONTENTS) values (10,'20220613 추가,수정,삭제','.');
REM INSERTING into COMFIT.INPUT_MONEY
SET DEFINE OFF;
Insert into COMFIT.INPUT_MONEY (IN_M_ID,IN_MONEY,IN_DATE,IN_ACCOUNT,U_ID,BANK_ID) values ('inm_1',500000,to_date('2022-06-10','YYYY-MM-DD'),'941602-00-228699','test1',1);
Insert into COMFIT.INPUT_MONEY (IN_M_ID,IN_MONEY,IN_DATE,IN_ACCOUNT,U_ID,BANK_ID) values ('inm_2',3000000,to_date('2022-06-18','YYYY-MM-DD'),'941610-11-315477','test2',2);
Insert into COMFIT.INPUT_MONEY (IN_M_ID,IN_MONEY,IN_DATE,IN_ACCOUNT,U_ID,BANK_ID) values ('inm_3',10000,to_date('2022-06-18','YYYY-MM-DD'),'941602-00-228699','test43',4);
Insert into COMFIT.INPUT_MONEY (IN_M_ID,IN_MONEY,IN_DATE,IN_ACCOUNT,U_ID,BANK_ID) values ('inm_4',20000,to_date('2022-06-18','YYYY-MM-DD'),'941602-00-228699','test43',4);
Insert into COMFIT.INPUT_MONEY (IN_M_ID,IN_MONEY,IN_DATE,IN_ACCOUNT,U_ID,BANK_ID) values ('inm_5',30000,to_date('2022-06-18','YYYY-MM-DD'),'941602-00-228699','test43',4);
Insert into COMFIT.INPUT_MONEY (IN_M_ID,IN_MONEY,IN_DATE,IN_ACCOUNT,U_ID,BANK_ID) values ('inm_6',10000,to_date('2022-06-18','YYYY-MM-DD'),'941602-00-228699','test43',4);
Insert into COMFIT.INPUT_MONEY (IN_M_ID,IN_MONEY,IN_DATE,IN_ACCOUNT,U_ID,BANK_ID) values ('inm_7',10000,to_date('2022-06-18','YYYY-MM-DD'),'941602-00-228699','test43',4);
Insert into COMFIT.INPUT_MONEY (IN_M_ID,IN_MONEY,IN_DATE,IN_ACCOUNT,U_ID,BANK_ID) values ('inm_8',10000,to_date('2022-06-18','YYYY-MM-DD'),'941602-00-228699','test43',4);
Insert into COMFIT.INPUT_MONEY (IN_M_ID,IN_MONEY,IN_DATE,IN_ACCOUNT,U_ID,BANK_ID) values ('inm_9',100000,to_date('2022-06-18','YYYY-MM-DD'),'941602-00-228699','test43',4);
Insert into COMFIT.INPUT_MONEY (IN_M_ID,IN_MONEY,IN_DATE,IN_ACCOUNT,U_ID,BANK_ID) values ('inm_10',20000,to_date('2022-06-18','YYYY-MM-DD'),'941602-00-228699','test43',4);
Insert into COMFIT.INPUT_MONEY (IN_M_ID,IN_MONEY,IN_DATE,IN_ACCOUNT,U_ID,BANK_ID) values ('inm_11',20000,to_date('2022-06-18','YYYY-MM-DD'),'941602-00-228699','test43',4);
Insert into COMFIT.INPUT_MONEY (IN_M_ID,IN_MONEY,IN_DATE,IN_ACCOUNT,U_ID,BANK_ID) values ('inm_12',20000,to_date('2022-06-18','YYYY-MM-DD'),'941602-00-228699','test43',4);
Insert into COMFIT.INPUT_MONEY (IN_M_ID,IN_MONEY,IN_DATE,IN_ACCOUNT,U_ID,BANK_ID) values ('inm_13',100000,to_date('2022-06-18','YYYY-MM-DD'),'941602-00-228699','test43',4);
Insert into COMFIT.INPUT_MONEY (IN_M_ID,IN_MONEY,IN_DATE,IN_ACCOUNT,U_ID,BANK_ID) values ('inm_14',100000,to_date('2022-06-18','YYYY-MM-DD'),'941602-00-228699','test43',4);
Insert into COMFIT.INPUT_MONEY (IN_M_ID,IN_MONEY,IN_DATE,IN_ACCOUNT,U_ID,BANK_ID) values ('inm_15',100000,to_date('2022-06-18','YYYY-MM-DD'),'941602-00-228699','test43',4);
Insert into COMFIT.INPUT_MONEY (IN_M_ID,IN_MONEY,IN_DATE,IN_ACCOUNT,U_ID,BANK_ID) values ('inm_16',500000,to_date('2022-06-18','YYYY-MM-DD'),'941602-00-228699','test43',4);
Insert into COMFIT.INPUT_MONEY (IN_M_ID,IN_MONEY,IN_DATE,IN_ACCOUNT,U_ID,BANK_ID) values ('inm_17',200000,to_date('2022-06-18','YYYY-MM-DD'),'941602-00-228699','test43',4);
Insert into COMFIT.INPUT_MONEY (IN_M_ID,IN_MONEY,IN_DATE,IN_ACCOUNT,U_ID,BANK_ID) values ('inm_18',10000,to_date('2022-06-18','YYYY-MM-DD'),'941602-00-228699','test43',4);
Insert into COMFIT.INPUT_MONEY (IN_M_ID,IN_MONEY,IN_DATE,IN_ACCOUNT,U_ID,BANK_ID) values ('inm_19',10000,to_date('2022-06-18','YYYY-MM-DD'),'941602-00-228699','test43',4);
Insert into COMFIT.INPUT_MONEY (IN_M_ID,IN_MONEY,IN_DATE,IN_ACCOUNT,U_ID,BANK_ID) values ('inm_20',100000,to_date('2022-06-18','YYYY-MM-DD'),'941602-00-228699','test43',4);
Insert into COMFIT.INPUT_MONEY (IN_M_ID,IN_MONEY,IN_DATE,IN_ACCOUNT,U_ID,BANK_ID) values ('inm_21',100000,to_date('2022-06-18','YYYY-MM-DD'),'941602-00-228699','test43',4);
Insert into COMFIT.INPUT_MONEY (IN_M_ID,IN_MONEY,IN_DATE,IN_ACCOUNT,U_ID,BANK_ID) values ('inm_22',200000,to_date('2022-06-18','YYYY-MM-DD'),'941602-00-228699','test43',4);
Insert into COMFIT.INPUT_MONEY (IN_M_ID,IN_MONEY,IN_DATE,IN_ACCOUNT,U_ID,BANK_ID) values ('inm_23',200000,to_date('2022-06-18','YYYY-MM-DD'),'941602-00-228699','test43',4);
Insert into COMFIT.INPUT_MONEY (IN_M_ID,IN_MONEY,IN_DATE,IN_ACCOUNT,U_ID,BANK_ID) values ('inm_24',100000,to_date('2022-06-18','YYYY-MM-DD'),'941602-00-228699','test36',4);
Insert into COMFIT.INPUT_MONEY (IN_M_ID,IN_MONEY,IN_DATE,IN_ACCOUNT,U_ID,BANK_ID) values ('inm_25',1000000,to_date('2022-06-19','YYYY-MM-DD'),'941602-00-228699','test36',4);
Insert into COMFIT.INPUT_MONEY (IN_M_ID,IN_MONEY,IN_DATE,IN_ACCOUNT,U_ID,BANK_ID) values ('inm_26',1000000,to_date('2022-06-19','YYYY-MM-DD'),'941602-00-228699','test33',4);
Insert into COMFIT.INPUT_MONEY (IN_M_ID,IN_MONEY,IN_DATE,IN_ACCOUNT,U_ID,BANK_ID) values ('inm_27',1000000,to_date('2022-06-19','YYYY-MM-DD'),'941602-00-228699','test33',4);
Insert into COMFIT.INPUT_MONEY (IN_M_ID,IN_MONEY,IN_DATE,IN_ACCOUNT,U_ID,BANK_ID) values ('inm_28',300000,to_date('2022-06-19','YYYY-MM-DD'),'941602-00-228699','test45',4);
Insert into COMFIT.INPUT_MONEY (IN_M_ID,IN_MONEY,IN_DATE,IN_ACCOUNT,U_ID,BANK_ID) values ('inm_29',1000000,to_date('2022-06-19','YYYY-MM-DD'),'941602-00-228699','test47',4);
Insert into COMFIT.INPUT_MONEY (IN_M_ID,IN_MONEY,IN_DATE,IN_ACCOUNT,U_ID,BANK_ID) values ('inm_30',1000000,to_date('2022-06-20','YYYY-MM-DD'),'941602-00-228699','test1',4);
Insert into COMFIT.INPUT_MONEY (IN_M_ID,IN_MONEY,IN_DATE,IN_ACCOUNT,U_ID,BANK_ID) values ('inm_31',10000000,to_date('2022-06-20','YYYY-MM-DD'),'941602-00-228699','test37',4);
Insert into COMFIT.INPUT_MONEY (IN_M_ID,IN_MONEY,IN_DATE,IN_ACCOUNT,U_ID,BANK_ID) values ('inm_32',1000000,to_date('2022-06-20','YYYY-MM-DD'),'941602-00-228699','test1',4);
REM INSERTING into COMFIT.OUTPUT_MONEY
SET DEFINE OFF;
Insert into COMFIT.OUTPUT_MONEY (OUT_M_ID,OUT_MONEY,OUT_DATE,OUT_ACCOUNT,U_ID,BANK_ID) values ('outm_1',500000,to_date('2022-06-10','YYYY-MM-DD'),'941602-00-228699','test1',1);
Insert into COMFIT.OUTPUT_MONEY (OUT_M_ID,OUT_MONEY,OUT_DATE,OUT_ACCOUNT,U_ID,BANK_ID) values ('outm_2',10000,to_date('2022-06-18','YYYY-MM-DD'),'3333-03-7433388','test43',7);
Insert into COMFIT.OUTPUT_MONEY (OUT_M_ID,OUT_MONEY,OUT_DATE,OUT_ACCOUNT,U_ID,BANK_ID) values ('outm_3',20000,to_date('2022-06-18','YYYY-MM-DD'),'3333-03-7433388','test43',7);
Insert into COMFIT.OUTPUT_MONEY (OUT_M_ID,OUT_MONEY,OUT_DATE,OUT_ACCOUNT,U_ID,BANK_ID) values ('outm_4',30000,to_date('2022-06-18','YYYY-MM-DD'),'3333-03-7433388','test43',7);
Insert into COMFIT.OUTPUT_MONEY (OUT_M_ID,OUT_MONEY,OUT_DATE,OUT_ACCOUNT,U_ID,BANK_ID) values ('outm_5',40000,to_date('2022-06-18','YYYY-MM-DD'),'3333-03-7433388','test43',7);
Insert into COMFIT.OUTPUT_MONEY (OUT_M_ID,OUT_MONEY,OUT_DATE,OUT_ACCOUNT,U_ID,BANK_ID) values ('outm_6',20000,to_date('2022-06-18','YYYY-MM-DD'),'3333-03-7433388','test43',7);
Insert into COMFIT.OUTPUT_MONEY (OUT_M_ID,OUT_MONEY,OUT_DATE,OUT_ACCOUNT,U_ID,BANK_ID) values ('outm_7',10000,to_date('2022-06-18','YYYY-MM-DD'),'3333-03-7433388','test43',7);
Insert into COMFIT.OUTPUT_MONEY (OUT_M_ID,OUT_MONEY,OUT_DATE,OUT_ACCOUNT,U_ID,BANK_ID) values ('outm_8',200000,to_date('2022-06-18','YYYY-MM-DD'),'3333-03-7433388','test43',7);
Insert into COMFIT.OUTPUT_MONEY (OUT_M_ID,OUT_MONEY,OUT_DATE,OUT_ACCOUNT,U_ID,BANK_ID) values ('outm_9',20000,to_date('2022-06-18','YYYY-MM-DD'),'3333-03-7433388','test43',7);
Insert into COMFIT.OUTPUT_MONEY (OUT_M_ID,OUT_MONEY,OUT_DATE,OUT_ACCOUNT,U_ID,BANK_ID) values ('outm_10',500000,to_date('2022-06-18','YYYY-MM-DD'),'3333-03-7433388','test43',7);
Insert into COMFIT.OUTPUT_MONEY (OUT_M_ID,OUT_MONEY,OUT_DATE,OUT_ACCOUNT,U_ID,BANK_ID) values ('outm_11',300000,to_date('2022-06-18','YYYY-MM-DD'),'3333-03-7433388','test43',7);
Insert into COMFIT.OUTPUT_MONEY (OUT_M_ID,OUT_MONEY,OUT_DATE,OUT_ACCOUNT,U_ID,BANK_ID) values ('outm_12',200000,to_date('2022-06-18','YYYY-MM-DD'),'3333-03-7433388','test43',7);
Insert into COMFIT.OUTPUT_MONEY (OUT_M_ID,OUT_MONEY,OUT_DATE,OUT_ACCOUNT,U_ID,BANK_ID) values ('outm_13',20000,to_date('2022-06-18','YYYY-MM-DD'),'3333-03-7433388','test43',7);
Insert into COMFIT.OUTPUT_MONEY (OUT_M_ID,OUT_MONEY,OUT_DATE,OUT_ACCOUNT,U_ID,BANK_ID) values ('outm_14',10000,to_date('2022-06-18','YYYY-MM-DD'),'3333-03-7433388','test43',7);
Insert into COMFIT.OUTPUT_MONEY (OUT_M_ID,OUT_MONEY,OUT_DATE,OUT_ACCOUNT,U_ID,BANK_ID) values ('outm_15',20000,to_date('2022-06-18','YYYY-MM-DD'),'3333-03-7433388','test43',7);
Insert into COMFIT.OUTPUT_MONEY (OUT_M_ID,OUT_MONEY,OUT_DATE,OUT_ACCOUNT,U_ID,BANK_ID) values ('outm_16',20000,to_date('2022-06-18','YYYY-MM-DD'),'3333-03-7433388','test43',7);
Insert into COMFIT.OUTPUT_MONEY (OUT_M_ID,OUT_MONEY,OUT_DATE,OUT_ACCOUNT,U_ID,BANK_ID) values ('outm_17',20000,to_date('2022-06-18','YYYY-MM-DD'),'3333-03-7433388','test43',7);
Insert into COMFIT.OUTPUT_MONEY (OUT_M_ID,OUT_MONEY,OUT_DATE,OUT_ACCOUNT,U_ID,BANK_ID) values ('outm_18',200000,to_date('2022-06-18','YYYY-MM-DD'),'3333-03-7433388','test43',7);
Insert into COMFIT.OUTPUT_MONEY (OUT_M_ID,OUT_MONEY,OUT_DATE,OUT_ACCOUNT,U_ID,BANK_ID) values ('outm_19',10000,to_date('2022-06-18','YYYY-MM-DD'),'3333-03-7433388','test43',7);
Insert into COMFIT.OUTPUT_MONEY (OUT_M_ID,OUT_MONEY,OUT_DATE,OUT_ACCOUNT,U_ID,BANK_ID) values ('outm_20',10000,to_date('2022-06-18','YYYY-MM-DD'),'3333-03-7433388','test43',7);
Insert into COMFIT.OUTPUT_MONEY (OUT_M_ID,OUT_MONEY,OUT_DATE,OUT_ACCOUNT,U_ID,BANK_ID) values ('outm_21',30000,to_date('2022-06-18','YYYY-MM-DD'),'656502-01-450731','test36',1);
REM INSERTING into COMFIT.PD_REP_CATEGORY
SET DEFINE OFF;
Insert into COMFIT.PD_REP_CATEGORY (PD_REP_CID,REP_CATE_NAME) values (1,'허위내용');
Insert into COMFIT.PD_REP_CATEGORY (PD_REP_CID,REP_CATE_NAME) values (2,'불법홍보물');
Insert into COMFIT.PD_REP_CATEGORY (PD_REP_CID,REP_CATE_NAME) values (3,'유해매체물');
REM INSERTING into COMFIT.PRODUCT_AS
SET DEFINE OFF;
Insert into COMFIT.PRODUCT_AS (PD_AS_ID,PD_AS_NAME) values (1,'유상가능');
Insert into COMFIT.PRODUCT_AS (PD_AS_ID,PD_AS_NAME) values (2,'무상가능');
Insert into COMFIT.PRODUCT_AS (PD_AS_ID,PD_AS_NAME) values (3,'불가능');
REM INSERTING into COMFIT.PRODUCT_CATEGORY
SET DEFINE OFF;
Insert into COMFIT.PRODUCT_CATEGORY (PD_CATEGORY_ID,CATEGORY_NAME) values (1,'CPU');
Insert into COMFIT.PRODUCT_CATEGORY (PD_CATEGORY_ID,CATEGORY_NAME) values (2,'그래픽카드');
Insert into COMFIT.PRODUCT_CATEGORY (PD_CATEGORY_ID,CATEGORY_NAME) values (3,'RAM');
Insert into COMFIT.PRODUCT_CATEGORY (PD_CATEGORY_ID,CATEGORY_NAME) values (4,'메인보드');
Insert into COMFIT.PRODUCT_CATEGORY (PD_CATEGORY_ID,CATEGORY_NAME) values (5,'SSD');
Insert into COMFIT.PRODUCT_CATEGORY (PD_CATEGORY_ID,CATEGORY_NAME) values (6,'HDD');
Insert into COMFIT.PRODUCT_CATEGORY (PD_CATEGORY_ID,CATEGORY_NAME) values (7,'외장HDD/SSD');
Insert into COMFIT.PRODUCT_CATEGORY (PD_CATEGORY_ID,CATEGORY_NAME) values (8,'PC케이스');
Insert into COMFIT.PRODUCT_CATEGORY (PD_CATEGORY_ID,CATEGORY_NAME) values (9,'파워서플라이');
Insert into COMFIT.PRODUCT_CATEGORY (PD_CATEGORY_ID,CATEGORY_NAME) values (10,'키보드');
Insert into COMFIT.PRODUCT_CATEGORY (PD_CATEGORY_ID,CATEGORY_NAME) values (11,'마우스');
Insert into COMFIT.PRODUCT_CATEGORY (PD_CATEGORY_ID,CATEGORY_NAME) values (12,'모니터');
Insert into COMFIT.PRODUCT_CATEGORY (PD_CATEGORY_ID,CATEGORY_NAME) values (13,'PC스피커');
Insert into COMFIT.PRODUCT_CATEGORY (PD_CATEGORY_ID,CATEGORY_NAME) values (14,'복합기');
Insert into COMFIT.PRODUCT_CATEGORY (PD_CATEGORY_ID,CATEGORY_NAME) values (15,'공유기');
Insert into COMFIT.PRODUCT_CATEGORY (PD_CATEGORY_ID,CATEGORY_NAME) values (16,'노트북');
REM INSERTING into COMFIT.PRODUCT_MAKER
SET DEFINE OFF;
Insert into COMFIT.PRODUCT_MAKER (PD_MAKER_ID,MAKER_NAME,MAKER_NAME2,PD_CATEGORY_ID) values ('maker_1','인텔','Intel',1);
Insert into COMFIT.PRODUCT_MAKER (PD_MAKER_ID,MAKER_NAME,MAKER_NAME2,PD_CATEGORY_ID) values ('maker_2','AMD','에이엠디',1);
Insert into COMFIT.PRODUCT_MAKER (PD_MAKER_ID,MAKER_NAME,MAKER_NAME2,PD_CATEGORY_ID) values ('maker_3','엔비디아','NVIDIA',2);
Insert into COMFIT.PRODUCT_MAKER (PD_MAKER_ID,MAKER_NAME,MAKER_NAME2,PD_CATEGORY_ID) values ('maker_4','AMD','에이엠디',2);
Insert into COMFIT.PRODUCT_MAKER (PD_MAKER_ID,MAKER_NAME,MAKER_NAME2,PD_CATEGORY_ID) values ('maker_5','삼성전자','SAMSUNG',3);
Insert into COMFIT.PRODUCT_MAKER (PD_MAKER_ID,MAKER_NAME,MAKER_NAME2,PD_CATEGORY_ID) values ('maker_6','마이크론','Micron',3);
Insert into COMFIT.PRODUCT_MAKER (PD_MAKER_ID,MAKER_NAME,MAKER_NAME2,PD_CATEGORY_ID) values ('maker_7','갤럭시','galaxy',3);
Insert into COMFIT.PRODUCT_MAKER (PD_MAKER_ID,MAKER_NAME,MAKER_NAME2,PD_CATEGORY_ID) values ('maker_8','SK하이닉스','SK hynix',3);
Insert into COMFIT.PRODUCT_MAKER (PD_MAKER_ID,MAKER_NAME,MAKER_NAME2,PD_CATEGORY_ID) values ('maker_9','커세어','CORSAIR',3);
Insert into COMFIT.PRODUCT_MAKER (PD_MAKER_ID,MAKER_NAME,MAKER_NAME2,PD_CATEGORY_ID) values ('maker_10','지스킬','G.SKILL',3);
Insert into COMFIT.PRODUCT_MAKER (PD_MAKER_ID,MAKER_NAME,MAKER_NAME2,PD_CATEGORY_ID) values ('maker_11','에센코어','ESSENCORE',3);
Insert into COMFIT.PRODUCT_MAKER (PD_MAKER_ID,MAKER_NAME,MAKER_NAME2,PD_CATEGORY_ID) values ('maker_12','ADATA','에이데이타',3);
Insert into COMFIT.PRODUCT_MAKER (PD_MAKER_ID,MAKER_NAME,MAKER_NAME2,PD_CATEGORY_ID) values ('maker_13','게일','GeIL',3);
Insert into COMFIT.PRODUCT_MAKER (PD_MAKER_ID,MAKER_NAME,MAKER_NAME2,PD_CATEGORY_ID) values ('maker_14','팀그룹','TeamGroup',3);
Insert into COMFIT.PRODUCT_MAKER (PD_MAKER_ID,MAKER_NAME,MAKER_NAME2,PD_CATEGORY_ID) values ('maker_15','MSI','엠에스아이',2);
Insert into COMFIT.PRODUCT_MAKER (PD_MAKER_ID,MAKER_NAME,MAKER_NAME2,PD_CATEGORY_ID) values ('maker_16','이엠텍','EMTEK ',2);
Insert into COMFIT.PRODUCT_MAKER (PD_MAKER_ID,MAKER_NAME,MAKER_NAME2,PD_CATEGORY_ID) values ('maker_17','게인워드','GAINWARD',2);
Insert into COMFIT.PRODUCT_MAKER (PD_MAKER_ID,MAKER_NAME,MAKER_NAME2,PD_CATEGORY_ID) values ('maker_18','조텍','ZOTAC',2);
Insert into COMFIT.PRODUCT_MAKER (PD_MAKER_ID,MAKER_NAME,MAKER_NAME2,PD_CATEGORY_ID) values ('maker_19','갤럭시','galaxy',2);
Insert into COMFIT.PRODUCT_MAKER (PD_MAKER_ID,MAKER_NAME,MAKER_NAME2,PD_CATEGORY_ID) values ('maker_20','ASUS','아수스',2);
Insert into COMFIT.PRODUCT_MAKER (PD_MAKER_ID,MAKER_NAME,MAKER_NAME2,PD_CATEGORY_ID) values ('maker_21','기가바이트','GIGABYTE',2);
Insert into COMFIT.PRODUCT_MAKER (PD_MAKER_ID,MAKER_NAME,MAKER_NAME2,PD_CATEGORY_ID) values ('maker_22','파워칼라','PowerColor',2);
Insert into COMFIT.PRODUCT_MAKER (PD_MAKER_ID,MAKER_NAME,MAKER_NAME2,PD_CATEGORY_ID) values ('maker_23','INNO3D','이노쓰리디',2);
Insert into COMFIT.PRODUCT_MAKER (PD_MAKER_ID,MAKER_NAME,MAKER_NAME2,PD_CATEGORY_ID) values ('maker_24','EVGA','에브가',2);
Insert into COMFIT.PRODUCT_MAKER (PD_MAKER_ID,MAKER_NAME,MAKER_NAME2,PD_CATEGORY_ID) values ('maker_25','ASUS','아수스',4);
Insert into COMFIT.PRODUCT_MAKER (PD_MAKER_ID,MAKER_NAME,MAKER_NAME2,PD_CATEGORY_ID) values ('maker_26','MSI','엠에스아이',4);
Insert into COMFIT.PRODUCT_MAKER (PD_MAKER_ID,MAKER_NAME,MAKER_NAME2,PD_CATEGORY_ID) values ('maker_27','애즈락','ASRock',4);
Insert into COMFIT.PRODUCT_MAKER (PD_MAKER_ID,MAKER_NAME,MAKER_NAME2,PD_CATEGORY_ID) values ('maker_28','기가바이트','GIGABYTE',4);
Insert into COMFIT.PRODUCT_MAKER (PD_MAKER_ID,MAKER_NAME,MAKER_NAME2,PD_CATEGORY_ID) values ('maker_29','바이오스타','BIOSTAR',4);
Insert into COMFIT.PRODUCT_MAKER (PD_MAKER_ID,MAKER_NAME,MAKER_NAME2,PD_CATEGORY_ID) values ('maker_30','삼성전자','SAMSUNG',5);
Insert into COMFIT.PRODUCT_MAKER (PD_MAKER_ID,MAKER_NAME,MAKER_NAME2,PD_CATEGORY_ID) values ('maker_31','마이크론','Micron',5);
Insert into COMFIT.PRODUCT_MAKER (PD_MAKER_ID,MAKER_NAME,MAKER_NAME2,PD_CATEGORY_ID) values ('maker_32','ADATA','에이데이타',5);
Insert into COMFIT.PRODUCT_MAKER (PD_MAKER_ID,MAKER_NAME,MAKER_NAME2,PD_CATEGORY_ID) values ('maker_33','웨스턴디지털','Western Digital',5);
Insert into COMFIT.PRODUCT_MAKER (PD_MAKER_ID,MAKER_NAME,MAKER_NAME2,PD_CATEGORY_ID) values ('maker_34','씨게이트','Seagate',5);
Insert into COMFIT.PRODUCT_MAKER (PD_MAKER_ID,MAKER_NAME,MAKER_NAME2,PD_CATEGORY_ID) values ('maker_35','SK하이닉스','SK hynix',5);
Insert into COMFIT.PRODUCT_MAKER (PD_MAKER_ID,MAKER_NAME,MAKER_NAME2,PD_CATEGORY_ID) values ('maker_36','키오시아','Kioxia',5);
Insert into COMFIT.PRODUCT_MAKER (PD_MAKER_ID,MAKER_NAME,MAKER_NAME2,PD_CATEGORY_ID) values ('maker_37','씨게이트','Seagate',6);
Insert into COMFIT.PRODUCT_MAKER (PD_MAKER_ID,MAKER_NAME,MAKER_NAME2,PD_CATEGORY_ID) values ('maker_38','웨스턴디지털','Western Digital',6);
Insert into COMFIT.PRODUCT_MAKER (PD_MAKER_ID,MAKER_NAME,MAKER_NAME2,PD_CATEGORY_ID) values ('maker_39','도시바','TOSHIBA',6);
Insert into COMFIT.PRODUCT_MAKER (PD_MAKER_ID,MAKER_NAME,MAKER_NAME2,PD_CATEGORY_ID) values ('maker_40','씨게이트','Seagate',7);
Insert into COMFIT.PRODUCT_MAKER (PD_MAKER_ID,MAKER_NAME,MAKER_NAME2,PD_CATEGORY_ID) values ('maker_41','웨스턴디지털','Western Digital',7);
Insert into COMFIT.PRODUCT_MAKER (PD_MAKER_ID,MAKER_NAME,MAKER_NAME2,PD_CATEGORY_ID) values ('maker_42','EFM네트웍스','EFM',7);
Insert into COMFIT.PRODUCT_MAKER (PD_MAKER_ID,MAKER_NAME,MAKER_NAME2,PD_CATEGORY_ID) values ('maker_43','도시바','TOSHIBA',7);
Insert into COMFIT.PRODUCT_MAKER (PD_MAKER_ID,MAKER_NAME,MAKER_NAME2,PD_CATEGORY_ID) values ('maker_44','ADATA','에이데이타',7);
Insert into COMFIT.PRODUCT_MAKER (PD_MAKER_ID,MAKER_NAME,MAKER_NAME2,PD_CATEGORY_ID) values ('maker_45','앱코','ABKO',8);
Insert into COMFIT.PRODUCT_MAKER (PD_MAKER_ID,MAKER_NAME,MAKER_NAME2,PD_CATEGORY_ID) values ('maker_46','다크플래쉬','darkFlash',8);
Insert into COMFIT.PRODUCT_MAKER (PD_MAKER_ID,MAKER_NAME,MAKER_NAME2,PD_CATEGORY_ID) values ('maker_47','쿨러마스터','COOLERMASTER',8);
Insert into COMFIT.PRODUCT_MAKER (PD_MAKER_ID,MAKER_NAME,MAKER_NAME2,PD_CATEGORY_ID) values ('maker_48','아이구주','IGUJU',8);
Insert into COMFIT.PRODUCT_MAKER (PD_MAKER_ID,MAKER_NAME,MAKER_NAME2,PD_CATEGORY_ID) values ('maker_49','COX','콕스',8);
Insert into COMFIT.PRODUCT_MAKER (PD_MAKER_ID,MAKER_NAME,MAKER_NAME2,PD_CATEGORY_ID) values ('maker_50','데이븐','DAVEN',8);
Insert into COMFIT.PRODUCT_MAKER (PD_MAKER_ID,MAKER_NAME,MAKER_NAME2,PD_CATEGORY_ID) values ('maker_51','마이크로닉스','micronics',8);
Insert into COMFIT.PRODUCT_MAKER (PD_MAKER_ID,MAKER_NAME,MAKER_NAME2,PD_CATEGORY_ID) values ('maker_52','리안리','Lian Li',8);
Insert into COMFIT.PRODUCT_MAKER (PD_MAKER_ID,MAKER_NAME,MAKER_NAME2,PD_CATEGORY_ID) values ('maker_53','안텍','Antec',8);
Insert into COMFIT.PRODUCT_MAKER (PD_MAKER_ID,MAKER_NAME,MAKER_NAME2,PD_CATEGORY_ID) values ('maker_54','써멀테이크','Thermaltake',8);
Insert into COMFIT.PRODUCT_MAKER (PD_MAKER_ID,MAKER_NAME,MAKER_NAME2,PD_CATEGORY_ID) values ('maker_55','MSI','엠에스아이',8);
Insert into COMFIT.PRODUCT_MAKER (PD_MAKER_ID,MAKER_NAME,MAKER_NAME2,PD_CATEGORY_ID) values ('maker_56','시소닉','Seasonic',9);
Insert into COMFIT.PRODUCT_MAKER (PD_MAKER_ID,MAKER_NAME,MAKER_NAME2,PD_CATEGORY_ID) values ('maker_57','쿨러마스터','COOLERMASTER',9);
Insert into COMFIT.PRODUCT_MAKER (PD_MAKER_ID,MAKER_NAME,MAKER_NAME2,PD_CATEGORY_ID) values ('maker_58','마이크로닉스','micronics',9);
Insert into COMFIT.PRODUCT_MAKER (PD_MAKER_ID,MAKER_NAME,MAKER_NAME2,PD_CATEGORY_ID) values ('maker_59','FSP','에프에스피',9);
Insert into COMFIT.PRODUCT_MAKER (PD_MAKER_ID,MAKER_NAME,MAKER_NAME2,PD_CATEGORY_ID) values ('maker_60','안텍','Antec',9);
Insert into COMFIT.PRODUCT_MAKER (PD_MAKER_ID,MAKER_NAME,MAKER_NAME2,PD_CATEGORY_ID) values ('maker_61','델타','DELTA',9);
Insert into COMFIT.PRODUCT_MAKER (PD_MAKER_ID,MAKER_NAME,MAKER_NAME2,PD_CATEGORY_ID) values ('maker_62','마이크로닉스','micronics',10);
Insert into COMFIT.PRODUCT_MAKER (PD_MAKER_ID,MAKER_NAME,MAKER_NAME2,PD_CATEGORY_ID) values ('maker_63','로지텍','logitech',10);
Insert into COMFIT.PRODUCT_MAKER (PD_MAKER_ID,MAKER_NAME,MAKER_NAME2,PD_CATEGORY_ID) values ('maker_64','COX','콕스',10);
Insert into COMFIT.PRODUCT_MAKER (PD_MAKER_ID,MAKER_NAME,MAKER_NAME2,PD_CATEGORY_ID) values ('maker_65','앱코','ABKO',10);
Insert into COMFIT.PRODUCT_MAKER (PD_MAKER_ID,MAKER_NAME,MAKER_NAME2,PD_CATEGORY_ID) values ('maker_66','한성컴퓨터','한성',10);
Insert into COMFIT.PRODUCT_MAKER (PD_MAKER_ID,MAKER_NAME,MAKER_NAME2,PD_CATEGORY_ID) values ('maker_67','커세어','CORSAIR',10);
Insert into COMFIT.PRODUCT_MAKER (PD_MAKER_ID,MAKER_NAME,MAKER_NAME2,PD_CATEGORY_ID) values ('maker_68','웨이코스','WAYCOS',10);
Insert into COMFIT.PRODUCT_MAKER (PD_MAKER_ID,MAKER_NAME,MAKER_NAME2,PD_CATEGORY_ID) values ('maker_69','CHERRY','체리',10);
Insert into COMFIT.PRODUCT_MAKER (PD_MAKER_ID,MAKER_NAME,MAKER_NAME2,PD_CATEGORY_ID) values ('maker_70','레오폴드','leopold',10);
Insert into COMFIT.PRODUCT_MAKER (PD_MAKER_ID,MAKER_NAME,MAKER_NAME2,PD_CATEGORY_ID) values ('maker_71','로지텍','logitech',11);
Insert into COMFIT.PRODUCT_MAKER (PD_MAKER_ID,MAKER_NAME,MAKER_NAME2,PD_CATEGORY_ID) values ('maker_72','COX','콕스',11);
Insert into COMFIT.PRODUCT_MAKER (PD_MAKER_ID,MAKER_NAME,MAKER_NAME2,PD_CATEGORY_ID) values ('maker_73','앱코','ABKO',11);
Insert into COMFIT.PRODUCT_MAKER (PD_MAKER_ID,MAKER_NAME,MAKER_NAME2,PD_CATEGORY_ID) values ('maker_74','커세어','CORSAIR',11);
Insert into COMFIT.PRODUCT_MAKER (PD_MAKER_ID,MAKER_NAME,MAKER_NAME2,PD_CATEGORY_ID) values ('maker_75','맥스틸','maxtill',11);
Insert into COMFIT.PRODUCT_MAKER (PD_MAKER_ID,MAKER_NAME,MAKER_NAME2,PD_CATEGORY_ID) values ('maker_76','TG삼보','tgsambo',11);
Insert into COMFIT.PRODUCT_MAKER (PD_MAKER_ID,MAKER_NAME,MAKER_NAME2,PD_CATEGORY_ID) values ('maker_77','ROCCAT','로켓',11);
Insert into COMFIT.PRODUCT_MAKER (PD_MAKER_ID,MAKER_NAME,MAKER_NAME2,PD_CATEGORY_ID) values ('maker_78','삼성전자','SAMSUNG',12);
Insert into COMFIT.PRODUCT_MAKER (PD_MAKER_ID,MAKER_NAME,MAKER_NAME2,PD_CATEGORY_ID) values ('maker_79','LG전자','LGE',12);
Insert into COMFIT.PRODUCT_MAKER (PD_MAKER_ID,MAKER_NAME,MAKER_NAME2,PD_CATEGORY_ID) values ('maker_80','알파스캔','Alphascan',12);
Insert into COMFIT.PRODUCT_MAKER (PD_MAKER_ID,MAKER_NAME,MAKER_NAME2,PD_CATEGORY_ID) values ('maker_81','벤큐','BENQ',12);
Insert into COMFIT.PRODUCT_MAKER (PD_MAKER_ID,MAKER_NAME,MAKER_NAME2,PD_CATEGORY_ID) values ('maker_82','한성컴퓨터','한성',12);
Insert into COMFIT.PRODUCT_MAKER (PD_MAKER_ID,MAKER_NAME,MAKER_NAME2,PD_CATEGORY_ID) values ('maker_83','카멜','camel',12);
Insert into COMFIT.PRODUCT_MAKER (PD_MAKER_ID,MAKER_NAME,MAKER_NAME2,PD_CATEGORY_ID) values ('maker_84','DELL','델',12);
Insert into COMFIT.PRODUCT_MAKER (PD_MAKER_ID,MAKER_NAME,MAKER_NAME2,PD_CATEGORY_ID) values ('maker_85','주연테크','jooyon',12);
Insert into COMFIT.PRODUCT_MAKER (PD_MAKER_ID,MAKER_NAME,MAKER_NAME2,PD_CATEGORY_ID) values ('maker_86','APPLE','애플 ',12);
Insert into COMFIT.PRODUCT_MAKER (PD_MAKER_ID,MAKER_NAME,MAKER_NAME2,PD_CATEGORY_ID) values ('maker_87','담원 ','damwon',12);
Insert into COMFIT.PRODUCT_MAKER (PD_MAKER_ID,MAKER_NAME,MAKER_NAME2,PD_CATEGORY_ID) values ('maker_88','크로스오버존','CROSSOVER',12);
Insert into COMFIT.PRODUCT_MAKER (PD_MAKER_ID,MAKER_NAME,MAKER_NAME2,PD_CATEGORY_ID) values ('maker_89','JBL','제이비엘',13);
Insert into COMFIT.PRODUCT_MAKER (PD_MAKER_ID,MAKER_NAME,MAKER_NAME2,PD_CATEGORY_ID) values ('maker_90','아이리버','iriver',13);
Insert into COMFIT.PRODUCT_MAKER (PD_MAKER_ID,MAKER_NAME,MAKER_NAME2,PD_CATEGORY_ID) values ('maker_91','맥스틸','maxtill',13);
Insert into COMFIT.PRODUCT_MAKER (PD_MAKER_ID,MAKER_NAME,MAKER_NAME2,PD_CATEGORY_ID) values ('maker_92','캔스톤','CANSTON',13);
Insert into COMFIT.PRODUCT_MAKER (PD_MAKER_ID,MAKER_NAME,MAKER_NAME2,PD_CATEGORY_ID) values ('maker_93','브리츠','britz',13);
Insert into COMFIT.PRODUCT_MAKER (PD_MAKER_ID,MAKER_NAME,MAKER_NAME2,PD_CATEGORY_ID) values ('maker_94','한성컴퓨터','한성',13);
Insert into COMFIT.PRODUCT_MAKER (PD_MAKER_ID,MAKER_NAME,MAKER_NAME2,PD_CATEGORY_ID) values ('maker_95','APPLE','애플 ',13);
Insert into COMFIT.PRODUCT_MAKER (PD_MAKER_ID,MAKER_NAME,MAKER_NAME2,PD_CATEGORY_ID) values ('maker_96','삼성전자','SAMSUNG',13);
Insert into COMFIT.PRODUCT_MAKER (PD_MAKER_ID,MAKER_NAME,MAKER_NAME2,PD_CATEGORY_ID) values ('maker_97','LG전자','LGE',13);
Insert into COMFIT.PRODUCT_MAKER (PD_MAKER_ID,MAKER_NAME,MAKER_NAME2,PD_CATEGORY_ID) values ('maker_98','삼성전자','SAMSUNG',14);
Insert into COMFIT.PRODUCT_MAKER (PD_MAKER_ID,MAKER_NAME,MAKER_NAME2,PD_CATEGORY_ID) values ('maker_99','hp','에이치피',14);
Insert into COMFIT.PRODUCT_MAKER (PD_MAKER_ID,MAKER_NAME,MAKER_NAME2,PD_CATEGORY_ID) values ('maker_100','캐논','cannon',14);
Insert into COMFIT.PRODUCT_MAKER (PD_MAKER_ID,MAKER_NAME,MAKER_NAME2,PD_CATEGORY_ID) values ('maker_101','브라더','Brother',14);
Insert into COMFIT.PRODUCT_MAKER (PD_MAKER_ID,MAKER_NAME,MAKER_NAME2,PD_CATEGORY_ID) values ('maker_102','신도리코','sindoh',14);
Insert into COMFIT.PRODUCT_MAKER (PD_MAKER_ID,MAKER_NAME,MAKER_NAME2,PD_CATEGORY_ID) values ('maker_103','엡손','Epson',14);
Insert into COMFIT.PRODUCT_MAKER (PD_MAKER_ID,MAKER_NAME,MAKER_NAME2,PD_CATEGORY_ID) values ('maker_104','EFM네트웍스','아이피타임',15);
Insert into COMFIT.PRODUCT_MAKER (PD_MAKER_ID,MAKER_NAME,MAKER_NAME2,PD_CATEGORY_ID) values ('maker_105','디링크','D-Link',15);
Insert into COMFIT.PRODUCT_MAKER (PD_MAKER_ID,MAKER_NAME,MAKER_NAME2,PD_CATEGORY_ID) values ('maker_106','네티스','netis',15);
Insert into COMFIT.PRODUCT_MAKER (PD_MAKER_ID,MAKER_NAME,MAKER_NAME2,PD_CATEGORY_ID) values ('maker_107','티피링크','TP-LINK',15);
Insert into COMFIT.PRODUCT_MAKER (PD_MAKER_ID,MAKER_NAME,MAKER_NAME2,PD_CATEGORY_ID) values ('maker_108','리버네트워크','NEXI',15);
Insert into COMFIT.PRODUCT_MAKER (PD_MAKER_ID,MAKER_NAME,MAKER_NAME2,PD_CATEGORY_ID) values ('maker_109','삼성전자','SAMSUNG',16);
Insert into COMFIT.PRODUCT_MAKER (PD_MAKER_ID,MAKER_NAME,MAKER_NAME2,PD_CATEGORY_ID) values ('maker_110','APPLE','애플 ',16);
Insert into COMFIT.PRODUCT_MAKER (PD_MAKER_ID,MAKER_NAME,MAKER_NAME2,PD_CATEGORY_ID) values ('maker_111','한성컴퓨터','한성',16);
Insert into COMFIT.PRODUCT_MAKER (PD_MAKER_ID,MAKER_NAME,MAKER_NAME2,PD_CATEGORY_ID) values ('maker_112','LG전자','LGE',16);
Insert into COMFIT.PRODUCT_MAKER (PD_MAKER_ID,MAKER_NAME,MAKER_NAME2,PD_CATEGORY_ID) values ('maker_113','ASUS','아수스',16);
Insert into COMFIT.PRODUCT_MAKER (PD_MAKER_ID,MAKER_NAME,MAKER_NAME2,PD_CATEGORY_ID) values ('maker_114','에이서','Acer',16);
Insert into COMFIT.PRODUCT_MAKER (PD_MAKER_ID,MAKER_NAME,MAKER_NAME2,PD_CATEGORY_ID) values ('maker_115','레노버','Lenover',16);
Insert into COMFIT.PRODUCT_MAKER (PD_MAKER_ID,MAKER_NAME,MAKER_NAME2,PD_CATEGORY_ID) values ('maker_116','DELL ','델',16);
Insert into COMFIT.PRODUCT_MAKER (PD_MAKER_ID,MAKER_NAME,MAKER_NAME2,PD_CATEGORY_ID) values ('maker_117','마이크로소프트','microsoft',16);
Insert into COMFIT.PRODUCT_MAKER (PD_MAKER_ID,MAKER_NAME,MAKER_NAME2,PD_CATEGORY_ID) values ('maker_118','hp','에이치피',16);
Insert into COMFIT.PRODUCT_MAKER (PD_MAKER_ID,MAKER_NAME,MAKER_NAME2,PD_CATEGORY_ID) values ('maker_119','기가바이트','GIGABYTE',16);
Insert into COMFIT.PRODUCT_MAKER (PD_MAKER_ID,MAKER_NAME,MAKER_NAME2,PD_CATEGORY_ID) values ('maker_120','RAZER','레이저',16);
Insert into COMFIT.PRODUCT_MAKER (PD_MAKER_ID,MAKER_NAME,MAKER_NAME2,PD_CATEGORY_ID) values ('maker_121','RAZER','레이저',10);
Insert into COMFIT.PRODUCT_MAKER (PD_MAKER_ID,MAKER_NAME,MAKER_NAME2,PD_CATEGORY_ID) values ('maker_122','RAZER','레이저',11);
Insert into COMFIT.PRODUCT_MAKER (PD_MAKER_ID,MAKER_NAME,MAKER_NAME2,PD_CATEGORY_ID) values ('maker_123','제닉스','xenics',11);
REM INSERTING into COMFIT.REPORTER_CATEGORY
SET DEFINE OFF;
Insert into COMFIT.REPORTER_CATEGORY (REPORTER_ID,REPORTER_PROP) values (1,'구매자');
Insert into COMFIT.REPORTER_CATEGORY (REPORTER_ID,REPORTER_PROP) values (2,'판매자');
REM INSERTING into COMFIT.REP_HANDLE_CATEGORY
SET DEFINE OFF;
Insert into COMFIT.REP_HANDLE_CATEGORY (HAN_CATE_ID,HAN_CATE_NAME) values (1,'신고자패널티');
Insert into COMFIT.REP_HANDLE_CATEGORY (HAN_CATE_ID,HAN_CATE_NAME) values (2,'피신고자패널티');
Insert into COMFIT.REP_HANDLE_CATEGORY (HAN_CATE_ID,HAN_CATE_NAME) values (3,'둘다패널티');
Insert into COMFIT.REP_HANDLE_CATEGORY (HAN_CATE_ID,HAN_CATE_NAME) values (4,'둘다패널티없음');
REM INSERTING into COMFIT.SELECTED
SET DEFINE OFF;
Insert into COMFIT.SELECTED (SELECTED_ID,SELECTED_DATE,BUYER_CODE,SELLER_CODE,SUGGEST_CODE,ALARM_CODE) values ('sel_1',to_date('2022-06-10','YYYY-MM-DD'),'abc123','def456','suggest_1',1);
Insert into COMFIT.SELECTED (SELECTED_ID,SELECTED_DATE,BUYER_CODE,SELLER_CODE,SUGGEST_CODE,ALARM_CODE) values ('sel_6',to_date('2022-06-18','YYYY-MM-DD'),'MZHU5MDYATHUCJBG','WGJ5Z2ZZoksyoxbo','suggest_9',1);
Insert into COMFIT.SELECTED (SELECTED_ID,SELECTED_DATE,BUYER_CODE,SELLER_CODE,SUGGEST_CODE,ALARM_CODE) values ('sel_10',to_date('2022-06-19','YYYY-MM-DD'),'8AU3XNQBITDNBAAE','YBXDUMGUdwcsbqbq','suggest_14',1);
Insert into COMFIT.SELECTED (SELECTED_ID,SELECTED_DATE,BUYER_CODE,SELLER_CODE,SUGGEST_CODE,ALARM_CODE) values ('sel_8',to_date('2022-06-18','YYYY-MM-DD'),'YOZ36GDYTAHATEGA','JM7C7M8Nnumkopsr','suggest_11',1);
Insert into COMFIT.SELECTED (SELECTED_ID,SELECTED_DATE,BUYER_CODE,SELLER_CODE,SUGGEST_CODE,ALARM_CODE) values ('sel_9',to_date('2022-06-18','YYYY-MM-DD'),'805RLDYGTUWXABZF','C0BKQGRZvhuyhpme','suggest_12',1);
Insert into COMFIT.SELECTED (SELECTED_ID,SELECTED_DATE,BUYER_CODE,SELLER_CODE,SUGGEST_CODE,ALARM_CODE) values ('sel_11',to_date('2022-06-19','YYYY-MM-DD'),'8O0C149KZDRSAZQQ','PABIAM1Jdfxvpiap','suggest_15',1);
Insert into COMFIT.SELECTED (SELECTED_ID,SELECTED_DATE,BUYER_CODE,SELLER_CODE,SUGGEST_CODE,ALARM_CODE) values ('sel_12',to_date('2022-06-19','YYYY-MM-DD'),'IEGRNXL4ATUNLSFX','KLDAC4CZpnpajrhf','suggest_16',1);
Insert into COMFIT.SELECTED (SELECTED_ID,SELECTED_DATE,BUYER_CODE,SELLER_CODE,SUGGEST_CODE,ALARM_CODE) values ('sel_13',to_date('2022-06-19','YYYY-MM-DD'),'8Q3YLM36CZKZEEHL','6QUD7FDNgepqdajj','suggest_19',1);
Insert into COMFIT.SELECTED (SELECTED_ID,SELECTED_DATE,BUYER_CODE,SELLER_CODE,SUGGEST_CODE,ALARM_CODE) values ('sel_14',to_date('2022-06-20','YYYY-MM-DD'),'RAJY9R5IDVZYHRIA','DT6ZIBBMvgdocosm','suggest_20',1);
Insert into COMFIT.SELECTED (SELECTED_ID,SELECTED_DATE,BUYER_CODE,SELLER_CODE,SUGGEST_CODE,ALARM_CODE) values ('sel_15',to_date('2022-06-20','YYYY-MM-DD'),'LNR5PJ7KTTQWELGY','CZECWW26oeijxabl','suggest_21',1);
REM INSERTING into COMFIT.SUGGEST_LIST
SET DEFINE OFF;
Insert into COMFIT.SUGGEST_LIST (SUGGEST_CODE,SUGGEST_PRICE,SUGGEST_TIME,SUGGEST_DATE,SUGGEST_PLACE,PLACE_DETAIL,U_ID,DIRE_PD_ID,ALARM_CODE) values ('suggest_1',950000,to_date('2022-06-12','YYYY-MM-DD'),to_date('2022-06-10','YYYY-MM-DD'),'서울 도봉구 우이천로 50길 40','우림슈퍼앞','test2','dire_1',1);
Insert into COMFIT.SUGGEST_LIST (SUGGEST_CODE,SUGGEST_PRICE,SUGGEST_TIME,SUGGEST_DATE,SUGGEST_PLACE,PLACE_DETAIL,U_ID,DIRE_PD_ID,ALARM_CODE) values ('suggest_3',855500,to_date('2022-06-18','YYYY-MM-DD'),to_date('2022-06-17','YYYY-MM-DD'),'서울 도봉구 우이천로 39길 10','우이성당 앞','test2','dire_2',1);
Insert into COMFIT.SUGGEST_LIST (SUGGEST_CODE,SUGGEST_PRICE,SUGGEST_TIME,SUGGEST_DATE,SUGGEST_PLACE,PLACE_DETAIL,U_ID,DIRE_PD_ID,ALARM_CODE) values ('suggest_11',123123,to_date('2022-06-19','YYYY-MM-DD'),to_date('2022-06-18','YYYY-MM-DD'),'인천 계양구 작전동 411','ZZ','test2','dire_42',1);
Insert into COMFIT.SUGGEST_LIST (SUGGEST_CODE,SUGGEST_PRICE,SUGGEST_TIME,SUGGEST_DATE,SUGGEST_PLACE,PLACE_DETAIL,U_ID,DIRE_PD_ID,ALARM_CODE) values ('suggest_12',30000,to_date('2022-06-21','YYYY-MM-DD'),to_date('2022-06-18','YYYY-MM-DD'),'경기 성남시 분당구 판교동 584-1','하이여','test2','dire_41',1);
Insert into COMFIT.SUGGEST_LIST (SUGGEST_CODE,SUGGEST_PRICE,SUGGEST_TIME,SUGGEST_DATE,SUGGEST_PLACE,PLACE_DETAIL,U_ID,DIRE_PD_ID,ALARM_CODE) values ('suggest_9',3312,to_date('2022-06-20','YYYY-MM-DD'),to_date('2022-06-17','YYYY-MM-DD'),'서울 강북구 수유동 240-38','13123','test1','dire_2',1);
Insert into COMFIT.SUGGEST_LIST (SUGGEST_CODE,SUGGEST_PRICE,SUGGEST_TIME,SUGGEST_DATE,SUGGEST_PLACE,PLACE_DETAIL,U_ID,DIRE_PD_ID,ALARM_CODE) values ('suggest_10',200000,to_date('2022-06-19','YYYY-MM-DD'),to_date('2022-06-18','YYYY-MM-DD'),'인천 청천','공장','test2','dire_42',1);
Insert into COMFIT.SUGGEST_LIST (SUGGEST_CODE,SUGGEST_PRICE,SUGGEST_TIME,SUGGEST_DATE,SUGGEST_PLACE,PLACE_DETAIL,U_ID,DIRE_PD_ID,ALARM_CODE) values ('suggest_13',0,to_date('2022-06-17','YYYY-MM-DD'),to_date('2022-06-18','YYYY-MM-DD'),'서울 마포구 합정동 404','123','test36','dire_16',1);
Insert into COMFIT.SUGGEST_LIST (SUGGEST_CODE,SUGGEST_PRICE,SUGGEST_TIME,SUGGEST_DATE,SUGGEST_PLACE,PLACE_DETAIL,U_ID,DIRE_PD_ID,ALARM_CODE) values ('suggest_14',30000,to_date('2022-06-24','YYYY-MM-DD'),to_date('2022-06-19','YYYY-MM-DD'),'인천 계양구 작전동 878','작전역 1번출구','test1','dire_43',1);
Insert into COMFIT.SUGGEST_LIST (SUGGEST_CODE,SUGGEST_PRICE,SUGGEST_TIME,SUGGEST_DATE,SUGGEST_PLACE,PLACE_DETAIL,U_ID,DIRE_PD_ID,ALARM_CODE) values ('suggest_15',200000,to_date('2022-06-21','YYYY-MM-DD'),to_date('2022-06-19','YYYY-MM-DD'),'인천 계양구 계산동 1079-1','계양구청 입구','test36','dire_44',1);
Insert into COMFIT.SUGGEST_LIST (SUGGEST_CODE,SUGGEST_PRICE,SUGGEST_TIME,SUGGEST_DATE,SUGGEST_PLACE,PLACE_DETAIL,U_ID,DIRE_PD_ID,ALARM_CODE) values ('suggest_16',140000,to_date('2022-06-21','YYYY-MM-DD'),to_date('2022-06-19','YYYY-MM-DD'),'인천 계양구 작전동 878','작전역 4번출구 앞','test1','dire_45',1);
Insert into COMFIT.SUGGEST_LIST (SUGGEST_CODE,SUGGEST_PRICE,SUGGEST_TIME,SUGGEST_DATE,SUGGEST_PLACE,PLACE_DETAIL,U_ID,DIRE_PD_ID,ALARM_CODE) values ('suggest_17',30000,to_date('2022-06-21','YYYY-MM-DD'),to_date('2022-06-19','YYYY-MM-DD'),'서울 마포구 합정동 55-1','잔디밭','test33','dire_7',1);
Insert into COMFIT.SUGGEST_LIST (SUGGEST_CODE,SUGGEST_PRICE,SUGGEST_TIME,SUGGEST_DATE,SUGGEST_PLACE,PLACE_DETAIL,U_ID,DIRE_PD_ID,ALARM_CODE) values ('suggest_18',8000,to_date('2022-06-19','YYYY-MM-DD'),to_date('2022-06-19','YYYY-MM-DD'),'서울 마포구 합정동 55-1','마포새빛문화숩 편의점 앞','test33','dire_16',1);
Insert into COMFIT.SUGGEST_LIST (SUGGEST_CODE,SUGGEST_PRICE,SUGGEST_TIME,SUGGEST_DATE,SUGGEST_PLACE,PLACE_DETAIL,U_ID,DIRE_PD_ID,ALARM_CODE) values ('suggest_19',28000,to_date('2022-06-20','YYYY-MM-DD'),to_date('2022-06-19','YYYY-MM-DD'),'서울 마포구 합정동 414','합정역 근처','test47','dire_10',1);
Insert into COMFIT.SUGGEST_LIST (SUGGEST_CODE,SUGGEST_PRICE,SUGGEST_TIME,SUGGEST_DATE,SUGGEST_PLACE,PLACE_DETAIL,U_ID,DIRE_PD_ID,ALARM_CODE) values ('suggest_20',800000,to_date('2022-06-24','YYYY-MM-DD'),to_date('2022-06-20','YYYY-MM-DD'),'서울 마포구 동교동 155-6','홍대입구 1번 출구','test1','dire_49',1);
Insert into COMFIT.SUGGEST_LIST (SUGGEST_CODE,SUGGEST_PRICE,SUGGEST_TIME,SUGGEST_DATE,SUGGEST_PLACE,PLACE_DETAIL,U_ID,DIRE_PD_ID,ALARM_CODE) values ('suggest_21',1300000,to_date('2022-06-21','YYYY-MM-DD'),to_date('2022-06-20','YYYY-MM-DD'),'서울 마포구 동교동 159-11','홍대입구역 1번출구','test1','dire_51',1);
REM INSERTING into COMFIT.TBL_EXAM
SET DEFINE OFF;
Insert into COMFIT.TBL_EXAM (ID,PW) values (1,'$F??');
REM INSERTING into COMFIT.TRANS_REP_CATEGORY
SET DEFINE OFF;
Insert into COMFIT.TRANS_REP_CATEGORY (TRANS_REP_CID,REP_CATE_NAME) values (1,'NOSHOW');
Insert into COMFIT.TRANS_REP_CATEGORY (TRANS_REP_CID,REP_CATE_NAME) values (2,'상품의변질');
REM INSERTING into COMFIT.USER_EMAIL_AUTH
SET DEFINE OFF;
Insert into COMFIT.USER_EMAIL_AUTH (E_AUTH_ID,AUTH_CODE,AUTH_DATE,AUTH_USE_DATE,U_ID,AU_CATE_ID) values ('auth_1','2inR6denlG
',to_date('2022-06-01','YYYY-MM-DD'),to_date('2022-06-01','YYYY-MM-DD'),'test1',1);
Insert into COMFIT.USER_EMAIL_AUTH (E_AUTH_ID,AUTH_CODE,AUTH_DATE,AUTH_USE_DATE,U_ID,AU_CATE_ID) values ('auth_2','2inR6denlG',to_date('2022-06-13','YYYY-MM-DD'),to_date('2022-06-16','YYYY-MM-DD'),'test2',1);
Insert into COMFIT.USER_EMAIL_AUTH (E_AUTH_ID,AUTH_CODE,AUTH_DATE,AUTH_USE_DATE,U_ID,AU_CATE_ID) values ('auth_23','wiR39CQ686',to_date('2022-06-16','YYYY-MM-DD'),to_date('2022-06-16','YYYY-MM-DD'),'test33',1);
Insert into COMFIT.USER_EMAIL_AUTH (E_AUTH_ID,AUTH_CODE,AUTH_DATE,AUTH_USE_DATE,U_ID,AU_CATE_ID) values ('auth_11','T3VM5Wg4Oo',to_date('2022-06-14','YYYY-MM-DD'),to_date('2022-06-14','YYYY-MM-DD'),'test16',1);
Insert into COMFIT.USER_EMAIL_AUTH (E_AUTH_ID,AUTH_CODE,AUTH_DATE,AUTH_USE_DATE,U_ID,AU_CATE_ID) values ('auth_12','W5q87Xy1HO',to_date('2022-06-15','YYYY-MM-DD'),to_date('2022-06-17','YYYY-MM-DD'),'test17',1);
Insert into COMFIT.USER_EMAIL_AUTH (E_AUTH_ID,AUTH_CODE,AUTH_DATE,AUTH_USE_DATE,U_ID,AU_CATE_ID) values ('auth_13','qwer1234',to_date('2022-06-15','YYYY-MM-DD'),null,'test22',1);
Insert into COMFIT.USER_EMAIL_AUTH (E_AUTH_ID,AUTH_CODE,AUTH_DATE,AUTH_USE_DATE,U_ID,AU_CATE_ID) values ('auth_26','cPt7Kfnx9T',to_date('2022-06-16','YYYY-MM-DD'),to_date('2022-06-16','YYYY-MM-DD'),'test36',1);
Insert into COMFIT.USER_EMAIL_AUTH (E_AUTH_ID,AUTH_CODE,AUTH_DATE,AUTH_USE_DATE,U_ID,AU_CATE_ID) values ('auth_27','fUDF6TFVI3',to_date('2022-06-16','YYYY-MM-DD'),to_date('2022-06-16','YYYY-MM-DD'),'test37',1);
Insert into COMFIT.USER_EMAIL_AUTH (E_AUTH_ID,AUTH_CODE,AUTH_DATE,AUTH_USE_DATE,U_ID,AU_CATE_ID) values ('auth_28','86LfyVFuLG',to_date('2022-06-17','YYYY-MM-DD'),null,'test38',1);
Insert into COMFIT.USER_EMAIL_AUTH (E_AUTH_ID,AUTH_CODE,AUTH_DATE,AUTH_USE_DATE,U_ID,AU_CATE_ID) values ('auth_29','V7aLZ3aF5W',to_date('2022-06-18','YYYY-MM-DD'),null,'test39',1);
Insert into COMFIT.USER_EMAIL_AUTH (E_AUTH_ID,AUTH_CODE,AUTH_DATE,AUTH_USE_DATE,U_ID,AU_CATE_ID) values ('auth_32','vaNFYZy9kP',to_date('2022-06-18','YYYY-MM-DD'),to_date('2022-06-18','YYYY-MM-DD'),'test42',1);
Insert into COMFIT.USER_EMAIL_AUTH (E_AUTH_ID,AUTH_CODE,AUTH_DATE,AUTH_USE_DATE,U_ID,AU_CATE_ID) values ('auth_33','lM4idWlcXp',to_date('2022-06-18','YYYY-MM-DD'),to_date('2022-06-18','YYYY-MM-DD'),'test43',1);
Insert into COMFIT.USER_EMAIL_AUTH (E_AUTH_ID,AUTH_CODE,AUTH_DATE,AUTH_USE_DATE,U_ID,AU_CATE_ID) values ('auth_36','FN80P8UCwH',to_date('2022-06-18','YYYY-MM-DD'),to_date('2022-06-18','YYYY-MM-DD'),'test36',2);
Insert into COMFIT.USER_EMAIL_AUTH (E_AUTH_ID,AUTH_CODE,AUTH_DATE,AUTH_USE_DATE,U_ID,AU_CATE_ID) values ('auth_35','8R79PM1c43',to_date('2022-06-18','YYYY-MM-DD'),to_date('2022-06-18','YYYY-MM-DD'),'test36',2);
Insert into COMFIT.USER_EMAIL_AUTH (E_AUTH_ID,AUTH_CODE,AUTH_DATE,AUTH_USE_DATE,U_ID,AU_CATE_ID) values ('auth_37','f7V1tf7r9Y',to_date('2022-06-18','YYYY-MM-DD'),to_date('2022-06-18','YYYY-MM-DD'),'test36',2);
Insert into COMFIT.USER_EMAIL_AUTH (E_AUTH_ID,AUTH_CODE,AUTH_DATE,AUTH_USE_DATE,U_ID,AU_CATE_ID) values ('auth_38','kY2xh6UayT',to_date('2022-06-18','YYYY-MM-DD'),to_date('2022-06-18','YYYY-MM-DD'),'test36',2);
Insert into COMFIT.USER_EMAIL_AUTH (E_AUTH_ID,AUTH_CODE,AUTH_DATE,AUTH_USE_DATE,U_ID,AU_CATE_ID) values ('auth_39','R2xK0aY6id',to_date('2022-06-18','YYYY-MM-DD'),to_date('2022-06-18','YYYY-MM-DD'),'test36',2);
Insert into COMFIT.USER_EMAIL_AUTH (E_AUTH_ID,AUTH_CODE,AUTH_DATE,AUTH_USE_DATE,U_ID,AU_CATE_ID) values ('auth_40','2sl5dw719Y',to_date('2022-06-18','YYYY-MM-DD'),to_date('2022-06-18','YYYY-MM-DD'),'test36',2);
Insert into COMFIT.USER_EMAIL_AUTH (E_AUTH_ID,AUTH_CODE,AUTH_DATE,AUTH_USE_DATE,U_ID,AU_CATE_ID) values ('auth_41','MIVVREM7Td',to_date('2022-06-18','YYYY-MM-DD'),to_date('2022-06-18','YYYY-MM-DD'),'test44',1);
Insert into COMFIT.USER_EMAIL_AUTH (E_AUTH_ID,AUTH_CODE,AUTH_DATE,AUTH_USE_DATE,U_ID,AU_CATE_ID) values ('auth_42','Zj1wQtBBZf',to_date('2022-06-18','YYYY-MM-DD'),to_date('2022-06-18','YYYY-MM-DD'),'test44',2);
Insert into COMFIT.USER_EMAIL_AUTH (E_AUTH_ID,AUTH_CODE,AUTH_DATE,AUTH_USE_DATE,U_ID,AU_CATE_ID) values ('auth_43','39MalOl2z4',to_date('2022-06-18','YYYY-MM-DD'),to_date('2022-06-18','YYYY-MM-DD'),'test43',2);
Insert into COMFIT.USER_EMAIL_AUTH (E_AUTH_ID,AUTH_CODE,AUTH_DATE,AUTH_USE_DATE,U_ID,AU_CATE_ID) values ('auth_44','eMyo0C1I6L',to_date('2022-06-19','YYYY-MM-DD'),to_date('2022-06-19','YYYY-MM-DD'),'test45',1);
Insert into COMFIT.USER_EMAIL_AUTH (E_AUTH_ID,AUTH_CODE,AUTH_DATE,AUTH_USE_DATE,U_ID,AU_CATE_ID) values ('auth_45','tRTk1CU109',to_date('2022-06-19','YYYY-MM-DD'),to_date('2022-06-19','YYYY-MM-DD'),'test45',2);
Insert into COMFIT.USER_EMAIL_AUTH (E_AUTH_ID,AUTH_CODE,AUTH_DATE,AUTH_USE_DATE,U_ID,AU_CATE_ID) values ('auth_48','nUEdb6wKu9',to_date('2022-06-19','YYYY-MM-DD'),to_date('2022-06-19','YYYY-MM-DD'),'test36',2);
Insert into COMFIT.USER_EMAIL_AUTH (E_AUTH_ID,AUTH_CODE,AUTH_DATE,AUTH_USE_DATE,U_ID,AU_CATE_ID) values ('auth_47','Lz09730FW9',to_date('2022-06-19','YYYY-MM-DD'),to_date('2022-06-19','YYYY-MM-DD'),'test47',1);
Insert into COMFIT.USER_EMAIL_AUTH (E_AUTH_ID,AUTH_CODE,AUTH_DATE,AUTH_USE_DATE,U_ID,AU_CATE_ID) values ('auth_49','LRv1Hh482h',to_date('2022-06-20','YYYY-MM-DD'),null,'test44',2);
Insert into COMFIT.USER_EMAIL_AUTH (E_AUTH_ID,AUTH_CODE,AUTH_DATE,AUTH_USE_DATE,U_ID,AU_CATE_ID) values ('auth_50','2lHg9VZksa',to_date('2022-06-20','YYYY-MM-DD'),to_date('2022-06-20','YYYY-MM-DD'),'test48',1);
REM INSERTING into COMFIT.USER_INFORMATION
SET DEFINE OFF;
Insert into COMFIT.USER_INFORMATION (U_EMAIL,U_NAME,U_ADDRESS,U_PASSWORD,U_TEL,U_PROFILE,U_NICKNAME,U_JOINDATE,U_ID) values ('issac1162@test.com','오이삭','인천광역시 중구 신흥동1가 6-4','i????','010-2988-1162','KakaoTalk_20220620_120047826.jpg','삭이오',to_date('2022-06-10','YYYY-MM-DD'),'test1');
Insert into COMFIT.USER_INFORMATION (U_EMAIL,U_NAME,U_ADDRESS,U_PASSWORD,U_TEL,U_PROFILE,U_NICKNAME,U_JOINDATE,U_ID) values ('kkk@naver.com','김민성','서울특별시 중구 을지로 5가 223-4','i????','010-2222-3333','내프로필.jpg','민성킴의활약',to_date('2022-06-11','YYYY-MM-DD'),'test2');
Insert into COMFIT.USER_INFORMATION (U_EMAIL,U_NAME,U_ADDRESS,U_PASSWORD,U_TEL,U_PROFILE,U_NICKNAME,U_JOINDATE,U_ID) values ('ckacl2222@basdr.com','김민수','서울 노원구 노원로 3 (공릉동) 없음','??`:wzy?y','010-2234-5123','defaultprofil.jpg','아시발꿈',to_date('2022-06-16','YYYY-MM-DD'),'test33');
Insert into COMFIT.USER_INFORMATION (U_EMAIL,U_NAME,U_ADDRESS,U_PASSWORD,U_TEL,U_PROFILE,U_NICKNAME,U_JOINDATE,U_ID) values ('test','김민성','인천계양구새벌로','i????','010-1111-1111','defaultprofil.jpg','김깐득',to_date('2022-06-15','YYYY-MM-DD'),'test22');
Insert into COMFIT.USER_INFORMATION (U_EMAIL,U_NAME,U_ADDRESS,U_PASSWORD,U_TEL,U_PROFILE,U_NICKNAME,U_JOINDATE,U_ID) values ('hjui6322789@gmail.com','김민성','인천 계양구 새벌로112번길 12 (효성동, 현대4차아파트) 405동 1703호','.3[??]?r','010-1111-1114','defaultprofil.jpg','김깐돌2',to_date('2022-06-14','YYYY-MM-DD'),'test16');
Insert into COMFIT.USER_INFORMATION (U_EMAIL,U_NAME,U_ADDRESS,U_PASSWORD,U_TEL,U_PROFILE,U_NICKNAME,U_JOINDATE,U_ID) values ('yjooo0816@gmail.com','이연주','충북 청주시 흥덕구 가경로 72 (가경동, 가경태암수정아파트) ','??n???`','010-4423-0463','defaultprofil.jpg','연주',to_date('2022-06-15','YYYY-MM-DD'),'test17');
Insert into COMFIT.USER_INFORMATION (U_EMAIL,U_NAME,U_ADDRESS,U_PASSWORD,U_TEL,U_PROFILE,U_NICKNAME,U_JOINDATE,U_ID) values ('wjddyd123@test.com','김정용','서울 마포구 광성로 3 (신수동) 아파트1층','??`:wzy?y','010-4444-2222','defaultprofil.jpg','klsdfsdf',to_date('2022-06-17','YYYY-MM-DD'),'test38');
Insert into COMFIT.USER_INFORMATION (U_EMAIL,U_NAME,U_ADDRESS,U_PASSWORD,U_TEL,U_PROFILE,U_NICKNAME,U_JOINDATE,U_ID) values ('hjui78@naver.com','김민성','인천 계양구 새벌로112번길 12 (효성동, 현대4차아파트) 405동 1703호','i????','010-1111-1113','970282641.jpg','김깐득2',to_date('2022-06-16','YYYY-MM-DD'),'test36');
Insert into COMFIT.USER_INFORMATION (U_EMAIL,U_NAME,U_ADDRESS,U_PASSWORD,U_TEL,U_PROFILE,U_NICKNAME,U_JOINDATE,U_ID) values ('duswn1995@naver.com','이연주','경기 가평군 북면 화악산로 20 ㅁㄴㅇㄹ','??n???`','01044230463  ','defaultprofil.jpg','이연주2',to_date('2022-06-16','YYYY-MM-DD'),'test37');
Insert into COMFIT.USER_INFORMATION (U_EMAIL,U_NAME,U_ADDRESS,U_PASSWORD,U_TEL,U_PROFILE,U_NICKNAME,U_JOINDATE,U_ID) values ('cseon230@test.com','최선하','서울 마포구 독막로3길 13 (서교동) 풍성빌딩 4층 F강의장','???9X??? ','010-2648-5587','defaultprofil.jpg','seonha',to_date('2022-06-18','YYYY-MM-DD'),'test39');
Insert into COMFIT.USER_INFORMATION (U_EMAIL,U_NAME,U_ADDRESS,U_PASSWORD,U_TEL,U_PROFILE,U_NICKNAME,U_JOINDATE,U_ID) values ('ckacl0233@naver.com','김상기','서울 노원구 우이천로 60 (월계동) 2층','i????','010-2222-3333','defaultprofil.jpg','김상기진짜',to_date('2022-06-18','YYYY-MM-DD'),'test44');
Insert into COMFIT.USER_INFORMATION (U_EMAIL,U_NAME,U_ADDRESS,U_PASSWORD,U_TEL,U_PROFILE,U_NICKNAME,U_JOINDATE,U_ID) values ('cseon230@gmail.com','최선하','경기 성남시 분당구 서판교로 32 (판교동) 1234','i????','010-1234-1234','defaultprofil.jpg','csh',to_date('2022-06-18','YYYY-MM-DD'),'test43');
Insert into COMFIT.USER_INFORMATION (U_EMAIL,U_NAME,U_ADDRESS,U_PASSWORD,U_TEL,U_PROFILE,U_NICKNAME,U_JOINDATE,U_ID) values ('hjui78@kakao.com','김민성','인천 계양구 새벌로112번길 12 (효성동, 현대4차아파트) 405동 1703호','i????','010-5154-6322','내프로필1.jpg','김끄끄',to_date('2022-06-19','YYYY-MM-DD'),'test45');
Insert into COMFIT.USER_INFORMATION (U_EMAIL,U_NAME,U_ADDRESS,U_PASSWORD,U_TEL,U_PROFILE,U_NICKNAME,U_JOINDATE,U_ID) values ('issac1162@gmail.com','오오이삭2','인천 중구 답동로 2 (신흥동1가) 어딘가','??B!''?Qd}A','010-2988-1162','defaultprofil.jpg','굿바이',to_date('2022-06-19','YYYY-MM-DD'),'test47');
Insert into COMFIT.USER_INFORMATION (U_EMAIL,U_NAME,U_ADDRESS,U_PASSWORD,U_TEL,U_PROFILE,U_NICKNAME,U_JOINDATE,U_ID) values ('yjuh1162@naver.com','오이삭','인천 중구 답동로 2 (신흥동1가) 근처어딘가','??B!''?Qd}A','010-2988-1162','defaultprofil.jpg','이삭삭',to_date('2022-06-20','YYYY-MM-DD'),'test48');
REM INSERTING into COMFIT.USER_INFORMATION_BACKUP
SET DEFINE OFF;
Insert into COMFIT.USER_INFORMATION_BACKUP (U_EMAIL,U_NAME,U_ADDRESS,U_PASSWORD,U_TEL,U_PROFILE,U_NICKNAME,U_JOINDATE,U_EXITDATE,U_ID) values ('yj111@gmail.com','이연주','충북 청주','1234','010-2222-2222','사진경로','불주먹',to_date('2022-06-12','YYYY-MM-DD'),to_date('2022-06-13','YYYY-MM-DD'),'test3');
REM INSERTING into COMFIT.USER_PICK_DELIVERY
SET DEFINE OFF;
REM INSERTING into COMFIT.USER_PICK_DIRECT
SET DEFINE OFF;
REM INSERTING into COMFIT.AD_IO_MONEY_LIST_REALVIEW
SET DEFINE OFF;
Insert into COMFIT.AD_IO_MONEY_LIST_REALVIEW (IO_TYPE,U_EMAIL,U_NAME,IO_DATE,BANK_NAME,ACCOUNT,MONEY) values ('입금','issac1162@test.com','오이삭',to_date('2022-06-20','YYYY-MM-DD'),'하나은행','941602-00-228699',1000000);
Insert into COMFIT.AD_IO_MONEY_LIST_REALVIEW (IO_TYPE,U_EMAIL,U_NAME,IO_DATE,BANK_NAME,ACCOUNT,MONEY) values ('입금','issac1162@test.com','오이삭',to_date('2022-06-20','YYYY-MM-DD'),'하나은행','941602-00-228699',1000000);
Insert into COMFIT.AD_IO_MONEY_LIST_REALVIEW (IO_TYPE,U_EMAIL,U_NAME,IO_DATE,BANK_NAME,ACCOUNT,MONEY) values ('입금','issac1162@test.com','오이삭',to_date('2022-06-10','YYYY-MM-DD'),'국민은행','941602-00-228699',500000);
Insert into COMFIT.AD_IO_MONEY_LIST_REALVIEW (IO_TYPE,U_EMAIL,U_NAME,IO_DATE,BANK_NAME,ACCOUNT,MONEY) values ('입금','kkk@naver.com','김민성',to_date('2022-06-18','YYYY-MM-DD'),'신한은행','941610-11-315477',3000000);
Insert into COMFIT.AD_IO_MONEY_LIST_REALVIEW (IO_TYPE,U_EMAIL,U_NAME,IO_DATE,BANK_NAME,ACCOUNT,MONEY) values ('입금','ckacl2222@basdr.com','김민수',to_date('2022-06-19','YYYY-MM-DD'),'하나은행','941602-00-228699',1000000);
Insert into COMFIT.AD_IO_MONEY_LIST_REALVIEW (IO_TYPE,U_EMAIL,U_NAME,IO_DATE,BANK_NAME,ACCOUNT,MONEY) values ('입금','ckacl2222@basdr.com','김민수',to_date('2022-06-19','YYYY-MM-DD'),'하나은행','941602-00-228699',1000000);
Insert into COMFIT.AD_IO_MONEY_LIST_REALVIEW (IO_TYPE,U_EMAIL,U_NAME,IO_DATE,BANK_NAME,ACCOUNT,MONEY) values ('입금','hjui78@naver.com','김민성',to_date('2022-06-19','YYYY-MM-DD'),'하나은행','941602-00-228699',1000000);
Insert into COMFIT.AD_IO_MONEY_LIST_REALVIEW (IO_TYPE,U_EMAIL,U_NAME,IO_DATE,BANK_NAME,ACCOUNT,MONEY) values ('입금','hjui78@naver.com','김민성',to_date('2022-06-18','YYYY-MM-DD'),'하나은행','941602-00-228699',100000);
Insert into COMFIT.AD_IO_MONEY_LIST_REALVIEW (IO_TYPE,U_EMAIL,U_NAME,IO_DATE,BANK_NAME,ACCOUNT,MONEY) values ('입금','duswn1995@naver.com','이연주',to_date('2022-06-20','YYYY-MM-DD'),'하나은행','941602-00-228699',10000000);
Insert into COMFIT.AD_IO_MONEY_LIST_REALVIEW (IO_TYPE,U_EMAIL,U_NAME,IO_DATE,BANK_NAME,ACCOUNT,MONEY) values ('입금','cseon230@gmail.com','최선하',to_date('2022-06-18','YYYY-MM-DD'),'하나은행','941602-00-228699',200000);
Insert into COMFIT.AD_IO_MONEY_LIST_REALVIEW (IO_TYPE,U_EMAIL,U_NAME,IO_DATE,BANK_NAME,ACCOUNT,MONEY) values ('입금','cseon230@gmail.com','최선하',to_date('2022-06-18','YYYY-MM-DD'),'하나은행','941602-00-228699',200000);
Insert into COMFIT.AD_IO_MONEY_LIST_REALVIEW (IO_TYPE,U_EMAIL,U_NAME,IO_DATE,BANK_NAME,ACCOUNT,MONEY) values ('입금','cseon230@gmail.com','최선하',to_date('2022-06-18','YYYY-MM-DD'),'하나은행','941602-00-228699',100000);
Insert into COMFIT.AD_IO_MONEY_LIST_REALVIEW (IO_TYPE,U_EMAIL,U_NAME,IO_DATE,BANK_NAME,ACCOUNT,MONEY) values ('입금','cseon230@gmail.com','최선하',to_date('2022-06-18','YYYY-MM-DD'),'하나은행','941602-00-228699',100000);
Insert into COMFIT.AD_IO_MONEY_LIST_REALVIEW (IO_TYPE,U_EMAIL,U_NAME,IO_DATE,BANK_NAME,ACCOUNT,MONEY) values ('입금','cseon230@gmail.com','최선하',to_date('2022-06-18','YYYY-MM-DD'),'하나은행','941602-00-228699',10000);
Insert into COMFIT.AD_IO_MONEY_LIST_REALVIEW (IO_TYPE,U_EMAIL,U_NAME,IO_DATE,BANK_NAME,ACCOUNT,MONEY) values ('입금','cseon230@gmail.com','최선하',to_date('2022-06-18','YYYY-MM-DD'),'하나은행','941602-00-228699',10000);
Insert into COMFIT.AD_IO_MONEY_LIST_REALVIEW (IO_TYPE,U_EMAIL,U_NAME,IO_DATE,BANK_NAME,ACCOUNT,MONEY) values ('입금','cseon230@gmail.com','최선하',to_date('2022-06-18','YYYY-MM-DD'),'하나은행','941602-00-228699',200000);
Insert into COMFIT.AD_IO_MONEY_LIST_REALVIEW (IO_TYPE,U_EMAIL,U_NAME,IO_DATE,BANK_NAME,ACCOUNT,MONEY) values ('입금','cseon230@gmail.com','최선하',to_date('2022-06-18','YYYY-MM-DD'),'하나은행','941602-00-228699',500000);
Insert into COMFIT.AD_IO_MONEY_LIST_REALVIEW (IO_TYPE,U_EMAIL,U_NAME,IO_DATE,BANK_NAME,ACCOUNT,MONEY) values ('입금','cseon230@gmail.com','최선하',to_date('2022-06-18','YYYY-MM-DD'),'하나은행','941602-00-228699',100000);
Insert into COMFIT.AD_IO_MONEY_LIST_REALVIEW (IO_TYPE,U_EMAIL,U_NAME,IO_DATE,BANK_NAME,ACCOUNT,MONEY) values ('입금','cseon230@gmail.com','최선하',to_date('2022-06-18','YYYY-MM-DD'),'하나은행','941602-00-228699',100000);
Insert into COMFIT.AD_IO_MONEY_LIST_REALVIEW (IO_TYPE,U_EMAIL,U_NAME,IO_DATE,BANK_NAME,ACCOUNT,MONEY) values ('입금','cseon230@gmail.com','최선하',to_date('2022-06-18','YYYY-MM-DD'),'하나은행','941602-00-228699',100000);
Insert into COMFIT.AD_IO_MONEY_LIST_REALVIEW (IO_TYPE,U_EMAIL,U_NAME,IO_DATE,BANK_NAME,ACCOUNT,MONEY) values ('입금','cseon230@gmail.com','최선하',to_date('2022-06-18','YYYY-MM-DD'),'하나은행','941602-00-228699',20000);
Insert into COMFIT.AD_IO_MONEY_LIST_REALVIEW (IO_TYPE,U_EMAIL,U_NAME,IO_DATE,BANK_NAME,ACCOUNT,MONEY) values ('입금','cseon230@gmail.com','최선하',to_date('2022-06-18','YYYY-MM-DD'),'하나은행','941602-00-228699',20000);
Insert into COMFIT.AD_IO_MONEY_LIST_REALVIEW (IO_TYPE,U_EMAIL,U_NAME,IO_DATE,BANK_NAME,ACCOUNT,MONEY) values ('입금','cseon230@gmail.com','최선하',to_date('2022-06-18','YYYY-MM-DD'),'하나은행','941602-00-228699',20000);
Insert into COMFIT.AD_IO_MONEY_LIST_REALVIEW (IO_TYPE,U_EMAIL,U_NAME,IO_DATE,BANK_NAME,ACCOUNT,MONEY) values ('입금','cseon230@gmail.com','최선하',to_date('2022-06-18','YYYY-MM-DD'),'하나은행','941602-00-228699',100000);
Insert into COMFIT.AD_IO_MONEY_LIST_REALVIEW (IO_TYPE,U_EMAIL,U_NAME,IO_DATE,BANK_NAME,ACCOUNT,MONEY) values ('입금','cseon230@gmail.com','최선하',to_date('2022-06-18','YYYY-MM-DD'),'하나은행','941602-00-228699',10000);
Insert into COMFIT.AD_IO_MONEY_LIST_REALVIEW (IO_TYPE,U_EMAIL,U_NAME,IO_DATE,BANK_NAME,ACCOUNT,MONEY) values ('입금','cseon230@gmail.com','최선하',to_date('2022-06-18','YYYY-MM-DD'),'하나은행','941602-00-228699',10000);
Insert into COMFIT.AD_IO_MONEY_LIST_REALVIEW (IO_TYPE,U_EMAIL,U_NAME,IO_DATE,BANK_NAME,ACCOUNT,MONEY) values ('입금','cseon230@gmail.com','최선하',to_date('2022-06-18','YYYY-MM-DD'),'하나은행','941602-00-228699',10000);
Insert into COMFIT.AD_IO_MONEY_LIST_REALVIEW (IO_TYPE,U_EMAIL,U_NAME,IO_DATE,BANK_NAME,ACCOUNT,MONEY) values ('입금','cseon230@gmail.com','최선하',to_date('2022-06-18','YYYY-MM-DD'),'하나은행','941602-00-228699',30000);
Insert into COMFIT.AD_IO_MONEY_LIST_REALVIEW (IO_TYPE,U_EMAIL,U_NAME,IO_DATE,BANK_NAME,ACCOUNT,MONEY) values ('입금','cseon230@gmail.com','최선하',to_date('2022-06-18','YYYY-MM-DD'),'하나은행','941602-00-228699',20000);
Insert into COMFIT.AD_IO_MONEY_LIST_REALVIEW (IO_TYPE,U_EMAIL,U_NAME,IO_DATE,BANK_NAME,ACCOUNT,MONEY) values ('입금','cseon230@gmail.com','최선하',to_date('2022-06-18','YYYY-MM-DD'),'하나은행','941602-00-228699',10000);
Insert into COMFIT.AD_IO_MONEY_LIST_REALVIEW (IO_TYPE,U_EMAIL,U_NAME,IO_DATE,BANK_NAME,ACCOUNT,MONEY) values ('입금','hjui78@kakao.com','김민성',to_date('2022-06-19','YYYY-MM-DD'),'하나은행','941602-00-228699',300000);
Insert into COMFIT.AD_IO_MONEY_LIST_REALVIEW (IO_TYPE,U_EMAIL,U_NAME,IO_DATE,BANK_NAME,ACCOUNT,MONEY) values ('입금','issac1162@gmail.com','오오이삭2',to_date('2022-06-19','YYYY-MM-DD'),'하나은행','941602-00-228699',1000000);
Insert into COMFIT.AD_IO_MONEY_LIST_REALVIEW (IO_TYPE,U_EMAIL,U_NAME,IO_DATE,BANK_NAME,ACCOUNT,MONEY) values ('출금','issac1162@test.com','오이삭',to_date('2022-06-10','YYYY-MM-DD'),'국민은행','941602-00-228699',500000);
Insert into COMFIT.AD_IO_MONEY_LIST_REALVIEW (IO_TYPE,U_EMAIL,U_NAME,IO_DATE,BANK_NAME,ACCOUNT,MONEY) values ('출금','hjui78@naver.com','김민성',to_date('2022-06-18','YYYY-MM-DD'),'국민은행','656502-01-450731',30000);
Insert into COMFIT.AD_IO_MONEY_LIST_REALVIEW (IO_TYPE,U_EMAIL,U_NAME,IO_DATE,BANK_NAME,ACCOUNT,MONEY) values ('출금','cseon230@gmail.com','최선하',to_date('2022-06-18','YYYY-MM-DD'),'카카오뱅크','3333-03-7433388',10000);
Insert into COMFIT.AD_IO_MONEY_LIST_REALVIEW (IO_TYPE,U_EMAIL,U_NAME,IO_DATE,BANK_NAME,ACCOUNT,MONEY) values ('출금','cseon230@gmail.com','최선하',to_date('2022-06-18','YYYY-MM-DD'),'카카오뱅크','3333-03-7433388',10000);
Insert into COMFIT.AD_IO_MONEY_LIST_REALVIEW (IO_TYPE,U_EMAIL,U_NAME,IO_DATE,BANK_NAME,ACCOUNT,MONEY) values ('출금','cseon230@gmail.com','최선하',to_date('2022-06-18','YYYY-MM-DD'),'카카오뱅크','3333-03-7433388',200000);
Insert into COMFIT.AD_IO_MONEY_LIST_REALVIEW (IO_TYPE,U_EMAIL,U_NAME,IO_DATE,BANK_NAME,ACCOUNT,MONEY) values ('출금','cseon230@gmail.com','최선하',to_date('2022-06-18','YYYY-MM-DD'),'카카오뱅크','3333-03-7433388',20000);
Insert into COMFIT.AD_IO_MONEY_LIST_REALVIEW (IO_TYPE,U_EMAIL,U_NAME,IO_DATE,BANK_NAME,ACCOUNT,MONEY) values ('출금','cseon230@gmail.com','최선하',to_date('2022-06-18','YYYY-MM-DD'),'카카오뱅크','3333-03-7433388',20000);
Insert into COMFIT.AD_IO_MONEY_LIST_REALVIEW (IO_TYPE,U_EMAIL,U_NAME,IO_DATE,BANK_NAME,ACCOUNT,MONEY) values ('출금','cseon230@gmail.com','최선하',to_date('2022-06-18','YYYY-MM-DD'),'카카오뱅크','3333-03-7433388',20000);
Insert into COMFIT.AD_IO_MONEY_LIST_REALVIEW (IO_TYPE,U_EMAIL,U_NAME,IO_DATE,BANK_NAME,ACCOUNT,MONEY) values ('출금','cseon230@gmail.com','최선하',to_date('2022-06-18','YYYY-MM-DD'),'카카오뱅크','3333-03-7433388',10000);
Insert into COMFIT.AD_IO_MONEY_LIST_REALVIEW (IO_TYPE,U_EMAIL,U_NAME,IO_DATE,BANK_NAME,ACCOUNT,MONEY) values ('출금','cseon230@gmail.com','최선하',to_date('2022-06-18','YYYY-MM-DD'),'카카오뱅크','3333-03-7433388',20000);
Insert into COMFIT.AD_IO_MONEY_LIST_REALVIEW (IO_TYPE,U_EMAIL,U_NAME,IO_DATE,BANK_NAME,ACCOUNT,MONEY) values ('출금','cseon230@gmail.com','최선하',to_date('2022-06-18','YYYY-MM-DD'),'카카오뱅크','3333-03-7433388',200000);
Insert into COMFIT.AD_IO_MONEY_LIST_REALVIEW (IO_TYPE,U_EMAIL,U_NAME,IO_DATE,BANK_NAME,ACCOUNT,MONEY) values ('출금','cseon230@gmail.com','최선하',to_date('2022-06-18','YYYY-MM-DD'),'카카오뱅크','3333-03-7433388',300000);
Insert into COMFIT.AD_IO_MONEY_LIST_REALVIEW (IO_TYPE,U_EMAIL,U_NAME,IO_DATE,BANK_NAME,ACCOUNT,MONEY) values ('출금','cseon230@gmail.com','최선하',to_date('2022-06-18','YYYY-MM-DD'),'카카오뱅크','3333-03-7433388',500000);
Insert into COMFIT.AD_IO_MONEY_LIST_REALVIEW (IO_TYPE,U_EMAIL,U_NAME,IO_DATE,BANK_NAME,ACCOUNT,MONEY) values ('출금','cseon230@gmail.com','최선하',to_date('2022-06-18','YYYY-MM-DD'),'카카오뱅크','3333-03-7433388',20000);
Insert into COMFIT.AD_IO_MONEY_LIST_REALVIEW (IO_TYPE,U_EMAIL,U_NAME,IO_DATE,BANK_NAME,ACCOUNT,MONEY) values ('출금','cseon230@gmail.com','최선하',to_date('2022-06-18','YYYY-MM-DD'),'카카오뱅크','3333-03-7433388',200000);
Insert into COMFIT.AD_IO_MONEY_LIST_REALVIEW (IO_TYPE,U_EMAIL,U_NAME,IO_DATE,BANK_NAME,ACCOUNT,MONEY) values ('출금','cseon230@gmail.com','최선하',to_date('2022-06-18','YYYY-MM-DD'),'카카오뱅크','3333-03-7433388',10000);
Insert into COMFIT.AD_IO_MONEY_LIST_REALVIEW (IO_TYPE,U_EMAIL,U_NAME,IO_DATE,BANK_NAME,ACCOUNT,MONEY) values ('출금','cseon230@gmail.com','최선하',to_date('2022-06-18','YYYY-MM-DD'),'카카오뱅크','3333-03-7433388',20000);
Insert into COMFIT.AD_IO_MONEY_LIST_REALVIEW (IO_TYPE,U_EMAIL,U_NAME,IO_DATE,BANK_NAME,ACCOUNT,MONEY) values ('출금','cseon230@gmail.com','최선하',to_date('2022-06-18','YYYY-MM-DD'),'카카오뱅크','3333-03-7433388',40000);
Insert into COMFIT.AD_IO_MONEY_LIST_REALVIEW (IO_TYPE,U_EMAIL,U_NAME,IO_DATE,BANK_NAME,ACCOUNT,MONEY) values ('출금','cseon230@gmail.com','최선하',to_date('2022-06-18','YYYY-MM-DD'),'카카오뱅크','3333-03-7433388',30000);
Insert into COMFIT.AD_IO_MONEY_LIST_REALVIEW (IO_TYPE,U_EMAIL,U_NAME,IO_DATE,BANK_NAME,ACCOUNT,MONEY) values ('출금','cseon230@gmail.com','최선하',to_date('2022-06-18','YYYY-MM-DD'),'카카오뱅크','3333-03-7433388',20000);
Insert into COMFIT.AD_IO_MONEY_LIST_REALVIEW (IO_TYPE,U_EMAIL,U_NAME,IO_DATE,BANK_NAME,ACCOUNT,MONEY) values ('출금','cseon230@gmail.com','최선하',to_date('2022-06-18','YYYY-MM-DD'),'카카오뱅크','3333-03-7433388',10000);
REM INSERTING into COMFIT.AD_PD_LIST2_VIEW
SET DEFINE OFF;
Insert into COMFIT.AD_PD_LIST2_VIEW (TA_CATE,PD_NAME,CATE_NAME,REGIT_DATE,U_EMAIL,PD_TITLE,PRICE,TA_STATUS) values ('직거래','GeForce RTX 3060 Ti','그래픽카드',to_date('2022-06-10','YYYY-MM-DD'),'issac1162@test.com','NVIDIA 그래픽카드 개급처',1000000,'거래완료');
Insert into COMFIT.AD_PD_LIST2_VIEW (TA_CATE,PD_NAME,CATE_NAME,REGIT_DATE,U_EMAIL,PD_TITLE,PRICE,TA_STATUS) values ('직거래','삼성 m.2 ssd 1tb 970','SSD',to_date('2022-06-19','YYYY-MM-DD'),'issac1162@test.com','삼성 m.2 ssd 1tb 970 쌔거 팝니다',198000,'거래완료');
Insert into COMFIT.AD_PD_LIST2_VIEW (TA_CATE,PD_NAME,CATE_NAME,REGIT_DATE,U_EMAIL,PD_TITLE,PRICE,TA_STATUS) values ('직거래','데이븐 pc 케이스','PC케이스',to_date('2022-06-19','YYYY-MM-DD'),'hjui78@naver.com','데이븐 카이저 케이스 급쳐 합니다.',30000,'거래완료');
Insert into COMFIT.AD_PD_LIST2_VIEW (TA_CATE,PD_NAME,CATE_NAME,REGIT_DATE,U_EMAIL,PD_TITLE,PRICE,TA_STATUS) values ('직거래','fsp 파워 500w','파워서플라이',to_date('2022-06-19','YYYY-MM-DD'),'hjui78@kakao.com','fsp 파워 500w 새제품 팝니다',159000,'거래완료');
Insert into COMFIT.AD_PD_LIST2_VIEW (TA_CATE,PD_NAME,CATE_NAME,REGIT_DATE,U_EMAIL,PD_TITLE,PRICE,TA_STATUS) values ('직거래','G304','마우스',to_date('2022-06-17','YYYY-MM-DD'),'issac1162@test.com','G304 마우스 팝니다',25000,'거래완료');
Insert into COMFIT.AD_PD_LIST2_VIEW (TA_CATE,PD_NAME,CATE_NAME,REGIT_DATE,U_EMAIL,PD_TITLE,PRICE,TA_STATUS) values ('직거래','macbook','노트북',to_date('2022-06-20','YYYY-MM-DD'),'yjuh1162@naver.com','맥북 개싸게팜',1200000,'거래완료');
Insert into COMFIT.AD_PD_LIST2_VIEW (TA_CATE,PD_NAME,CATE_NAME,REGIT_DATE,U_EMAIL,PD_TITLE,PRICE,TA_STATUS) values ('직거래','노트북','노트북',to_date('2022-06-20','YYYY-MM-DD'),'kkk@naver.com','노트북 팔아요',800000,'거래완료');
REM INSERTING into COMFIT.AD_PD_LIST_REALVIEW
SET DEFINE OFF;
Insert into COMFIT.AD_PD_LIST_REALVIEW (TA_CATE,PD_NAME,CATE_NAME,REGIT_DATE,U_EMAIL,PD_TITLE,PRICE,TA_STATUS) values ('택배거래','intel I-7 8700','CPU',to_date('2022-06-10','YYYY-MM-DD'),'kkk@naver.com','i-7 8700 저렴하게 판매',150000,'거래완료');
Insert into COMFIT.AD_PD_LIST_REALVIEW (TA_CATE,PD_NAME,CATE_NAME,REGIT_DATE,U_EMAIL,PD_TITLE,PRICE,TA_STATUS) values ('택배거래','gtx 1060','그래픽카드',to_date('2022-06-16','YYYY-MM-DD'),'hjui6322789@gmail.com','이엠텍 gtx 1060 팔아요',100000,'거래완료');
Insert into COMFIT.AD_PD_LIST_REALVIEW (TA_CATE,PD_NAME,CATE_NAME,REGIT_DATE,U_EMAIL,PD_TITLE,PRICE,TA_STATUS) values ('택배거래','그래픽카드','그래픽카드',to_date('2022-06-20','YYYY-MM-DD'),'issac1162@test.com','그래픽카드 완전싸게',422220,'거래완료');
Insert into COMFIT.AD_PD_LIST_REALVIEW (TA_CATE,PD_NAME,CATE_NAME,REGIT_DATE,U_EMAIL,PD_TITLE,PRICE,TA_STATUS) values ('직거래','GeForce RTX 3060 Ti','그래픽카드',to_date('2022-06-10','YYYY-MM-DD'),'issac1162@test.com','NVIDIA 그래픽카드 개급처',1000000,'거래완료');
Insert into COMFIT.AD_PD_LIST_REALVIEW (TA_CATE,PD_NAME,CATE_NAME,REGIT_DATE,U_EMAIL,PD_TITLE,PRICE,TA_STATUS) values ('직거래','삼성 m.2 ssd 1tb 970','SSD',to_date('2022-06-19','YYYY-MM-DD'),'issac1162@test.com','삼성 m.2 ssd 1tb 970 쌔거 팝니다',198000,'거래완료');
Insert into COMFIT.AD_PD_LIST_REALVIEW (TA_CATE,PD_NAME,CATE_NAME,REGIT_DATE,U_EMAIL,PD_TITLE,PRICE,TA_STATUS) values ('직거래','데이븐 pc 케이스','PC케이스',to_date('2022-06-19','YYYY-MM-DD'),'hjui78@naver.com','데이븐 카이저 케이스 급쳐 합니다.',30000,'거래완료');
Insert into COMFIT.AD_PD_LIST_REALVIEW (TA_CATE,PD_NAME,CATE_NAME,REGIT_DATE,U_EMAIL,PD_TITLE,PRICE,TA_STATUS) values ('직거래','fsp 파워 500w','파워서플라이',to_date('2022-06-19','YYYY-MM-DD'),'hjui78@kakao.com','fsp 파워 500w 새제품 팝니다',159000,'거래완료');
Insert into COMFIT.AD_PD_LIST_REALVIEW (TA_CATE,PD_NAME,CATE_NAME,REGIT_DATE,U_EMAIL,PD_TITLE,PRICE,TA_STATUS) values ('직거래','G304','마우스',to_date('2022-06-17','YYYY-MM-DD'),'issac1162@test.com','G304 마우스 팝니다',25000,'거래완료');
Insert into COMFIT.AD_PD_LIST_REALVIEW (TA_CATE,PD_NAME,CATE_NAME,REGIT_DATE,U_EMAIL,PD_TITLE,PRICE,TA_STATUS) values ('직거래','macbook','노트북',to_date('2022-06-20','YYYY-MM-DD'),'yjuh1162@naver.com','맥북 개싸게팜',1200000,'거래완료');
Insert into COMFIT.AD_PD_LIST_REALVIEW (TA_CATE,PD_NAME,CATE_NAME,REGIT_DATE,U_EMAIL,PD_TITLE,PRICE,TA_STATUS) values ('직거래','노트북','노트북',to_date('2022-06-20','YYYY-MM-DD'),'kkk@naver.com','노트북 팔아요',800000,'거래완료');
REM INSERTING into COMFIT.AD_PD_LIST_VIEW
SET DEFINE OFF;
Insert into COMFIT.AD_PD_LIST_VIEW (TA_CATE,PD_NAME,CATE_NAME,REGIT_DATE,U_EMAIL,PD_TITLE,PRICE,TA_STATUS) values ('택배거래','intel I-7 8700','CPU',to_date('2022-06-10','YYYY-MM-DD'),'kkk@naver.com','i-7 8700 저렴하게 판매',150000,'거래완료');
Insert into COMFIT.AD_PD_LIST_VIEW (TA_CATE,PD_NAME,CATE_NAME,REGIT_DATE,U_EMAIL,PD_TITLE,PRICE,TA_STATUS) values ('택배거래','gtx 1060','그래픽카드',to_date('2022-06-16','YYYY-MM-DD'),'hjui6322789@gmail.com','이엠텍 gtx 1060 팔아요',100000,'거래완료');
Insert into COMFIT.AD_PD_LIST_VIEW (TA_CATE,PD_NAME,CATE_NAME,REGIT_DATE,U_EMAIL,PD_TITLE,PRICE,TA_STATUS) values ('택배거래','그래픽카드','그래픽카드',to_date('2022-06-20','YYYY-MM-DD'),'issac1162@test.com','그래픽카드 완전싸게',422220,'거래완료');
REM INSERTING into COMFIT.AD_USER_LIST_REALVIEW
SET DEFINE OFF;
Insert into COMFIT.AD_USER_LIST_REALVIEW (U_EMAIL,U_NAME,U_NICKNAME,U_TEL,U_JOINDATE,BANCOUNT) values ('issac1162@test.com','오이삭','삭이오','010-2988-1162',to_date('2022-06-10','YYYY-MM-DD'),0);
Insert into COMFIT.AD_USER_LIST_REALVIEW (U_EMAIL,U_NAME,U_NICKNAME,U_TEL,U_JOINDATE,BANCOUNT) values ('kkk@naver.com','김민성','민성킴의활약','010-2222-3333',to_date('2022-06-11','YYYY-MM-DD'),1);
Insert into COMFIT.AD_USER_LIST_REALVIEW (U_EMAIL,U_NAME,U_NICKNAME,U_TEL,U_JOINDATE,BANCOUNT) values ('ckacl2222@basdr.com','김민수','아시발꿈','010-2234-5123',to_date('2022-06-16','YYYY-MM-DD'),0);
Insert into COMFIT.AD_USER_LIST_REALVIEW (U_EMAIL,U_NAME,U_NICKNAME,U_TEL,U_JOINDATE,BANCOUNT) values ('test','김민성','김깐득','010-1111-1111',to_date('2022-06-15','YYYY-MM-DD'),0);
Insert into COMFIT.AD_USER_LIST_REALVIEW (U_EMAIL,U_NAME,U_NICKNAME,U_TEL,U_JOINDATE,BANCOUNT) values ('hjui6322789@gmail.com','김민성','김깐돌2','010-1111-1114',to_date('2022-06-14','YYYY-MM-DD'),0);
Insert into COMFIT.AD_USER_LIST_REALVIEW (U_EMAIL,U_NAME,U_NICKNAME,U_TEL,U_JOINDATE,BANCOUNT) values ('yjooo0816@gmail.com','이연주','연주','010-4423-0463',to_date('2022-06-15','YYYY-MM-DD'),0);
Insert into COMFIT.AD_USER_LIST_REALVIEW (U_EMAIL,U_NAME,U_NICKNAME,U_TEL,U_JOINDATE,BANCOUNT) values ('wjddyd123@test.com','김정용','klsdfsdf','010-4444-2222',to_date('2022-06-17','YYYY-MM-DD'),0);
Insert into COMFIT.AD_USER_LIST_REALVIEW (U_EMAIL,U_NAME,U_NICKNAME,U_TEL,U_JOINDATE,BANCOUNT) values ('hjui78@naver.com','김민성','김깐득2','010-1111-1113',to_date('2022-06-16','YYYY-MM-DD'),0);
Insert into COMFIT.AD_USER_LIST_REALVIEW (U_EMAIL,U_NAME,U_NICKNAME,U_TEL,U_JOINDATE,BANCOUNT) values ('duswn1995@naver.com','이연주','이연주2','01044230463  ',to_date('2022-06-16','YYYY-MM-DD'),0);
Insert into COMFIT.AD_USER_LIST_REALVIEW (U_EMAIL,U_NAME,U_NICKNAME,U_TEL,U_JOINDATE,BANCOUNT) values ('cseon230@test.com','최선하','seonha','010-2648-5587',to_date('2022-06-18','YYYY-MM-DD'),0);
Insert into COMFIT.AD_USER_LIST_REALVIEW (U_EMAIL,U_NAME,U_NICKNAME,U_TEL,U_JOINDATE,BANCOUNT) values ('ckacl0233@naver.com','김상기','김상기진짜','010-2222-3333',to_date('2022-06-18','YYYY-MM-DD'),0);
Insert into COMFIT.AD_USER_LIST_REALVIEW (U_EMAIL,U_NAME,U_NICKNAME,U_TEL,U_JOINDATE,BANCOUNT) values ('cseon230@gmail.com','최선하','csh','010-1234-1234',to_date('2022-06-18','YYYY-MM-DD'),0);
Insert into COMFIT.AD_USER_LIST_REALVIEW (U_EMAIL,U_NAME,U_NICKNAME,U_TEL,U_JOINDATE,BANCOUNT) values ('hjui78@kakao.com','김민성','김끄끄','010-5154-6322',to_date('2022-06-19','YYYY-MM-DD'),0);
Insert into COMFIT.AD_USER_LIST_REALVIEW (U_EMAIL,U_NAME,U_NICKNAME,U_TEL,U_JOINDATE,BANCOUNT) values ('issac1162@gmail.com','오오이삭2','굿바이','010-2988-1162',to_date('2022-06-19','YYYY-MM-DD'),0);
Insert into COMFIT.AD_USER_LIST_REALVIEW (U_EMAIL,U_NAME,U_NICKNAME,U_TEL,U_JOINDATE,BANCOUNT) values ('yjuh1162@naver.com','오이삭','이삭삭','010-2988-1162',to_date('2022-06-20','YYYY-MM-DD'),0);
REM INSERTING into COMFIT.ALL_USER_POINT_VIEW
SET DEFINE OFF;
Insert into COMFIT.ALL_USER_POINT_VIEW (U_ID,POINT) values ('test1',1474688);
Insert into COMFIT.ALL_USER_POINT_VIEW (U_ID,POINT) values ('test15',0);
Insert into COMFIT.ALL_USER_POINT_VIEW (U_ID,POINT) values ('test16',130000);
Insert into COMFIT.ALL_USER_POINT_VIEW (U_ID,POINT) values ('test17',0);
Insert into COMFIT.ALL_USER_POINT_VIEW (U_ID,POINT) values ('test18',0);
Insert into COMFIT.ALL_USER_POINT_VIEW (U_ID,POINT) values ('test19',0);
Insert into COMFIT.ALL_USER_POINT_VIEW (U_ID,POINT) values ('test2',2151877);
Insert into COMFIT.ALL_USER_POINT_VIEW (U_ID,POINT) values ('test22',0);
Insert into COMFIT.ALL_USER_POINT_VIEW (U_ID,POINT) values ('test23',0);
Insert into COMFIT.ALL_USER_POINT_VIEW (U_ID,POINT) values ('test24',0);
Insert into COMFIT.ALL_USER_POINT_VIEW (U_ID,POINT) values ('test25',0);
Insert into COMFIT.ALL_USER_POINT_VIEW (U_ID,POINT) values ('test26',0);
Insert into COMFIT.ALL_USER_POINT_VIEW (U_ID,POINT) values ('test27',0);
Insert into COMFIT.ALL_USER_POINT_VIEW (U_ID,POINT) values ('test28',0);
Insert into COMFIT.ALL_USER_POINT_VIEW (U_ID,POINT) values ('test29',0);
Insert into COMFIT.ALL_USER_POINT_VIEW (U_ID,POINT) values ('test3',0);
Insert into COMFIT.ALL_USER_POINT_VIEW (U_ID,POINT) values ('test30',0);
Insert into COMFIT.ALL_USER_POINT_VIEW (U_ID,POINT) values ('test31',0);
Insert into COMFIT.ALL_USER_POINT_VIEW (U_ID,POINT) values ('test32',0);
Insert into COMFIT.ALL_USER_POINT_VIEW (U_ID,POINT) values ('test33',971000);
Insert into COMFIT.ALL_USER_POINT_VIEW (U_ID,POINT) values ('test34',0);
Insert into COMFIT.ALL_USER_POINT_VIEW (U_ID,POINT) values ('test35',0);
Insert into COMFIT.ALL_USER_POINT_VIEW (U_ID,POINT) values ('test36',900000);
Insert into COMFIT.ALL_USER_POINT_VIEW (U_ID,POINT) values ('test37',10000000);
Insert into COMFIT.ALL_USER_POINT_VIEW (U_ID,POINT) values ('test38',0);
Insert into COMFIT.ALL_USER_POINT_VIEW (U_ID,POINT) values ('test39',0);
Insert into COMFIT.ALL_USER_POINT_VIEW (U_ID,POINT) values ('test40',0);
Insert into COMFIT.ALL_USER_POINT_VIEW (U_ID,POINT) values ('test41',0);
Insert into COMFIT.ALL_USER_POINT_VIEW (U_ID,POINT) values ('test42',0);
Insert into COMFIT.ALL_USER_POINT_VIEW (U_ID,POINT) values ('test43',210000);
Insert into COMFIT.ALL_USER_POINT_VIEW (U_ID,POINT) values ('test44',0);
Insert into COMFIT.ALL_USER_POINT_VIEW (U_ID,POINT) values ('test45',90000);
Insert into COMFIT.ALL_USER_POINT_VIEW (U_ID,POINT) values ('test46',0);
Insert into COMFIT.ALL_USER_POINT_VIEW (U_ID,POINT) values ('test47',972000);
Insert into COMFIT.ALL_USER_POINT_VIEW (U_ID,POINT) values ('test48',1300000);
REM INSERTING into COMFIT.ALL_USER_POINT_VIEW2
SET DEFINE OFF;
Insert into COMFIT.ALL_USER_POINT_VIEW2 (U_ID,U_POINT) values ('test1',1474688);
Insert into COMFIT.ALL_USER_POINT_VIEW2 (U_ID,U_POINT) values ('test15',0);
Insert into COMFIT.ALL_USER_POINT_VIEW2 (U_ID,U_POINT) values ('test16',130000);
Insert into COMFIT.ALL_USER_POINT_VIEW2 (U_ID,U_POINT) values ('test17',0);
Insert into COMFIT.ALL_USER_POINT_VIEW2 (U_ID,U_POINT) values ('test18',0);
Insert into COMFIT.ALL_USER_POINT_VIEW2 (U_ID,U_POINT) values ('test19',0);
Insert into COMFIT.ALL_USER_POINT_VIEW2 (U_ID,U_POINT) values ('test2',2151877);
Insert into COMFIT.ALL_USER_POINT_VIEW2 (U_ID,U_POINT) values ('test22',0);
Insert into COMFIT.ALL_USER_POINT_VIEW2 (U_ID,U_POINT) values ('test23',0);
Insert into COMFIT.ALL_USER_POINT_VIEW2 (U_ID,U_POINT) values ('test24',0);
Insert into COMFIT.ALL_USER_POINT_VIEW2 (U_ID,U_POINT) values ('test25',0);
Insert into COMFIT.ALL_USER_POINT_VIEW2 (U_ID,U_POINT) values ('test26',0);
Insert into COMFIT.ALL_USER_POINT_VIEW2 (U_ID,U_POINT) values ('test27',0);
Insert into COMFIT.ALL_USER_POINT_VIEW2 (U_ID,U_POINT) values ('test28',0);
Insert into COMFIT.ALL_USER_POINT_VIEW2 (U_ID,U_POINT) values ('test29',0);
Insert into COMFIT.ALL_USER_POINT_VIEW2 (U_ID,U_POINT) values ('test3',0);
Insert into COMFIT.ALL_USER_POINT_VIEW2 (U_ID,U_POINT) values ('test30',0);
Insert into COMFIT.ALL_USER_POINT_VIEW2 (U_ID,U_POINT) values ('test31',0);
Insert into COMFIT.ALL_USER_POINT_VIEW2 (U_ID,U_POINT) values ('test32',0);
Insert into COMFIT.ALL_USER_POINT_VIEW2 (U_ID,U_POINT) values ('test33',971000);
Insert into COMFIT.ALL_USER_POINT_VIEW2 (U_ID,U_POINT) values ('test34',0);
Insert into COMFIT.ALL_USER_POINT_VIEW2 (U_ID,U_POINT) values ('test35',0);
Insert into COMFIT.ALL_USER_POINT_VIEW2 (U_ID,U_POINT) values ('test36',900000);
Insert into COMFIT.ALL_USER_POINT_VIEW2 (U_ID,U_POINT) values ('test37',10000000);
Insert into COMFIT.ALL_USER_POINT_VIEW2 (U_ID,U_POINT) values ('test38',0);
Insert into COMFIT.ALL_USER_POINT_VIEW2 (U_ID,U_POINT) values ('test39',0);
Insert into COMFIT.ALL_USER_POINT_VIEW2 (U_ID,U_POINT) values ('test40',0);
Insert into COMFIT.ALL_USER_POINT_VIEW2 (U_ID,U_POINT) values ('test41',0);
Insert into COMFIT.ALL_USER_POINT_VIEW2 (U_ID,U_POINT) values ('test42',0);
Insert into COMFIT.ALL_USER_POINT_VIEW2 (U_ID,U_POINT) values ('test43',210000);
Insert into COMFIT.ALL_USER_POINT_VIEW2 (U_ID,U_POINT) values ('test44',0);
Insert into COMFIT.ALL_USER_POINT_VIEW2 (U_ID,U_POINT) values ('test45',90000);
Insert into COMFIT.ALL_USER_POINT_VIEW2 (U_ID,U_POINT) values ('test46',0);
Insert into COMFIT.ALL_USER_POINT_VIEW2 (U_ID,U_POINT) values ('test47',972000);
Insert into COMFIT.ALL_USER_POINT_VIEW2 (U_ID,U_POINT) values ('test48',1300000);
REM INSERTING into COMFIT.BANNED_USER_VIEW
SET DEFINE OFF;
REM INSERTING into COMFIT.BID_LIST_REALVIEW
SET DEFINE OFF;
Insert into COMFIT.BID_LIST_REALVIEW (BID_CODE,U_NICKNAME,PRICE,BID_DATE,ADDRESS,DELI_PD_ID,PROFILE) values ('bid_20','삭이오',130000,to_date('2022-06-20','YYYY-MM-DD'),'서울 마포구 가양대로 2 (상암동)','deli_13','KakaoTalk_20220620_120047826.jpg');
Insert into COMFIT.BID_LIST_REALVIEW (BID_CODE,U_NICKNAME,PRICE,BID_DATE,ADDRESS,DELI_PD_ID,PROFILE) values ('bid_7','삭이오',120000,to_date('2022-06-18','YYYY-MM-DD'),'인천 중구 어딘가','deli_11','KakaoTalk_20220620_120047826.jpg');
Insert into COMFIT.BID_LIST_REALVIEW (BID_CODE,U_NICKNAME,PRICE,BID_DATE,ADDRESS,DELI_PD_ID,PROFILE) values ('bid_1','삭이오',155000,to_date('2022-06-10','YYYY-MM-DD'),'서울특별시 마포구 월드컵북로 21','deli_1','KakaoTalk_20220620_120047826.jpg');
Insert into COMFIT.BID_LIST_REALVIEW (BID_CODE,U_NICKNAME,PRICE,BID_DATE,ADDRESS,DELI_PD_ID,PROFILE) values ('bid_22','삭이오',5500,to_date('2022-06-20','YYYY-MM-DD'),'서울 서대문구 가재울로 6 (남가좌동)','deli_15','KakaoTalk_20220620_120047826.jpg');
Insert into COMFIT.BID_LIST_REALVIEW (BID_CODE,U_NICKNAME,PRICE,BID_DATE,ADDRESS,DELI_PD_ID,PROFILE) values ('bid_21','민성킴의활약',700000,to_date('2022-06-20','YYYY-MM-DD'),'대전 동구 판교1길 3 (판암동)','deli_25','내프로필.jpg');
Insert into COMFIT.BID_LIST_REALVIEW (BID_CODE,U_NICKNAME,PRICE,BID_DATE,ADDRESS,DELI_PD_ID,PROFILE) values ('bid_8','민성킴의활약',156000,to_date('2022-06-19','YYYY-MM-DD'),'인천광역시 중구 신포2동','deli_1','내프로필.jpg');
Insert into COMFIT.BID_LIST_REALVIEW (BID_CODE,U_NICKNAME,PRICE,BID_DATE,ADDRESS,DELI_PD_ID,PROFILE) values ('bid_17','아시발꿈',1029000,to_date('2022-06-19','YYYY-MM-DD'),'경기 화성시 우정읍 3.1만세로 1','deli_20','defaultprofil.jpg');
Insert into COMFIT.BID_LIST_REALVIEW (BID_CODE,U_NICKNAME,PRICE,BID_DATE,ADDRESS,DELI_PD_ID,PROFILE) values ('bid_18','김깐득2',310000,to_date('2022-06-19','YYYY-MM-DD'),'인천 계양구 새벌로112번길 12 (효성동, 현대4차아파트)','deli_12','970282641.jpg');
Insert into COMFIT.BID_LIST_REALVIEW (BID_CODE,U_NICKNAME,PRICE,BID_DATE,ADDRESS,DELI_PD_ID,PROFILE) values ('bid_19','김끄끄',350000,to_date('2022-06-19','YYYY-MM-DD'),'인천 계양구 계양대로 지하 73 (작전동)','deli_12','내프로필1.jpg');
REM INSERTING into COMFIT.BID_SUCCESSCOUNT_VIEW
SET DEFINE OFF;
Insert into COMFIT.BID_SUCCESSCOUNT_VIEW (BID_CODE,BID_DATE,BID_PRICE,ADDRESS,ADDR_DETAIL,U_ID,DELI_PD_ID,SUCCESSCOUNT) values ('bid_22',to_date('2022-06-20','YYYY-MM-DD'),5500,'서울 서대문구 가재울로 6 (남가좌동)','빌딩 3층','test1','deli_15',0);
Insert into COMFIT.BID_SUCCESSCOUNT_VIEW (BID_CODE,BID_DATE,BID_PRICE,ADDRESS,ADDR_DETAIL,U_ID,DELI_PD_ID,SUCCESSCOUNT) values ('bid_1',to_date('2022-06-10','YYYY-MM-DD'),155000,'서울특별시 마포구 월드컵북로 21','2층 풍성빌딩','test1','deli_1',1);
Insert into COMFIT.BID_SUCCESSCOUNT_VIEW (BID_CODE,BID_DATE,BID_PRICE,ADDRESS,ADDR_DETAIL,U_ID,DELI_PD_ID,SUCCESSCOUNT) values ('bid_2',to_date('2022-06-10','YYYY-MM-DD'),152000,'인천광역시 중구 신포동','신흥초등학교','test3','deli_1',0);
Insert into COMFIT.BID_SUCCESSCOUNT_VIEW (BID_CODE,BID_DATE,BID_PRICE,ADDRESS,ADDR_DETAIL,U_ID,DELI_PD_ID,SUCCESSCOUNT) values ('bid_7',to_date('2022-06-18','YYYY-MM-DD'),120000,'인천 중구 어딘가','으슥한곳','test1','deli_11',0);
Insert into COMFIT.BID_SUCCESSCOUNT_VIEW (BID_CODE,BID_DATE,BID_PRICE,ADDRESS,ADDR_DETAIL,U_ID,DELI_PD_ID,SUCCESSCOUNT) values ('bid_8',to_date('2022-06-19','YYYY-MM-DD'),156000,'인천광역시 중구 신포2동','아파트앞삼거리','test2','deli_1',0);
Insert into COMFIT.BID_SUCCESSCOUNT_VIEW (BID_CODE,BID_DATE,BID_PRICE,ADDRESS,ADDR_DETAIL,U_ID,DELI_PD_ID,SUCCESSCOUNT) values ('bid_17',to_date('2022-06-19','YYYY-MM-DD'),1029000,'경기 화성시 우정읍 3.1만세로 1','ㅋㅋ','test33','deli_20',1);
Insert into COMFIT.BID_SUCCESSCOUNT_VIEW (BID_CODE,BID_DATE,BID_PRICE,ADDRESS,ADDR_DETAIL,U_ID,DELI_PD_ID,SUCCESSCOUNT) values ('bid_19',to_date('2022-06-19','YYYY-MM-DD'),350000,'인천 계양구 계양대로 지하 73 (작전동)','1번출구','test45','deli_12',1);
Insert into COMFIT.BID_SUCCESSCOUNT_VIEW (BID_CODE,BID_DATE,BID_PRICE,ADDRESS,ADDR_DETAIL,U_ID,DELI_PD_ID,SUCCESSCOUNT) values ('bid_18',to_date('2022-06-19','YYYY-MM-DD'),310000,'인천 계양구 새벌로112번길 12 (효성동, 현대4차아파트)','405동 1703호','test36','deli_12',0);
Insert into COMFIT.BID_SUCCESSCOUNT_VIEW (BID_CODE,BID_DATE,BID_PRICE,ADDRESS,ADDR_DETAIL,U_ID,DELI_PD_ID,SUCCESSCOUNT) values ('bid_20',to_date('2022-06-20','YYYY-MM-DD'),130000,'서울 마포구 가양대로 2 (상암동)','빌딩 2층 205호','test1','deli_13',1);
Insert into COMFIT.BID_SUCCESSCOUNT_VIEW (BID_CODE,BID_DATE,BID_PRICE,ADDRESS,ADDR_DETAIL,U_ID,DELI_PD_ID,SUCCESSCOUNT) values ('bid_21',to_date('2022-06-20','YYYY-MM-DD'),700000,'대전 동구 판교1길 3 (판암동)','빌딩 3층 405호','test2','deli_25',1);
REM INSERTING into COMFIT.BS_FAIL_VIEW
SET DEFINE OFF;
Insert into COMFIT.BS_FAIL_VIEW (BISG_CODE,PD_ID,PD_TITLE,PD_PRICE,BISG_PRICE,PD_REGIT_DATE,BISG_DATE,BUYER_ID,SELLER_ID) values ('bid_1','deli_1','i-7 8700 저렴하게 판매',150000,155000,to_date('2022-06-10','YYYY-MM-DD'),to_date('2022-06-10','YYYY-MM-DD'),'test1','test2');
Insert into COMFIT.BS_FAIL_VIEW (BISG_CODE,PD_ID,PD_TITLE,PD_PRICE,BISG_PRICE,PD_REGIT_DATE,BISG_DATE,BUYER_ID,SELLER_ID) values ('bid_18','deli_12','라이젠 5600',300000,310000,to_date('2022-06-16','YYYY-MM-DD'),to_date('2022-06-19','YYYY-MM-DD'),'test36','test2');
Insert into COMFIT.BS_FAIL_VIEW (BISG_CODE,PD_ID,PD_TITLE,PD_PRICE,BISG_PRICE,PD_REGIT_DATE,BISG_DATE,BUYER_ID,SELLER_ID) values ('bid_2','deli_1','i-7 8700 저렴하게 판매',150000,152000,to_date('2022-06-10','YYYY-MM-DD'),to_date('2022-06-10','YYYY-MM-DD'),'test3','test2');
Insert into COMFIT.BS_FAIL_VIEW (BISG_CODE,PD_ID,PD_TITLE,PD_PRICE,BISG_PRICE,PD_REGIT_DATE,BISG_DATE,BUYER_ID,SELLER_ID) values ('bid_22','deli_15','로지텍 g102 팔아요',5000,5500,to_date('2022-06-16','YYYY-MM-DD'),to_date('2022-06-20','YYYY-MM-DD'),'test1','test16');
Insert into COMFIT.BS_FAIL_VIEW (BISG_CODE,PD_ID,PD_TITLE,PD_PRICE,BISG_PRICE,PD_REGIT_DATE,BISG_DATE,BUYER_ID,SELLER_ID) values ('bid_7','deli_11','이엠텍 gtx 1060 팔아요',100000,120000,to_date('2022-06-16','YYYY-MM-DD'),to_date('2022-06-18','YYYY-MM-DD'),'test1','test2');
Insert into COMFIT.BS_FAIL_VIEW (BISG_CODE,PD_ID,PD_TITLE,PD_PRICE,BISG_PRICE,PD_REGIT_DATE,BISG_DATE,BUYER_ID,SELLER_ID) values ('bid_8','deli_1','i-7 8700 저렴하게 판매',150000,156000,to_date('2022-06-10','YYYY-MM-DD'),to_date('2022-06-19','YYYY-MM-DD'),'test2','test2');
Insert into COMFIT.BS_FAIL_VIEW (BISG_CODE,PD_ID,PD_TITLE,PD_PRICE,BISG_PRICE,PD_REGIT_DATE,BISG_DATE,BUYER_ID,SELLER_ID) values ('suggest_10','dire_16','삼성 램 4gb 팔아요!',10000,200000,to_date('2022-06-17','YYYY-MM-DD'),to_date('2022-06-18','YYYY-MM-DD'),'test2','test1');
Insert into COMFIT.BS_FAIL_VIEW (BISG_CODE,PD_ID,PD_TITLE,PD_PRICE,BISG_PRICE,PD_REGIT_DATE,BISG_DATE,BUYER_ID,SELLER_ID) values ('suggest_10','dire_34','이엠텍 gtx 1060 팔아요',222222,200000,to_date('2022-06-17','YYYY-MM-DD'),to_date('2022-06-18','YYYY-MM-DD'),'test2','test36');
Insert into COMFIT.BS_FAIL_VIEW (BISG_CODE,PD_ID,PD_TITLE,PD_PRICE,BISG_PRICE,PD_REGIT_DATE,BISG_DATE,BUYER_ID,SELLER_ID) values ('suggest_10','dire_42','이엠텍 gtx 1060 팔아요',0,200000,to_date('2022-06-18','YYYY-MM-DD'),to_date('2022-06-18','YYYY-MM-DD'),'test2','test36');
Insert into COMFIT.BS_FAIL_VIEW (BISG_CODE,PD_ID,PD_TITLE,PD_PRICE,BISG_PRICE,PD_REGIT_DATE,BISG_DATE,BUYER_ID,SELLER_ID) values ('suggest_13','dire_16','삼성 램 4gb 팔아요!',10000,0,to_date('2022-06-17','YYYY-MM-DD'),to_date('2022-06-18','YYYY-MM-DD'),'test36','test1');
Insert into COMFIT.BS_FAIL_VIEW (BISG_CODE,PD_ID,PD_TITLE,PD_PRICE,BISG_PRICE,PD_REGIT_DATE,BISG_DATE,BUYER_ID,SELLER_ID) values ('suggest_13','dire_34','이엠텍 gtx 1060 팔아요',222222,0,to_date('2022-06-17','YYYY-MM-DD'),to_date('2022-06-18','YYYY-MM-DD'),'test36','test36');
Insert into COMFIT.BS_FAIL_VIEW (BISG_CODE,PD_ID,PD_TITLE,PD_PRICE,BISG_PRICE,PD_REGIT_DATE,BISG_DATE,BUYER_ID,SELLER_ID) values ('suggest_13','dire_42','이엠텍 gtx 1060 팔아요',0,0,to_date('2022-06-18','YYYY-MM-DD'),to_date('2022-06-18','YYYY-MM-DD'),'test36','test36');
Insert into COMFIT.BS_FAIL_VIEW (BISG_CODE,PD_ID,PD_TITLE,PD_PRICE,BISG_PRICE,PD_REGIT_DATE,BISG_DATE,BUYER_ID,SELLER_ID) values ('suggest_17','dire_16','삼성 램 4gb 팔아요!',10000,30000,to_date('2022-06-17','YYYY-MM-DD'),to_date('2022-06-19','YYYY-MM-DD'),'test33','test1');
Insert into COMFIT.BS_FAIL_VIEW (BISG_CODE,PD_ID,PD_TITLE,PD_PRICE,BISG_PRICE,PD_REGIT_DATE,BISG_DATE,BUYER_ID,SELLER_ID) values ('suggest_17','dire_34','이엠텍 gtx 1060 팔아요',222222,30000,to_date('2022-06-17','YYYY-MM-DD'),to_date('2022-06-19','YYYY-MM-DD'),'test33','test36');
Insert into COMFIT.BS_FAIL_VIEW (BISG_CODE,PD_ID,PD_TITLE,PD_PRICE,BISG_PRICE,PD_REGIT_DATE,BISG_DATE,BUYER_ID,SELLER_ID) values ('suggest_17','dire_42','이엠텍 gtx 1060 팔아요',0,30000,to_date('2022-06-18','YYYY-MM-DD'),to_date('2022-06-19','YYYY-MM-DD'),'test33','test36');
Insert into COMFIT.BS_FAIL_VIEW (BISG_CODE,PD_ID,PD_TITLE,PD_PRICE,BISG_PRICE,PD_REGIT_DATE,BISG_DATE,BUYER_ID,SELLER_ID) values ('suggest_18','dire_16','삼성 램 4gb 팔아요!',10000,8000,to_date('2022-06-17','YYYY-MM-DD'),to_date('2022-06-19','YYYY-MM-DD'),'test33','test1');
Insert into COMFIT.BS_FAIL_VIEW (BISG_CODE,PD_ID,PD_TITLE,PD_PRICE,BISG_PRICE,PD_REGIT_DATE,BISG_DATE,BUYER_ID,SELLER_ID) values ('suggest_18','dire_34','이엠텍 gtx 1060 팔아요',222222,8000,to_date('2022-06-17','YYYY-MM-DD'),to_date('2022-06-19','YYYY-MM-DD'),'test33','test36');
Insert into COMFIT.BS_FAIL_VIEW (BISG_CODE,PD_ID,PD_TITLE,PD_PRICE,BISG_PRICE,PD_REGIT_DATE,BISG_DATE,BUYER_ID,SELLER_ID) values ('suggest_18','dire_42','이엠텍 gtx 1060 팔아요',0,8000,to_date('2022-06-18','YYYY-MM-DD'),to_date('2022-06-19','YYYY-MM-DD'),'test33','test36');
Insert into COMFIT.BS_FAIL_VIEW (BISG_CODE,PD_ID,PD_TITLE,PD_PRICE,BISG_PRICE,PD_REGIT_DATE,BISG_DATE,BUYER_ID,SELLER_ID) values ('suggest_3','dire_16','삼성 램 4gb 팔아요!',10000,855500,to_date('2022-06-17','YYYY-MM-DD'),to_date('2022-06-17','YYYY-MM-DD'),'test2','test1');
Insert into COMFIT.BS_FAIL_VIEW (BISG_CODE,PD_ID,PD_TITLE,PD_PRICE,BISG_PRICE,PD_REGIT_DATE,BISG_DATE,BUYER_ID,SELLER_ID) values ('suggest_3','dire_34','이엠텍 gtx 1060 팔아요',222222,855500,to_date('2022-06-17','YYYY-MM-DD'),to_date('2022-06-17','YYYY-MM-DD'),'test2','test36');
Insert into COMFIT.BS_FAIL_VIEW (BISG_CODE,PD_ID,PD_TITLE,PD_PRICE,BISG_PRICE,PD_REGIT_DATE,BISG_DATE,BUYER_ID,SELLER_ID) values ('suggest_3','dire_42','이엠텍 gtx 1060 팔아요',0,855500,to_date('2022-06-18','YYYY-MM-DD'),to_date('2022-06-17','YYYY-MM-DD'),'test2','test36');
REM INSERTING into COMFIT.DELIVEREY_DEAL_VIEW
SET DEFINE OFF;
Insert into COMFIT.DELIVEREY_DEAL_VIEW (DELI_PD_ID,PD_REGIT_DATE,PD_TITLE,DEAL_TYPE,U_ID,DEAL_STATUS,CATEGORY_NAME,PD_NAME,PD_MAKER_ID,B_U_ID,BID_PRICE,BID_DATE,ADDRESS,BUY_COMP_DATE,SELL_COMP_DATE,PD_DELI_NUM,"제안상태") values ('12',to_date('2022-06-16','YYYY-MM-DD'),'라이젠 5600','택배거래','test2','거래중','CPU','라이젠5600','maker_2','test36',310000,to_date('2022-06-19','YYYY-MM-DD'),'인천 계양구 새벌로112번길 12 (효성동, 현대4차아파트)405동 1703호',null,null,null,'유찰');
Insert into COMFIT.DELIVEREY_DEAL_VIEW (DELI_PD_ID,PD_REGIT_DATE,PD_TITLE,DEAL_TYPE,U_ID,DEAL_STATUS,CATEGORY_NAME,PD_NAME,PD_MAKER_ID,B_U_ID,BID_PRICE,BID_DATE,ADDRESS,BUY_COMP_DATE,SELL_COMP_DATE,PD_DELI_NUM,"제안상태") values ('12',to_date('2022-06-16','YYYY-MM-DD'),'라이젠 5600','택배거래','test2','거래중','CPU','라이젠5600','maker_2','test45',350000,to_date('2022-06-19','YYYY-MM-DD'),'인천 계양구 계양대로 지하 73 (작전동)1번출구',null,null,null,'낙찰');
Insert into COMFIT.DELIVEREY_DEAL_VIEW (DELI_PD_ID,PD_REGIT_DATE,PD_TITLE,DEAL_TYPE,U_ID,DEAL_STATUS,CATEGORY_NAME,PD_NAME,PD_MAKER_ID,B_U_ID,BID_PRICE,BID_DATE,ADDRESS,BUY_COMP_DATE,SELL_COMP_DATE,PD_DELI_NUM,"제안상태") values ('1',to_date('2022-06-10','YYYY-MM-DD'),'i-7 8700 저렴하게 판매','택배거래','test2','거래완료','CPU','intel I-7 8700','maker_1','test1',155000,to_date('2022-06-10','YYYY-MM-DD'),'서울특별시 마포구 월드컵북로 212층 풍성빌딩',to_date('2022-06-10','YYYY-MM-DD'),to_date('2022-06-10','YYYY-MM-DD'),'12345678901','낙찰');
Insert into COMFIT.DELIVEREY_DEAL_VIEW (DELI_PD_ID,PD_REGIT_DATE,PD_TITLE,DEAL_TYPE,U_ID,DEAL_STATUS,CATEGORY_NAME,PD_NAME,PD_MAKER_ID,B_U_ID,BID_PRICE,BID_DATE,ADDRESS,BUY_COMP_DATE,SELL_COMP_DATE,PD_DELI_NUM,"제안상태") values ('5',to_date('0022-06-16','YYYY-MM-DD'),'i7 10700 팔아요','택배거래','test2','거래중','CPU','i7 10700','maker_1',null,null,null,null,null,null,null,'유찰');
Insert into COMFIT.DELIVEREY_DEAL_VIEW (DELI_PD_ID,PD_REGIT_DATE,PD_TITLE,DEAL_TYPE,U_ID,DEAL_STATUS,CATEGORY_NAME,PD_NAME,PD_MAKER_ID,B_U_ID,BID_PRICE,BID_DATE,ADDRESS,BUY_COMP_DATE,SELL_COMP_DATE,PD_DELI_NUM,"제안상태") values ('1',to_date('2022-06-10','YYYY-MM-DD'),'i-7 8700 저렴하게 판매','택배거래','test2','거래중','CPU','intel I-7 8700','maker_1','test3',152000,to_date('2022-06-10','YYYY-MM-DD'),'인천광역시 중구 신포동신흥초등학교',null,null,null,'유찰');
Insert into COMFIT.DELIVEREY_DEAL_VIEW (DELI_PD_ID,PD_REGIT_DATE,PD_TITLE,DEAL_TYPE,U_ID,DEAL_STATUS,CATEGORY_NAME,PD_NAME,PD_MAKER_ID,B_U_ID,BID_PRICE,BID_DATE,ADDRESS,BUY_COMP_DATE,SELL_COMP_DATE,PD_DELI_NUM,"제안상태") values ('1',to_date('2022-06-10','YYYY-MM-DD'),'i-7 8700 저렴하게 판매','택배거래','test2','거래중','CPU','intel I-7 8700','maker_1','test2',156000,to_date('2022-06-19','YYYY-MM-DD'),'인천광역시 중구 신포2동아파트앞삼거리',null,null,null,'유찰');
Insert into COMFIT.DELIVEREY_DEAL_VIEW (DELI_PD_ID,PD_REGIT_DATE,PD_TITLE,DEAL_TYPE,U_ID,DEAL_STATUS,CATEGORY_NAME,PD_NAME,PD_MAKER_ID,B_U_ID,BID_PRICE,BID_DATE,ADDRESS,BUY_COMP_DATE,SELL_COMP_DATE,PD_DELI_NUM,"제안상태") values ('3',to_date('0022-06-15','YYYY-MM-DD'),'RTX2060 팔아요','택배거래','test2','거래중','그래픽카드','RTX2060','maker_20',null,null,null,null,null,null,null,'유찰');
Insert into COMFIT.DELIVEREY_DEAL_VIEW (DELI_PD_ID,PD_REGIT_DATE,PD_TITLE,DEAL_TYPE,U_ID,DEAL_STATUS,CATEGORY_NAME,PD_NAME,PD_MAKER_ID,B_U_ID,BID_PRICE,BID_DATE,ADDRESS,BUY_COMP_DATE,SELL_COMP_DATE,PD_DELI_NUM,"제안상태") values ('20',to_date('2022-06-17','YYYY-MM-DD'),'wddwwdwddwwdwd','택배거래','test1','거래중','그래픽카드','RTX2070','maker_18','test33',1029000,to_date('2022-06-19','YYYY-MM-DD'),'경기 화성시 우정읍 3.1만세로 1ㅋㅋ',null,to_date('2022-06-19','YYYY-MM-DD'),'1515','낙찰');
Insert into COMFIT.DELIVEREY_DEAL_VIEW (DELI_PD_ID,PD_REGIT_DATE,PD_TITLE,DEAL_TYPE,U_ID,DEAL_STATUS,CATEGORY_NAME,PD_NAME,PD_MAKER_ID,B_U_ID,BID_PRICE,BID_DATE,ADDRESS,BUY_COMP_DATE,SELL_COMP_DATE,PD_DELI_NUM,"제안상태") values ('13',to_date('2022-06-16','YYYY-MM-DD'),'이엠텍 gtx 1060 팔아요','택배거래','test16','거래완료','그래픽카드','gtx 1060','maker_16','test1',130000,to_date('2022-06-20','YYYY-MM-DD'),'서울 마포구 가양대로 2 (상암동)빌딩 2층 205호',to_date('2022-06-20','YYYY-MM-DD'),to_date('2022-06-20','YYYY-MM-DD'),'0002989381','낙찰');
Insert into COMFIT.DELIVEREY_DEAL_VIEW (DELI_PD_ID,PD_REGIT_DATE,PD_TITLE,DEAL_TYPE,U_ID,DEAL_STATUS,CATEGORY_NAME,PD_NAME,PD_MAKER_ID,B_U_ID,BID_PRICE,BID_DATE,ADDRESS,BUY_COMP_DATE,SELL_COMP_DATE,PD_DELI_NUM,"제안상태") values ('11',to_date('2022-06-16','YYYY-MM-DD'),'이엠텍 gtx 1060 팔아요','택배거래','test2','거래중','그래픽카드','gtx 1060','maker_16','test1',120000,to_date('2022-06-18','YYYY-MM-DD'),'인천 중구 어딘가으슥한곳',null,null,null,'유찰');
Insert into COMFIT.DELIVEREY_DEAL_VIEW (DELI_PD_ID,PD_REGIT_DATE,PD_TITLE,DEAL_TYPE,U_ID,DEAL_STATUS,CATEGORY_NAME,PD_NAME,PD_MAKER_ID,B_U_ID,BID_PRICE,BID_DATE,ADDRESS,BUY_COMP_DATE,SELL_COMP_DATE,PD_DELI_NUM,"제안상태") values ('25',to_date('2022-06-20','YYYY-MM-DD'),'그래픽카드 완전싸게','택배거래','test1','거래완료','그래픽카드','그래픽카드','maker_15','test2',700000,to_date('2022-06-20','YYYY-MM-DD'),'대전 동구 판교1길 3 (판암동)빌딩 3층 405호',to_date('2022-06-20','YYYY-MM-DD'),to_date('2022-06-20','YYYY-MM-DD'),'0002989381','낙찰');
Insert into COMFIT.DELIVEREY_DEAL_VIEW (DELI_PD_ID,PD_REGIT_DATE,PD_TITLE,DEAL_TYPE,U_ID,DEAL_STATUS,CATEGORY_NAME,PD_NAME,PD_MAKER_ID,B_U_ID,BID_PRICE,BID_DATE,ADDRESS,BUY_COMP_DATE,SELL_COMP_DATE,PD_DELI_NUM,"제안상태") values ('9',to_date('0022-06-16','YYYY-MM-DD'),'asdasdasd','택배거래','test2','거래중','그래픽카드','rtx 3060','maker_15',null,null,null,null,null,null,null,'유찰');
Insert into COMFIT.DELIVEREY_DEAL_VIEW (DELI_PD_ID,PD_REGIT_DATE,PD_TITLE,DEAL_TYPE,U_ID,DEAL_STATUS,CATEGORY_NAME,PD_NAME,PD_MAKER_ID,B_U_ID,BID_PRICE,BID_DATE,ADDRESS,BUY_COMP_DATE,SELL_COMP_DATE,PD_DELI_NUM,"제안상태") values ('7',to_date('0022-06-16','YYYY-MM-DD'),'한성gk893 팝니다','택배거래','test2','거래중','키보드','한성gk893','maker_66',null,null,null,null,null,null,null,'유찰');
Insert into COMFIT.DELIVEREY_DEAL_VIEW (DELI_PD_ID,PD_REGIT_DATE,PD_TITLE,DEAL_TYPE,U_ID,DEAL_STATUS,CATEGORY_NAME,PD_NAME,PD_MAKER_ID,B_U_ID,BID_PRICE,BID_DATE,ADDRESS,BUY_COMP_DATE,SELL_COMP_DATE,PD_DELI_NUM,"제안상태") values ('2',to_date('2022-06-14','YYYY-MM-DD'),'레이저 마우스 급처','택배거래','test3','거래중','마우스','레이저 바이퍼','maker_122',null,null,null,null,null,null,null,'유찰');
Insert into COMFIT.DELIVEREY_DEAL_VIEW (DELI_PD_ID,PD_REGIT_DATE,PD_TITLE,DEAL_TYPE,U_ID,DEAL_STATUS,CATEGORY_NAME,PD_NAME,PD_MAKER_ID,B_U_ID,BID_PRICE,BID_DATE,ADDRESS,BUY_COMP_DATE,SELL_COMP_DATE,PD_DELI_NUM,"제안상태") values ('10',to_date('0022-06-16','YYYY-MM-DD'),'맥스틸 마우스 팔아요','택배거래','test2','거래중','마우스','맥스틸 마우스','maker_75',null,null,null,null,null,null,null,'유찰');
Insert into COMFIT.DELIVEREY_DEAL_VIEW (DELI_PD_ID,PD_REGIT_DATE,PD_TITLE,DEAL_TYPE,U_ID,DEAL_STATUS,CATEGORY_NAME,PD_NAME,PD_MAKER_ID,B_U_ID,BID_PRICE,BID_DATE,ADDRESS,BUY_COMP_DATE,SELL_COMP_DATE,PD_DELI_NUM,"제안상태") values ('14',to_date('2022-06-16','YYYY-MM-DD'),'로지텍 g102 팔아요','택배거래','test16','거래중','마우스','g102','maker_71',null,null,null,null,null,null,null,'유찰');
Insert into COMFIT.DELIVEREY_DEAL_VIEW (DELI_PD_ID,PD_REGIT_DATE,PD_TITLE,DEAL_TYPE,U_ID,DEAL_STATUS,CATEGORY_NAME,PD_NAME,PD_MAKER_ID,B_U_ID,BID_PRICE,BID_DATE,ADDRESS,BUY_COMP_DATE,SELL_COMP_DATE,PD_DELI_NUM,"제안상태") values ('6',to_date('0022-06-16','YYYY-MM-DD'),'g304 마우스 팔아요','택배거래','test2','거래중','마우스','g304','maker_71',null,null,null,null,null,null,null,'유찰');
Insert into COMFIT.DELIVEREY_DEAL_VIEW (DELI_PD_ID,PD_REGIT_DATE,PD_TITLE,DEAL_TYPE,U_ID,DEAL_STATUS,CATEGORY_NAME,PD_NAME,PD_MAKER_ID,B_U_ID,BID_PRICE,BID_DATE,ADDRESS,BUY_COMP_DATE,SELL_COMP_DATE,PD_DELI_NUM,"제안상태") values ('15',to_date('2022-06-16','YYYY-MM-DD'),'로지텍 g102 팔아요','택배거래','test16','거래중','마우스','g102','maker_71','test1',5500,to_date('2022-06-20','YYYY-MM-DD'),'서울 서대문구 가재울로 6 (남가좌동)빌딩 3층',null,null,null,'유찰');
Insert into COMFIT.DELIVEREY_DEAL_VIEW (DELI_PD_ID,PD_REGIT_DATE,PD_TITLE,DEAL_TYPE,U_ID,DEAL_STATUS,CATEGORY_NAME,PD_NAME,PD_MAKER_ID,B_U_ID,BID_PRICE,BID_DATE,ADDRESS,BUY_COMP_DATE,SELL_COMP_DATE,PD_DELI_NUM,"제안상태") values ('4',to_date('0022-06-16','YYYY-MM-DD'),'27GN750 모니터 팔아요','택배거래','test2','거래중','모니터','27GN750','maker_79',null,null,null,null,null,null,null,'유찰');
REM INSERTING into COMFIT.DELIVERY_BOX1_VIEW
SET DEFINE OFF;
Insert into COMFIT.DELIVERY_BOX1_VIEW (PD_NUM,DELI_PD_ID,PD_ID,PD_REGIT_DATE,PD_TITLE,DEAL_TYPE,U_ID,DEAL_STATUS,BS_ID) values ('1','deli_1','deli',to_date('2022-06-10','YYYY-MM-DD'),'i-7 8700 저렴하게 판매','택배거래','test2','거래완료','bs_1');
Insert into COMFIT.DELIVERY_BOX1_VIEW (PD_NUM,DELI_PD_ID,PD_ID,PD_REGIT_DATE,PD_TITLE,DEAL_TYPE,U_ID,DEAL_STATUS,BS_ID) values ('25','deli_25','deli',to_date('2022-06-20','YYYY-MM-DD'),'그래픽카드 완전싸게','택배거래','test1','거래완료','bs_10');
Insert into COMFIT.DELIVERY_BOX1_VIEW (PD_NUM,DELI_PD_ID,PD_ID,PD_REGIT_DATE,PD_TITLE,DEAL_TYPE,U_ID,DEAL_STATUS,BS_ID) values ('13','deli_13','deli',to_date('2022-06-16','YYYY-MM-DD'),'이엠텍 gtx 1060 팔아요','택배거래','test16','거래완료','bs_9');
Insert into COMFIT.DELIVERY_BOX1_VIEW (PD_NUM,DELI_PD_ID,PD_ID,PD_REGIT_DATE,PD_TITLE,DEAL_TYPE,U_ID,DEAL_STATUS,BS_ID) values ('2','deli_2','deli',to_date('2022-06-14','YYYY-MM-DD'),'레이저 마우스 급처','택배거래','test3','거래중',null);
Insert into COMFIT.DELIVERY_BOX1_VIEW (PD_NUM,DELI_PD_ID,PD_ID,PD_REGIT_DATE,PD_TITLE,DEAL_TYPE,U_ID,DEAL_STATUS,BS_ID) values ('14','deli_14','deli',to_date('2022-06-16','YYYY-MM-DD'),'로지텍 g102 팔아요','택배거래','test16','거래중',null);
Insert into COMFIT.DELIVERY_BOX1_VIEW (PD_NUM,DELI_PD_ID,PD_ID,PD_REGIT_DATE,PD_TITLE,DEAL_TYPE,U_ID,DEAL_STATUS,BS_ID) values ('10','deli_10','deli',to_date('0022-06-16','YYYY-MM-DD'),'맥스틸 마우스 팔아요','택배거래','test2','거래중',null);
Insert into COMFIT.DELIVERY_BOX1_VIEW (PD_NUM,DELI_PD_ID,PD_ID,PD_REGIT_DATE,PD_TITLE,DEAL_TYPE,U_ID,DEAL_STATUS,BS_ID) values ('7','deli_7','deli',to_date('0022-06-16','YYYY-MM-DD'),'한성gk893 팝니다','택배거래','test2','거래중',null);
Insert into COMFIT.DELIVERY_BOX1_VIEW (PD_NUM,DELI_PD_ID,PD_ID,PD_REGIT_DATE,PD_TITLE,DEAL_TYPE,U_ID,DEAL_STATUS,BS_ID) values ('9','deli_9','deli',to_date('0022-06-16','YYYY-MM-DD'),'asdasdasd','택배거래','test2','거래중',null);
Insert into COMFIT.DELIVERY_BOX1_VIEW (PD_NUM,DELI_PD_ID,PD_ID,PD_REGIT_DATE,PD_TITLE,DEAL_TYPE,U_ID,DEAL_STATUS,BS_ID) values ('3','deli_3','deli',to_date('0022-06-15','YYYY-MM-DD'),'RTX2060 팔아요','택배거래','test2','거래중',null);
Insert into COMFIT.DELIVERY_BOX1_VIEW (PD_NUM,DELI_PD_ID,PD_ID,PD_REGIT_DATE,PD_TITLE,DEAL_TYPE,U_ID,DEAL_STATUS,BS_ID) values ('5','deli_5','deli',to_date('0022-06-16','YYYY-MM-DD'),'i7 10700 팔아요','택배거래','test2','거래중',null);
Insert into COMFIT.DELIVERY_BOX1_VIEW (PD_NUM,DELI_PD_ID,PD_ID,PD_REGIT_DATE,PD_TITLE,DEAL_TYPE,U_ID,DEAL_STATUS,BS_ID) values ('6','deli_6','deli',to_date('0022-06-16','YYYY-MM-DD'),'g304 마우스 팔아요','택배거래','test2','거래중',null);
Insert into COMFIT.DELIVERY_BOX1_VIEW (PD_NUM,DELI_PD_ID,PD_ID,PD_REGIT_DATE,PD_TITLE,DEAL_TYPE,U_ID,DEAL_STATUS,BS_ID) values ('4','deli_4','deli',to_date('0022-06-16','YYYY-MM-DD'),'27GN750 모니터 팔아요','택배거래','test2','거래중',null);
Insert into COMFIT.DELIVERY_BOX1_VIEW (PD_NUM,DELI_PD_ID,PD_ID,PD_REGIT_DATE,PD_TITLE,DEAL_TYPE,U_ID,DEAL_STATUS,BS_ID) values ('12','deli_12','deli',to_date('2022-06-16','YYYY-MM-DD'),'라이젠 5600','택배거래','test2','거래중',null);
Insert into COMFIT.DELIVERY_BOX1_VIEW (PD_NUM,DELI_PD_ID,PD_ID,PD_REGIT_DATE,PD_TITLE,DEAL_TYPE,U_ID,DEAL_STATUS,BS_ID) values ('15','deli_15','deli',to_date('2022-06-16','YYYY-MM-DD'),'로지텍 g102 팔아요','택배거래','test16','거래중',null);
Insert into COMFIT.DELIVERY_BOX1_VIEW (PD_NUM,DELI_PD_ID,PD_ID,PD_REGIT_DATE,PD_TITLE,DEAL_TYPE,U_ID,DEAL_STATUS,BS_ID) values ('1','deli_1','deli',to_date('2022-06-10','YYYY-MM-DD'),'i-7 8700 저렴하게 판매','택배거래','test2','거래중',null);
Insert into COMFIT.DELIVERY_BOX1_VIEW (PD_NUM,DELI_PD_ID,PD_ID,PD_REGIT_DATE,PD_TITLE,DEAL_TYPE,U_ID,DEAL_STATUS,BS_ID) values ('1','deli_1','deli',to_date('2022-06-10','YYYY-MM-DD'),'i-7 8700 저렴하게 판매','택배거래','test2','거래중',null);
Insert into COMFIT.DELIVERY_BOX1_VIEW (PD_NUM,DELI_PD_ID,PD_ID,PD_REGIT_DATE,PD_TITLE,DEAL_TYPE,U_ID,DEAL_STATUS,BS_ID) values ('11','deli_11','deli',to_date('2022-06-16','YYYY-MM-DD'),'이엠텍 gtx 1060 팔아요','택배거래','test2','거래중',null);
Insert into COMFIT.DELIVERY_BOX1_VIEW (PD_NUM,DELI_PD_ID,PD_ID,PD_REGIT_DATE,PD_TITLE,DEAL_TYPE,U_ID,DEAL_STATUS,BS_ID) values ('20','deli_20','deli',to_date('2022-06-17','YYYY-MM-DD'),'wddwwdwddwwdwd','택배거래','test1','거래중','bs_7');
Insert into COMFIT.DELIVERY_BOX1_VIEW (PD_NUM,DELI_PD_ID,PD_ID,PD_REGIT_DATE,PD_TITLE,DEAL_TYPE,U_ID,DEAL_STATUS,BS_ID) values ('12','deli_12','deli',to_date('2022-06-16','YYYY-MM-DD'),'라이젠 5600','택배거래','test2','거래중','bs_8');
REM INSERTING into COMFIT.DELIVERY_BOX2_VIEW
SET DEFINE OFF;
Insert into COMFIT.DELIVERY_BOX2_VIEW (PD_NUM,PD_ID,CATEGORY_NAME,PD_NAME,MAKER_NAME) values ('12','deli','CPU','라이젠5600','AMD');
Insert into COMFIT.DELIVERY_BOX2_VIEW (PD_NUM,PD_ID,CATEGORY_NAME,PD_NAME,MAKER_NAME) values ('1','deli','CPU','intel I-7 8700','인텔');
Insert into COMFIT.DELIVERY_BOX2_VIEW (PD_NUM,PD_ID,CATEGORY_NAME,PD_NAME,MAKER_NAME) values ('5','deli','CPU','i7 10700','인텔');
Insert into COMFIT.DELIVERY_BOX2_VIEW (PD_NUM,PD_ID,CATEGORY_NAME,PD_NAME,MAKER_NAME) values ('3','deli','그래픽카드','RTX2060','ASUS');
Insert into COMFIT.DELIVERY_BOX2_VIEW (PD_NUM,PD_ID,CATEGORY_NAME,PD_NAME,MAKER_NAME) values ('20','deli','그래픽카드','RTX2070','조텍');
Insert into COMFIT.DELIVERY_BOX2_VIEW (PD_NUM,PD_ID,CATEGORY_NAME,PD_NAME,MAKER_NAME) values ('11','deli','그래픽카드','gtx 1060','이엠텍');
Insert into COMFIT.DELIVERY_BOX2_VIEW (PD_NUM,PD_ID,CATEGORY_NAME,PD_NAME,MAKER_NAME) values ('13','deli','그래픽카드','gtx 1060','이엠텍');
Insert into COMFIT.DELIVERY_BOX2_VIEW (PD_NUM,PD_ID,CATEGORY_NAME,PD_NAME,MAKER_NAME) values ('9','deli','그래픽카드','rtx 3060','MSI');
Insert into COMFIT.DELIVERY_BOX2_VIEW (PD_NUM,PD_ID,CATEGORY_NAME,PD_NAME,MAKER_NAME) values ('25','deli','그래픽카드','그래픽카드','MSI');
Insert into COMFIT.DELIVERY_BOX2_VIEW (PD_NUM,PD_ID,CATEGORY_NAME,PD_NAME,MAKER_NAME) values ('7','deli','키보드','한성gk893','한성컴퓨터');
Insert into COMFIT.DELIVERY_BOX2_VIEW (PD_NUM,PD_ID,CATEGORY_NAME,PD_NAME,MAKER_NAME) values ('2','deli','마우스','레이저 바이퍼','RAZER');
Insert into COMFIT.DELIVERY_BOX2_VIEW (PD_NUM,PD_ID,CATEGORY_NAME,PD_NAME,MAKER_NAME) values ('10','deli','마우스','맥스틸 마우스','맥스틸');
Insert into COMFIT.DELIVERY_BOX2_VIEW (PD_NUM,PD_ID,CATEGORY_NAME,PD_NAME,MAKER_NAME) values ('6','deli','마우스','g304','로지텍');
Insert into COMFIT.DELIVERY_BOX2_VIEW (PD_NUM,PD_ID,CATEGORY_NAME,PD_NAME,MAKER_NAME) values ('14','deli','마우스','g102','로지텍');
Insert into COMFIT.DELIVERY_BOX2_VIEW (PD_NUM,PD_ID,CATEGORY_NAME,PD_NAME,MAKER_NAME) values ('15','deli','마우스','g102','로지텍');
Insert into COMFIT.DELIVERY_BOX2_VIEW (PD_NUM,PD_ID,CATEGORY_NAME,PD_NAME,MAKER_NAME) values ('4','deli','모니터','27GN750','LG전자');
REM INSERTING into COMFIT.DELIVERY_BOX3_VIEW
SET DEFINE OFF;
Insert into COMFIT.DELIVERY_BOX3_VIEW (PD_NUM,PD_ID,B_U_ID,BID_PRICE,BID_DATE,ADDRESS,BS_ID) values ('1','deli','test1',155000,to_date('2022-06-10','YYYY-MM-DD'),'서울특별시 마포구 월드컵북로 212층 풍성빌딩','bs_1');
Insert into COMFIT.DELIVERY_BOX3_VIEW (PD_NUM,PD_ID,B_U_ID,BID_PRICE,BID_DATE,ADDRESS,BS_ID) values ('25','deli','test2',700000,to_date('2022-06-20','YYYY-MM-DD'),'대전 동구 판교1길 3 (판암동)빌딩 3층 405호','bs_10');
Insert into COMFIT.DELIVERY_BOX3_VIEW (PD_NUM,PD_ID,B_U_ID,BID_PRICE,BID_DATE,ADDRESS,BS_ID) values ('13','deli','test1',130000,to_date('2022-06-20','YYYY-MM-DD'),'서울 마포구 가양대로 2 (상암동)빌딩 2층 205호','bs_9');
Insert into COMFIT.DELIVERY_BOX3_VIEW (PD_NUM,PD_ID,B_U_ID,BID_PRICE,BID_DATE,ADDRESS,BS_ID) values ('14','deli',null,null,null,null,null);
Insert into COMFIT.DELIVERY_BOX3_VIEW (PD_NUM,PD_ID,B_U_ID,BID_PRICE,BID_DATE,ADDRESS,BS_ID) values ('2','deli',null,null,null,null,null);
Insert into COMFIT.DELIVERY_BOX3_VIEW (PD_NUM,PD_ID,B_U_ID,BID_PRICE,BID_DATE,ADDRESS,BS_ID) values ('10','deli',null,null,null,null,null);
Insert into COMFIT.DELIVERY_BOX3_VIEW (PD_NUM,PD_ID,B_U_ID,BID_PRICE,BID_DATE,ADDRESS,BS_ID) values ('7','deli',null,null,null,null,null);
Insert into COMFIT.DELIVERY_BOX3_VIEW (PD_NUM,PD_ID,B_U_ID,BID_PRICE,BID_DATE,ADDRESS,BS_ID) values ('9','deli',null,null,null,null,null);
Insert into COMFIT.DELIVERY_BOX3_VIEW (PD_NUM,PD_ID,B_U_ID,BID_PRICE,BID_DATE,ADDRESS,BS_ID) values ('3','deli',null,null,null,null,null);
Insert into COMFIT.DELIVERY_BOX3_VIEW (PD_NUM,PD_ID,B_U_ID,BID_PRICE,BID_DATE,ADDRESS,BS_ID) values ('5','deli',null,null,null,null,null);
Insert into COMFIT.DELIVERY_BOX3_VIEW (PD_NUM,PD_ID,B_U_ID,BID_PRICE,BID_DATE,ADDRESS,BS_ID) values ('6','deli',null,null,null,null,null);
Insert into COMFIT.DELIVERY_BOX3_VIEW (PD_NUM,PD_ID,B_U_ID,BID_PRICE,BID_DATE,ADDRESS,BS_ID) values ('4','deli',null,null,null,null,null);
Insert into COMFIT.DELIVERY_BOX3_VIEW (PD_NUM,PD_ID,B_U_ID,BID_PRICE,BID_DATE,ADDRESS,BS_ID) values ('12','deli','test36',310000,to_date('2022-06-19','YYYY-MM-DD'),'인천 계양구 새벌로112번길 12 (효성동, 현대4차아파트)405동 1703호',null);
Insert into COMFIT.DELIVERY_BOX3_VIEW (PD_NUM,PD_ID,B_U_ID,BID_PRICE,BID_DATE,ADDRESS,BS_ID) values ('15','deli','test1',5500,to_date('2022-06-20','YYYY-MM-DD'),'서울 서대문구 가재울로 6 (남가좌동)빌딩 3층',null);
Insert into COMFIT.DELIVERY_BOX3_VIEW (PD_NUM,PD_ID,B_U_ID,BID_PRICE,BID_DATE,ADDRESS,BS_ID) values ('1','deli','test3',152000,to_date('2022-06-10','YYYY-MM-DD'),'인천광역시 중구 신포동신흥초등학교',null);
Insert into COMFIT.DELIVERY_BOX3_VIEW (PD_NUM,PD_ID,B_U_ID,BID_PRICE,BID_DATE,ADDRESS,BS_ID) values ('1','deli','test2',156000,to_date('2022-06-19','YYYY-MM-DD'),'인천광역시 중구 신포2동아파트앞삼거리',null);
Insert into COMFIT.DELIVERY_BOX3_VIEW (PD_NUM,PD_ID,B_U_ID,BID_PRICE,BID_DATE,ADDRESS,BS_ID) values ('11','deli','test1',120000,to_date('2022-06-18','YYYY-MM-DD'),'인천 중구 어딘가으슥한곳',null);
Insert into COMFIT.DELIVERY_BOX3_VIEW (PD_NUM,PD_ID,B_U_ID,BID_PRICE,BID_DATE,ADDRESS,BS_ID) values ('20','deli','test33',1029000,to_date('2022-06-19','YYYY-MM-DD'),'경기 화성시 우정읍 3.1만세로 1ㅋㅋ','bs_7');
Insert into COMFIT.DELIVERY_BOX3_VIEW (PD_NUM,PD_ID,B_U_ID,BID_PRICE,BID_DATE,ADDRESS,BS_ID) values ('12','deli','test45',350000,to_date('2022-06-19','YYYY-MM-DD'),'인천 계양구 계양대로 지하 73 (작전동)1번출구','bs_8');
REM INSERTING into COMFIT.DELIVERY_BOX4_VIEW
SET DEFINE OFF;
Insert into COMFIT.DELIVERY_BOX4_VIEW (PD_NUM,PD_ID,BUY_COMP_DATE,SELL_COMP_DATE,PD_DELI_NUM) values ('1','deli',to_date('2022-06-10','YYYY-MM-DD'),to_date('2022-06-10','YYYY-MM-DD'),'12345678901');
Insert into COMFIT.DELIVERY_BOX4_VIEW (PD_NUM,PD_ID,BUY_COMP_DATE,SELL_COMP_DATE,PD_DELI_NUM) values ('25','deli',to_date('2022-06-20','YYYY-MM-DD'),to_date('2022-06-20','YYYY-MM-DD'),'0002989381');
Insert into COMFIT.DELIVERY_BOX4_VIEW (PD_NUM,PD_ID,BUY_COMP_DATE,SELL_COMP_DATE,PD_DELI_NUM) values ('13','deli',to_date('2022-06-20','YYYY-MM-DD'),to_date('2022-06-20','YYYY-MM-DD'),'0002989381');
Insert into COMFIT.DELIVERY_BOX4_VIEW (PD_NUM,PD_ID,BUY_COMP_DATE,SELL_COMP_DATE,PD_DELI_NUM) values ('20','deli',null,to_date('2022-06-19','YYYY-MM-DD'),'1515');
REM INSERTING into COMFIT.DELIVERY_BOX5_VIEW
SET DEFINE OFF;
Insert into COMFIT.DELIVERY_BOX5_VIEW (PD_NUM,PD_ID,B_U_ID,BID_DATE,BID_PRICE,DEAL_STATUS) values ('1','deli','test1',to_date('2022-06-10','YYYY-MM-DD'),155000,'낙찰');
Insert into COMFIT.DELIVERY_BOX5_VIEW (PD_NUM,PD_ID,B_U_ID,BID_DATE,BID_PRICE,DEAL_STATUS) values ('25','deli','test2',to_date('2022-06-20','YYYY-MM-DD'),700000,'낙찰');
Insert into COMFIT.DELIVERY_BOX5_VIEW (PD_NUM,PD_ID,B_U_ID,BID_DATE,BID_PRICE,DEAL_STATUS) values ('13','deli','test1',to_date('2022-06-20','YYYY-MM-DD'),130000,'낙찰');
Insert into COMFIT.DELIVERY_BOX5_VIEW (PD_NUM,PD_ID,B_U_ID,BID_DATE,BID_PRICE,DEAL_STATUS) values ('14','deli',null,null,null,'유찰');
Insert into COMFIT.DELIVERY_BOX5_VIEW (PD_NUM,PD_ID,B_U_ID,BID_DATE,BID_PRICE,DEAL_STATUS) values ('2','deli',null,null,null,'유찰');
Insert into COMFIT.DELIVERY_BOX5_VIEW (PD_NUM,PD_ID,B_U_ID,BID_DATE,BID_PRICE,DEAL_STATUS) values ('10','deli',null,null,null,'유찰');
Insert into COMFIT.DELIVERY_BOX5_VIEW (PD_NUM,PD_ID,B_U_ID,BID_DATE,BID_PRICE,DEAL_STATUS) values ('7','deli',null,null,null,'유찰');
Insert into COMFIT.DELIVERY_BOX5_VIEW (PD_NUM,PD_ID,B_U_ID,BID_DATE,BID_PRICE,DEAL_STATUS) values ('9','deli',null,null,null,'유찰');
Insert into COMFIT.DELIVERY_BOX5_VIEW (PD_NUM,PD_ID,B_U_ID,BID_DATE,BID_PRICE,DEAL_STATUS) values ('3','deli',null,null,null,'유찰');
Insert into COMFIT.DELIVERY_BOX5_VIEW (PD_NUM,PD_ID,B_U_ID,BID_DATE,BID_PRICE,DEAL_STATUS) values ('5','deli',null,null,null,'유찰');
Insert into COMFIT.DELIVERY_BOX5_VIEW (PD_NUM,PD_ID,B_U_ID,BID_DATE,BID_PRICE,DEAL_STATUS) values ('6','deli',null,null,null,'유찰');
Insert into COMFIT.DELIVERY_BOX5_VIEW (PD_NUM,PD_ID,B_U_ID,BID_DATE,BID_PRICE,DEAL_STATUS) values ('4','deli',null,null,null,'유찰');
Insert into COMFIT.DELIVERY_BOX5_VIEW (PD_NUM,PD_ID,B_U_ID,BID_DATE,BID_PRICE,DEAL_STATUS) values ('12','deli','test36',to_date('2022-06-19','YYYY-MM-DD'),310000,'유찰');
Insert into COMFIT.DELIVERY_BOX5_VIEW (PD_NUM,PD_ID,B_U_ID,BID_DATE,BID_PRICE,DEAL_STATUS) values ('15','deli','test1',to_date('2022-06-20','YYYY-MM-DD'),5500,'유찰');
Insert into COMFIT.DELIVERY_BOX5_VIEW (PD_NUM,PD_ID,B_U_ID,BID_DATE,BID_PRICE,DEAL_STATUS) values ('1','deli','test3',to_date('2022-06-10','YYYY-MM-DD'),152000,'유찰');
Insert into COMFIT.DELIVERY_BOX5_VIEW (PD_NUM,PD_ID,B_U_ID,BID_DATE,BID_PRICE,DEAL_STATUS) values ('1','deli','test2',to_date('2022-06-19','YYYY-MM-DD'),156000,'유찰');
Insert into COMFIT.DELIVERY_BOX5_VIEW (PD_NUM,PD_ID,B_U_ID,BID_DATE,BID_PRICE,DEAL_STATUS) values ('11','deli','test1',to_date('2022-06-18','YYYY-MM-DD'),120000,'유찰');
Insert into COMFIT.DELIVERY_BOX5_VIEW (PD_NUM,PD_ID,B_U_ID,BID_DATE,BID_PRICE,DEAL_STATUS) values ('20','deli','test33',to_date('2022-06-19','YYYY-MM-DD'),1029000,'낙찰');
Insert into COMFIT.DELIVERY_BOX5_VIEW (PD_NUM,PD_ID,B_U_ID,BID_DATE,BID_PRICE,DEAL_STATUS) values ('12','deli','test45',to_date('2022-06-19','YYYY-MM-DD'),350000,'낙찰');
REM INSERTING into COMFIT.DELIVERY_PD_BANNED_VIEW
SET DEFINE OFF;
Insert into COMFIT.DELIVERY_PD_BANNED_VIEW (REP_ID,REP_CONTENTS,REP_DATE,PD_REP_CID,DELI_PD_ID,REP_HAN_DATE,HAN_CATE_ID,BAN_ID,BAN_REA_DETAIL,BAN_DATE,BAN_CATE_ID,PD_TITLE,PD_REGIT_DATE,REPORTER,REPORTED,AD_ID) values ('delirep_1','유해한 내용 업로드',to_date('2022-06-11','YYYY-MM-DD'),3,'deli_1',to_date('2022-06-11','YYYY-MM-DD'),2,'ban_1','유해한 내용을 업로드한 것을 확인함',to_date('2022-06-11','YYYY-MM-DD'),1,'i-7 8700 저렴하게 판매',to_date('2022-06-10','YYYY-MM-DD'),'test1','test2','cf_admin');
REM INSERTING into COMFIT.DELIVERY_PD_USER_BANNED_VIEW
SET DEFINE OFF;
REM INSERTING into COMFIT.DELIVERY_TRANS_BANNED_VIEW
SET DEFINE OFF;
REM INSERTING into COMFIT.DELI_COMPLETE_VIEW
SET DEFINE OFF;
Insert into COMFIT.DELI_COMPLETE_VIEW (BS_ID,BS_DATE,BID_CODE,COMPLETECOUNT) values ('bs_1',to_date('2022-06-10','YYYY-MM-DD'),'bid_1',2);
Insert into COMFIT.DELI_COMPLETE_VIEW (BS_ID,BS_DATE,BID_CODE,COMPLETECOUNT) values ('bs_10',to_date('2022-06-20','YYYY-MM-DD'),'bid_21',2);
Insert into COMFIT.DELI_COMPLETE_VIEW (BS_ID,BS_DATE,BID_CODE,COMPLETECOUNT) values ('bs_9',to_date('2022-06-20','YYYY-MM-DD'),'bid_20',2);
REM INSERTING into COMFIT.DELI_INMONEY_VIEW
SET DEFINE OFF;
Insert into COMFIT.DELI_INMONEY_VIEW (U_ID,IN_MONEY) values ('test2',155000);
Insert into COMFIT.DELI_INMONEY_VIEW (U_ID,IN_MONEY) values ('test16',130000);
Insert into COMFIT.DELI_INMONEY_VIEW (U_ID,IN_MONEY) values ('test1',700000);
REM INSERTING into COMFIT.DELI_PD_COUNT_VIEW
SET DEFINE OFF;
Insert into COMFIT.DELI_PD_COUNT_VIEW (DELI_PD_ID,PD_TITLE,PD_START_PRICE,BID_PRICE,PD_REGIT_DATE,BID_DATE,SELLER_ID,BUYER_ID,IMD_PRICE,BS_ID,ADDRESS,RANK,BIDCOUNT,SUCCESSCOUNT,SELLCOUNT,BUYCOUNT,COMPLETECOUNT) values ('deli_1','i-7 8700 저렴하게 판매',150000,156000,to_date('2022-06-10','YYYY-MM-DD'),to_date('2022-06-19','YYYY-MM-DD'),'test2','test2',null,null,'인천광역시 중구 신포2동 아파트앞삼거리',1,3,0,0,0,0);
Insert into COMFIT.DELI_PD_COUNT_VIEW (DELI_PD_ID,PD_TITLE,PD_START_PRICE,BID_PRICE,PD_REGIT_DATE,BID_DATE,SELLER_ID,BUYER_ID,IMD_PRICE,BS_ID,ADDRESS,RANK,BIDCOUNT,SUCCESSCOUNT,SELLCOUNT,BUYCOUNT,COMPLETECOUNT) values ('deli_1','i-7 8700 저렴하게 판매',150000,155000,to_date('2022-06-10','YYYY-MM-DD'),to_date('2022-06-10','YYYY-MM-DD'),'test2','test1',null,'bs_1','서울특별시 마포구 월드컵북로 21 2층 풍성빌딩',2,3,1,1,1,2);
Insert into COMFIT.DELI_PD_COUNT_VIEW (DELI_PD_ID,PD_TITLE,PD_START_PRICE,BID_PRICE,PD_REGIT_DATE,BID_DATE,SELLER_ID,BUYER_ID,IMD_PRICE,BS_ID,ADDRESS,RANK,BIDCOUNT,SUCCESSCOUNT,SELLCOUNT,BUYCOUNT,COMPLETECOUNT) values ('deli_1','i-7 8700 저렴하게 판매',150000,152000,to_date('2022-06-10','YYYY-MM-DD'),to_date('2022-06-10','YYYY-MM-DD'),'test2','test3',null,null,'인천광역시 중구 신포동 신흥초등학교',3,3,0,0,0,0);
Insert into COMFIT.DELI_PD_COUNT_VIEW (DELI_PD_ID,PD_TITLE,PD_START_PRICE,BID_PRICE,PD_REGIT_DATE,BID_DATE,SELLER_ID,BUYER_ID,IMD_PRICE,BS_ID,ADDRESS,RANK,BIDCOUNT,SUCCESSCOUNT,SELLCOUNT,BUYCOUNT,COMPLETECOUNT) values ('deli_10','맥스틸 마우스 팔아요',20000,null,to_date('0022-06-16','YYYY-MM-DD'),null,'test2',null,26000,null,' ',1,0,0,0,0,0);
Insert into COMFIT.DELI_PD_COUNT_VIEW (DELI_PD_ID,PD_TITLE,PD_START_PRICE,BID_PRICE,PD_REGIT_DATE,BID_DATE,SELLER_ID,BUYER_ID,IMD_PRICE,BS_ID,ADDRESS,RANK,BIDCOUNT,SUCCESSCOUNT,SELLCOUNT,BUYCOUNT,COMPLETECOUNT) values ('deli_11','이엠텍 gtx 1060 팔아요',100000,120000,to_date('2022-06-16','YYYY-MM-DD'),to_date('2022-06-18','YYYY-MM-DD'),'test2','test1',130000,null,'인천 중구 어딘가 으슥한곳',1,1,0,0,0,0);
Insert into COMFIT.DELI_PD_COUNT_VIEW (DELI_PD_ID,PD_TITLE,PD_START_PRICE,BID_PRICE,PD_REGIT_DATE,BID_DATE,SELLER_ID,BUYER_ID,IMD_PRICE,BS_ID,ADDRESS,RANK,BIDCOUNT,SUCCESSCOUNT,SELLCOUNT,BUYCOUNT,COMPLETECOUNT) values ('deli_12','라이젠 5600',300000,350000,to_date('2022-06-16','YYYY-MM-DD'),to_date('2022-06-19','YYYY-MM-DD'),'test2','test45',350000,'bs_8','인천 계양구 계양대로 지하 73 (작전동) 1번출구',1,2,1,0,0,0);
Insert into COMFIT.DELI_PD_COUNT_VIEW (DELI_PD_ID,PD_TITLE,PD_START_PRICE,BID_PRICE,PD_REGIT_DATE,BID_DATE,SELLER_ID,BUYER_ID,IMD_PRICE,BS_ID,ADDRESS,RANK,BIDCOUNT,SUCCESSCOUNT,SELLCOUNT,BUYCOUNT,COMPLETECOUNT) values ('deli_12','라이젠 5600',300000,310000,to_date('2022-06-16','YYYY-MM-DD'),to_date('2022-06-19','YYYY-MM-DD'),'test2','test36',350000,null,'인천 계양구 새벌로112번길 12 (효성동, 현대4차아파트) 405동 1703호',2,2,0,0,0,0);
Insert into COMFIT.DELI_PD_COUNT_VIEW (DELI_PD_ID,PD_TITLE,PD_START_PRICE,BID_PRICE,PD_REGIT_DATE,BID_DATE,SELLER_ID,BUYER_ID,IMD_PRICE,BS_ID,ADDRESS,RANK,BIDCOUNT,SUCCESSCOUNT,SELLCOUNT,BUYCOUNT,COMPLETECOUNT) values ('deli_13','이엠텍 gtx 1060 팔아요',100000,130000,to_date('2022-06-16','YYYY-MM-DD'),to_date('2022-06-20','YYYY-MM-DD'),'test16','test1',130000,'bs_9','서울 마포구 가양대로 2 (상암동) 빌딩 2층 205호',1,1,1,1,1,2);
Insert into COMFIT.DELI_PD_COUNT_VIEW (DELI_PD_ID,PD_TITLE,PD_START_PRICE,BID_PRICE,PD_REGIT_DATE,BID_DATE,SELLER_ID,BUYER_ID,IMD_PRICE,BS_ID,ADDRESS,RANK,BIDCOUNT,SUCCESSCOUNT,SELLCOUNT,BUYCOUNT,COMPLETECOUNT) values ('deli_14','로지텍 g102 팔아요',5000,null,to_date('2022-06-16','YYYY-MM-DD'),null,'test16',null,10000,null,' ',1,0,0,0,0,0);
Insert into COMFIT.DELI_PD_COUNT_VIEW (DELI_PD_ID,PD_TITLE,PD_START_PRICE,BID_PRICE,PD_REGIT_DATE,BID_DATE,SELLER_ID,BUYER_ID,IMD_PRICE,BS_ID,ADDRESS,RANK,BIDCOUNT,SUCCESSCOUNT,SELLCOUNT,BUYCOUNT,COMPLETECOUNT) values ('deli_15','로지텍 g102 팔아요',5000,5500,to_date('2022-06-16','YYYY-MM-DD'),to_date('2022-06-20','YYYY-MM-DD'),'test16','test1',10000,null,'서울 서대문구 가재울로 6 (남가좌동) 빌딩 3층',1,1,0,0,0,0);
Insert into COMFIT.DELI_PD_COUNT_VIEW (DELI_PD_ID,PD_TITLE,PD_START_PRICE,BID_PRICE,PD_REGIT_DATE,BID_DATE,SELLER_ID,BUYER_ID,IMD_PRICE,BS_ID,ADDRESS,RANK,BIDCOUNT,SUCCESSCOUNT,SELLCOUNT,BUYCOUNT,COMPLETECOUNT) values ('deli_2','레이저 마우스 급처',20000,null,to_date('2022-06-14','YYYY-MM-DD'),null,'test3',null,50000,null,' ',1,0,0,0,0,0);
Insert into COMFIT.DELI_PD_COUNT_VIEW (DELI_PD_ID,PD_TITLE,PD_START_PRICE,BID_PRICE,PD_REGIT_DATE,BID_DATE,SELLER_ID,BUYER_ID,IMD_PRICE,BS_ID,ADDRESS,RANK,BIDCOUNT,SUCCESSCOUNT,SELLCOUNT,BUYCOUNT,COMPLETECOUNT) values ('deli_20','wddwwdwddwwdwd',200000,1029000,to_date('2022-06-17','YYYY-MM-DD'),to_date('2022-06-19','YYYY-MM-DD'),'test1','test33',1029000,'bs_7','경기 화성시 우정읍 3.1만세로 1 ㅋㅋ',1,1,1,1,0,1);
Insert into COMFIT.DELI_PD_COUNT_VIEW (DELI_PD_ID,PD_TITLE,PD_START_PRICE,BID_PRICE,PD_REGIT_DATE,BID_DATE,SELLER_ID,BUYER_ID,IMD_PRICE,BS_ID,ADDRESS,RANK,BIDCOUNT,SUCCESSCOUNT,SELLCOUNT,BUYCOUNT,COMPLETECOUNT) values ('deli_25','그래픽카드 완전싸게',422220,700000,to_date('2022-06-20','YYYY-MM-DD'),to_date('2022-06-20','YYYY-MM-DD'),'test1','test2',700000,'bs_10','대전 동구 판교1길 3 (판암동) 빌딩 3층 405호',1,1,1,1,1,2);
Insert into COMFIT.DELI_PD_COUNT_VIEW (DELI_PD_ID,PD_TITLE,PD_START_PRICE,BID_PRICE,PD_REGIT_DATE,BID_DATE,SELLER_ID,BUYER_ID,IMD_PRICE,BS_ID,ADDRESS,RANK,BIDCOUNT,SUCCESSCOUNT,SELLCOUNT,BUYCOUNT,COMPLETECOUNT) values ('deli_3','RTX2060 팔아요',250000,null,to_date('0022-06-15','YYYY-MM-DD'),null,'test2',null,300000,null,' ',1,0,0,0,0,0);
Insert into COMFIT.DELI_PD_COUNT_VIEW (DELI_PD_ID,PD_TITLE,PD_START_PRICE,BID_PRICE,PD_REGIT_DATE,BID_DATE,SELLER_ID,BUYER_ID,IMD_PRICE,BS_ID,ADDRESS,RANK,BIDCOUNT,SUCCESSCOUNT,SELLCOUNT,BUYCOUNT,COMPLETECOUNT) values ('deli_4','27GN750 모니터 팔아요',300000,null,to_date('0022-06-16','YYYY-MM-DD'),null,'test2',null,400000,null,' ',1,0,0,0,0,0);
Insert into COMFIT.DELI_PD_COUNT_VIEW (DELI_PD_ID,PD_TITLE,PD_START_PRICE,BID_PRICE,PD_REGIT_DATE,BID_DATE,SELLER_ID,BUYER_ID,IMD_PRICE,BS_ID,ADDRESS,RANK,BIDCOUNT,SUCCESSCOUNT,SELLCOUNT,BUYCOUNT,COMPLETECOUNT) values ('deli_5','i7 10700 팔아요',350000,null,to_date('0022-06-16','YYYY-MM-DD'),null,'test2',null,400000,null,' ',1,0,0,0,0,0);
Insert into COMFIT.DELI_PD_COUNT_VIEW (DELI_PD_ID,PD_TITLE,PD_START_PRICE,BID_PRICE,PD_REGIT_DATE,BID_DATE,SELLER_ID,BUYER_ID,IMD_PRICE,BS_ID,ADDRESS,RANK,BIDCOUNT,SUCCESSCOUNT,SELLCOUNT,BUYCOUNT,COMPLETECOUNT) values ('deli_6','g304 마우스 팔아요',24000,null,to_date('0022-06-16','YYYY-MM-DD'),null,'test2',null,27000,null,' ',1,0,0,0,0,0);
Insert into COMFIT.DELI_PD_COUNT_VIEW (DELI_PD_ID,PD_TITLE,PD_START_PRICE,BID_PRICE,PD_REGIT_DATE,BID_DATE,SELLER_ID,BUYER_ID,IMD_PRICE,BS_ID,ADDRESS,RANK,BIDCOUNT,SUCCESSCOUNT,SELLCOUNT,BUYCOUNT,COMPLETECOUNT) values ('deli_7','한성gk893 팝니다',95000,null,to_date('0022-06-16','YYYY-MM-DD'),null,'test2',null,110000,null,' ',1,0,0,0,0,0);
Insert into COMFIT.DELI_PD_COUNT_VIEW (DELI_PD_ID,PD_TITLE,PD_START_PRICE,BID_PRICE,PD_REGIT_DATE,BID_DATE,SELLER_ID,BUYER_ID,IMD_PRICE,BS_ID,ADDRESS,RANK,BIDCOUNT,SUCCESSCOUNT,SELLCOUNT,BUYCOUNT,COMPLETECOUNT) values ('deli_9','asdasdasd',300000,null,to_date('0022-06-16','YYYY-MM-DD'),null,'test2',null,400000,null,' ',1,0,0,0,0,0);
REM INSERTING into COMFIT.DELI_PD_LIST_REALVIEW
SET DEFINE OFF;
Insert into COMFIT.DELI_PD_LIST_REALVIEW (PD_ID,PD_TITLE,PD_NAME,PD_PHOTO,PD_AS_REMAIN,PD_HITCOUNT,PRICE,PD_REGIT_DATE,PD_MAKER_ID,PD_AS_ID,PD_AS_NAME,CATEGORY_NAME,SELLER,U_NICKNAME,MAKER_NAME,MAKER_NAME2,CF_PRICE,COMMENTS,IMDPRICE,PROFILE) values ('deli_12','라이젠 5600','라이젠5600','라이젠5600.jpg','2026-10',0,300000,to_date('2022-06-16','YYYY-MM-DD'),'maker_2',2,'무상가능','CPU','test2','민성킴의활약','AMD','에이엠디',293000,'ㅍㅍㅍ',350000,'내프로필.jpg');
Insert into COMFIT.DELI_PD_LIST_REALVIEW (PD_ID,PD_TITLE,PD_NAME,PD_PHOTO,PD_AS_REMAIN,PD_HITCOUNT,PRICE,PD_REGIT_DATE,PD_MAKER_ID,PD_AS_ID,PD_AS_NAME,CATEGORY_NAME,SELLER,U_NICKNAME,MAKER_NAME,MAKER_NAME2,CF_PRICE,COMMENTS,IMDPRICE,PROFILE) values ('deli_5','i7 10700 팔아요','i7 10700','i7 10700.jpg','2027-10',0,350000,to_date('0022-06-16','YYYY-MM-DD'),'maker_1',2,'무상가능','CPU','test2','민성킴의활약','인텔','Intel',339000,'인텔CPU 싸게 팔아요!',400000,'내프로필.jpg');
Insert into COMFIT.DELI_PD_LIST_REALVIEW (PD_ID,PD_TITLE,PD_NAME,PD_PHOTO,PD_AS_REMAIN,PD_HITCOUNT,PRICE,PD_REGIT_DATE,PD_MAKER_ID,PD_AS_ID,PD_AS_NAME,CATEGORY_NAME,SELLER,U_NICKNAME,MAKER_NAME,MAKER_NAME2,CF_PRICE,COMMENTS,IMDPRICE,PROFILE) values ('deli_1','i-7 8700 저렴하게 판매','intel I-7 8700','i7 10700.jpg','1년 3개월',0,150000,to_date('2022-06-10','YYYY-MM-DD'),'maker_1',1,'유상가능','CPU','test2','민성킴의활약','인텔','Intel',0,'특이사항 없음',0,'내프로필.jpg');
Insert into COMFIT.DELI_PD_LIST_REALVIEW (PD_ID,PD_TITLE,PD_NAME,PD_PHOTO,PD_AS_REMAIN,PD_HITCOUNT,PRICE,PD_REGIT_DATE,PD_MAKER_ID,PD_AS_ID,PD_AS_NAME,CATEGORY_NAME,SELLER,U_NICKNAME,MAKER_NAME,MAKER_NAME2,CF_PRICE,COMMENTS,IMDPRICE,PROFILE) values ('deli_3','RTX2060 팔아요','RTX2060','RTX2070.jpg','2026-10',0,250000,to_date('0022-06-15','YYYY-MM-DD'),'maker_20',2,'무상가능','그래픽카드','test2','민성킴의활약','ASUS','아수스',256000,'무상AS오래남은 A급 팝니다',300000,'내프로필.jpg');
Insert into COMFIT.DELI_PD_LIST_REALVIEW (PD_ID,PD_TITLE,PD_NAME,PD_PHOTO,PD_AS_REMAIN,PD_HITCOUNT,PRICE,PD_REGIT_DATE,PD_MAKER_ID,PD_AS_ID,PD_AS_NAME,CATEGORY_NAME,SELLER,U_NICKNAME,MAKER_NAME,MAKER_NAME2,CF_PRICE,COMMENTS,IMDPRICE,PROFILE) values ('deli_20','wddwwdwddwwdwd','RTX2070','RTX2070.jpg','none',0,200000,to_date('2022-06-17','YYYY-MM-DD'),'maker_18',3,'불가능','그래픽카드','test1','삭이오','조텍','ZOTAC',1029000,'11',1029000,'KakaoTalk_20220620_120047826.jpg');
Insert into COMFIT.DELI_PD_LIST_REALVIEW (PD_ID,PD_TITLE,PD_NAME,PD_PHOTO,PD_AS_REMAIN,PD_HITCOUNT,PRICE,PD_REGIT_DATE,PD_MAKER_ID,PD_AS_ID,PD_AS_NAME,CATEGORY_NAME,SELLER,U_NICKNAME,MAKER_NAME,MAKER_NAME2,CF_PRICE,COMMENTS,IMDPRICE,PROFILE) values ('deli_11','이엠텍 gtx 1060 팔아요','gtx 1060','gtx 1060.jpg','2022-05',0,100000,to_date('2022-06-16','YYYY-MM-DD'),'maker_16',2,'무상가능','그래픽카드','test2','민성킴의활약','이엠텍','EMTEK ',114000,'ㅇㅇㅇ',130000,'내프로필.jpg');
Insert into COMFIT.DELI_PD_LIST_REALVIEW (PD_ID,PD_TITLE,PD_NAME,PD_PHOTO,PD_AS_REMAIN,PD_HITCOUNT,PRICE,PD_REGIT_DATE,PD_MAKER_ID,PD_AS_ID,PD_AS_NAME,CATEGORY_NAME,SELLER,U_NICKNAME,MAKER_NAME,MAKER_NAME2,CF_PRICE,COMMENTS,IMDPRICE,PROFILE) values ('deli_13','이엠텍 gtx 1060 팔아요','gtx 1060','gtx 1060.jpg','none',0,100000,to_date('2022-06-16','YYYY-MM-DD'),'maker_16',3,'불가능','그래픽카드','test16','김깐돌2','이엠텍','EMTEK ',114000,'특이사항 없음',130000,'defaultprofil.jpg');
Insert into COMFIT.DELI_PD_LIST_REALVIEW (PD_ID,PD_TITLE,PD_NAME,PD_PHOTO,PD_AS_REMAIN,PD_HITCOUNT,PRICE,PD_REGIT_DATE,PD_MAKER_ID,PD_AS_ID,PD_AS_NAME,CATEGORY_NAME,SELLER,U_NICKNAME,MAKER_NAME,MAKER_NAME2,CF_PRICE,COMMENTS,IMDPRICE,PROFILE) values ('deli_25','그래픽카드 완전싸게','그래픽카드','30403142620.20220103161730.jpg','2022-08',0,422220,to_date('2022-06-20','YYYY-MM-DD'),'maker_15',2,'무상가능','그래픽카드','test1','삭이오','MSI','엠에스아이',413000,'쌔거임',700000,'KakaoTalk_20220620_120047826.jpg');
Insert into COMFIT.DELI_PD_LIST_REALVIEW (PD_ID,PD_TITLE,PD_NAME,PD_PHOTO,PD_AS_REMAIN,PD_HITCOUNT,PRICE,PD_REGIT_DATE,PD_MAKER_ID,PD_AS_ID,PD_AS_NAME,CATEGORY_NAME,SELLER,U_NICKNAME,MAKER_NAME,MAKER_NAME2,CF_PRICE,COMMENTS,IMDPRICE,PROFILE) values ('deli_9','asdasdasd','rtx 3060','rtx 3060.jpg','sxazdas',0,300000,to_date('0022-06-16','YYYY-MM-DD'),'maker_15',3,'불가능','그래픽카드','test2','민성킴의활약','MSI','엠에스아이',385000,'dddd',400000,'내프로필.jpg');
Insert into COMFIT.DELI_PD_LIST_REALVIEW (PD_ID,PD_TITLE,PD_NAME,PD_PHOTO,PD_AS_REMAIN,PD_HITCOUNT,PRICE,PD_REGIT_DATE,PD_MAKER_ID,PD_AS_ID,PD_AS_NAME,CATEGORY_NAME,SELLER,U_NICKNAME,MAKER_NAME,MAKER_NAME2,CF_PRICE,COMMENTS,IMDPRICE,PROFILE) values ('deli_7','한성gk893 팝니다','한성gk893','한성gk893.jpg','2023-03',0,95000,to_date('0022-06-16','YYYY-MM-DD'),'maker_66',1,'유상가능','키보드','test2','민성킴의활약','한성컴퓨터','한성',97000,'이상없는 제품입니다',110000,'내프로필.jpg');
Insert into COMFIT.DELI_PD_LIST_REALVIEW (PD_ID,PD_TITLE,PD_NAME,PD_PHOTO,PD_AS_REMAIN,PD_HITCOUNT,PRICE,PD_REGIT_DATE,PD_MAKER_ID,PD_AS_ID,PD_AS_NAME,CATEGORY_NAME,SELLER,U_NICKNAME,MAKER_NAME,MAKER_NAME2,CF_PRICE,COMMENTS,IMDPRICE,PROFILE) values ('deli_10','맥스틸 마우스 팔아요','맥스틸 마우스','맥스틸 마우스.jpg','2024-02',0,20000,to_date('0022-06-16','YYYY-MM-DD'),'maker_75',2,'무상가능','마우스','test2','민성킴의활약','맥스틸','maxtill',19000,'ㅍㅍㅍ',26000,'내프로필.jpg');
Insert into COMFIT.DELI_PD_LIST_REALVIEW (PD_ID,PD_TITLE,PD_NAME,PD_PHOTO,PD_AS_REMAIN,PD_HITCOUNT,PRICE,PD_REGIT_DATE,PD_MAKER_ID,PD_AS_ID,PD_AS_NAME,CATEGORY_NAME,SELLER,U_NICKNAME,MAKER_NAME,MAKER_NAME2,CF_PRICE,COMMENTS,IMDPRICE,PROFILE) values ('deli_6','g304 마우스 팔아요','g304','g304.jpg','2025-10',0,24000,to_date('0022-06-16','YYYY-MM-DD'),'maker_71',1,'유상가능','마우스','test2','민성킴의활약','로지텍','logitech',27000,'G304 마우스 흰색입니다',27000,'내프로필.jpg');
Insert into COMFIT.DELI_PD_LIST_REALVIEW (PD_ID,PD_TITLE,PD_NAME,PD_PHOTO,PD_AS_REMAIN,PD_HITCOUNT,PRICE,PD_REGIT_DATE,PD_MAKER_ID,PD_AS_ID,PD_AS_NAME,CATEGORY_NAME,SELLER,U_NICKNAME,MAKER_NAME,MAKER_NAME2,CF_PRICE,COMMENTS,IMDPRICE,PROFILE) values ('deli_15','로지텍 g102 팔아요','g102','g102.jpg','none',0,5000,to_date('2022-06-16','YYYY-MM-DD'),'maker_71',3,'불가능','마우스','test16','김깐돌2','로지텍','logitech',14000,'특이사항 없음',10000,'defaultprofil.jpg');
Insert into COMFIT.DELI_PD_LIST_REALVIEW (PD_ID,PD_TITLE,PD_NAME,PD_PHOTO,PD_AS_REMAIN,PD_HITCOUNT,PRICE,PD_REGIT_DATE,PD_MAKER_ID,PD_AS_ID,PD_AS_NAME,CATEGORY_NAME,SELLER,U_NICKNAME,MAKER_NAME,MAKER_NAME2,CF_PRICE,COMMENTS,IMDPRICE,PROFILE) values ('deli_14','로지텍 g102 팔아요','g102','g102.jpg','none',0,5000,to_date('2022-06-16','YYYY-MM-DD'),'maker_71',3,'불가능','마우스','test16','김깐돌2','로지텍','logitech',14000,'특이사항 없음',10000,'defaultprofil.jpg');
Insert into COMFIT.DELI_PD_LIST_REALVIEW (PD_ID,PD_TITLE,PD_NAME,PD_PHOTO,PD_AS_REMAIN,PD_HITCOUNT,PRICE,PD_REGIT_DATE,PD_MAKER_ID,PD_AS_ID,PD_AS_NAME,CATEGORY_NAME,SELLER,U_NICKNAME,MAKER_NAME,MAKER_NAME2,CF_PRICE,COMMENTS,IMDPRICE,PROFILE) values ('deli_4','27GN750 모니터 팔아요','27GN750','27GN750.jpg','2025-03',0,300000,to_date('0022-06-16','YYYY-MM-DD'),'maker_79',2,'무상가능','모니터','test2','민성킴의활약','LG전자','LGE',305000,'무결점 중고입니다 박스있어요',400000,'내프로필.jpg');
REM INSERTING into COMFIT.DELI_PD_REP_VIEW
SET DEFINE OFF;
Insert into COMFIT.DELI_PD_REP_VIEW (PD_ID) values ('deli_1');
Insert into COMFIT.DELI_PD_REP_VIEW (PD_ID) values ('deli_1');
REM INSERTING into COMFIT.DELI_PRODUCT_VIEW
SET DEFINE OFF;
Insert into COMFIT.DELI_PRODUCT_VIEW (PD_ID,PD_NAME,CATE_NAME,REGIT_DATE,U_EMAIL,PD_TITLE,SCD,BCD,PRICE) values ('deli_1','intel I-7 8700','CPU',to_date('2022-06-10','YYYY-MM-DD'),'kkk@naver.com','i-7 8700 저렴하게 판매',to_date('2022-06-10','YYYY-MM-DD'),to_date('2022-06-10','YYYY-MM-DD'),150000);
Insert into COMFIT.DELI_PRODUCT_VIEW (PD_ID,PD_NAME,CATE_NAME,REGIT_DATE,U_EMAIL,PD_TITLE,SCD,BCD,PRICE) values ('deli_13','gtx 1060','그래픽카드',to_date('2022-06-16','YYYY-MM-DD'),'hjui6322789@gmail.com','이엠텍 gtx 1060 팔아요',to_date('2022-06-20','YYYY-MM-DD'),to_date('2022-06-20','YYYY-MM-DD'),100000);
Insert into COMFIT.DELI_PRODUCT_VIEW (PD_ID,PD_NAME,CATE_NAME,REGIT_DATE,U_EMAIL,PD_TITLE,SCD,BCD,PRICE) values ('deli_25','그래픽카드','그래픽카드',to_date('2022-06-20','YYYY-MM-DD'),'issac1162@test.com','그래픽카드 완전싸게',to_date('2022-06-20','YYYY-MM-DD'),to_date('2022-06-20','YYYY-MM-DD'),422220);
REM INSERTING into COMFIT.DELI_SELL_LIST
SET DEFINE OFF;
Insert into COMFIT.DELI_SELL_LIST (DELI_PD_ID,PD_TITLE,PD_START_PRICE,BID_PRICE,PD_REGIT_DATE,BID_DATE,BS_ID,RANK,COMP_DATE,SELLER_ID,BUYER_ID,IMD_PRICE,ADDRESS,STATUS) values ('deli_1','i-7 8700 저렴하게 판매',150000,156000,to_date('2022-06-10','YYYY-MM-DD'),to_date('2022-06-19','YYYY-MM-DD'),null,1,null,'test2','test2',null,'인천광역시 중구 신포2동 아파트앞삼거리','유찰됨');
Insert into COMFIT.DELI_SELL_LIST (DELI_PD_ID,PD_TITLE,PD_START_PRICE,BID_PRICE,PD_REGIT_DATE,BID_DATE,BS_ID,RANK,COMP_DATE,SELLER_ID,BUYER_ID,IMD_PRICE,ADDRESS,STATUS) values ('deli_1','i-7 8700 저렴하게 판매',150000,155000,to_date('2022-06-10','YYYY-MM-DD'),to_date('2022-06-10','YYYY-MM-DD'),'bs_1',2,to_date('2022-06-10','YYYY-MM-DD'),'test2','test1',null,'서울특별시 마포구 월드컵북로 21 2층 풍성빌딩','거래완료');
Insert into COMFIT.DELI_SELL_LIST (DELI_PD_ID,PD_TITLE,PD_START_PRICE,BID_PRICE,PD_REGIT_DATE,BID_DATE,BS_ID,RANK,COMP_DATE,SELLER_ID,BUYER_ID,IMD_PRICE,ADDRESS,STATUS) values ('deli_1','i-7 8700 저렴하게 판매',150000,152000,to_date('2022-06-10','YYYY-MM-DD'),to_date('2022-06-10','YYYY-MM-DD'),null,3,null,'test2','test3',null,'인천광역시 중구 신포동 신흥초등학교','다른입찰이낙찰');
Insert into COMFIT.DELI_SELL_LIST (DELI_PD_ID,PD_TITLE,PD_START_PRICE,BID_PRICE,PD_REGIT_DATE,BID_DATE,BS_ID,RANK,COMP_DATE,SELLER_ID,BUYER_ID,IMD_PRICE,ADDRESS,STATUS) values ('deli_10','맥스틸 마우스 팔아요',20000,null,to_date('0022-06-16','YYYY-MM-DD'),null,null,1,null,'test2',null,26000,' ','유찰됨');
Insert into COMFIT.DELI_SELL_LIST (DELI_PD_ID,PD_TITLE,PD_START_PRICE,BID_PRICE,PD_REGIT_DATE,BID_DATE,BS_ID,RANK,COMP_DATE,SELLER_ID,BUYER_ID,IMD_PRICE,ADDRESS,STATUS) values ('deli_11','이엠텍 gtx 1060 팔아요',100000,120000,to_date('2022-06-16','YYYY-MM-DD'),to_date('2022-06-18','YYYY-MM-DD'),null,1,null,'test2','test1',130000,'인천 중구 어딘가 으슥한곳','유찰됨');
Insert into COMFIT.DELI_SELL_LIST (DELI_PD_ID,PD_TITLE,PD_START_PRICE,BID_PRICE,PD_REGIT_DATE,BID_DATE,BS_ID,RANK,COMP_DATE,SELLER_ID,BUYER_ID,IMD_PRICE,ADDRESS,STATUS) values ('deli_12','라이젠 5600',300000,350000,to_date('2022-06-16','YYYY-MM-DD'),to_date('2022-06-19','YYYY-MM-DD'),'bs_8',1,null,'test2','test45',350000,'인천 계양구 계양대로 지하 73 (작전동) 1번출구','거래중');
Insert into COMFIT.DELI_SELL_LIST (DELI_PD_ID,PD_TITLE,PD_START_PRICE,BID_PRICE,PD_REGIT_DATE,BID_DATE,BS_ID,RANK,COMP_DATE,SELLER_ID,BUYER_ID,IMD_PRICE,ADDRESS,STATUS) values ('deli_12','라이젠 5600',300000,310000,to_date('2022-06-16','YYYY-MM-DD'),to_date('2022-06-19','YYYY-MM-DD'),null,2,null,'test2','test36',350000,'인천 계양구 새벌로112번길 12 (효성동, 현대4차아파트) 405동 1703호','다른입찰이낙찰');
Insert into COMFIT.DELI_SELL_LIST (DELI_PD_ID,PD_TITLE,PD_START_PRICE,BID_PRICE,PD_REGIT_DATE,BID_DATE,BS_ID,RANK,COMP_DATE,SELLER_ID,BUYER_ID,IMD_PRICE,ADDRESS,STATUS) values ('deli_13','이엠텍 gtx 1060 팔아요',100000,130000,to_date('2022-06-16','YYYY-MM-DD'),to_date('2022-06-20','YYYY-MM-DD'),'bs_9',1,to_date('2022-06-20','YYYY-MM-DD'),'test16','test1',130000,'서울 마포구 가양대로 2 (상암동) 빌딩 2층 205호','거래완료');
Insert into COMFIT.DELI_SELL_LIST (DELI_PD_ID,PD_TITLE,PD_START_PRICE,BID_PRICE,PD_REGIT_DATE,BID_DATE,BS_ID,RANK,COMP_DATE,SELLER_ID,BUYER_ID,IMD_PRICE,ADDRESS,STATUS) values ('deli_14','로지텍 g102 팔아요',5000,null,to_date('2022-06-16','YYYY-MM-DD'),null,null,1,null,'test16',null,10000,' ','유찰됨');
Insert into COMFIT.DELI_SELL_LIST (DELI_PD_ID,PD_TITLE,PD_START_PRICE,BID_PRICE,PD_REGIT_DATE,BID_DATE,BS_ID,RANK,COMP_DATE,SELLER_ID,BUYER_ID,IMD_PRICE,ADDRESS,STATUS) values ('deli_15','로지텍 g102 팔아요',5000,5500,to_date('2022-06-16','YYYY-MM-DD'),to_date('2022-06-20','YYYY-MM-DD'),null,1,null,'test16','test1',10000,'서울 서대문구 가재울로 6 (남가좌동) 빌딩 3층','유찰됨');
Insert into COMFIT.DELI_SELL_LIST (DELI_PD_ID,PD_TITLE,PD_START_PRICE,BID_PRICE,PD_REGIT_DATE,BID_DATE,BS_ID,RANK,COMP_DATE,SELLER_ID,BUYER_ID,IMD_PRICE,ADDRESS,STATUS) values ('deli_2','레이저 마우스 급처',20000,null,to_date('2022-06-14','YYYY-MM-DD'),null,null,1,null,'test3',null,50000,' ','유찰됨');
Insert into COMFIT.DELI_SELL_LIST (DELI_PD_ID,PD_TITLE,PD_START_PRICE,BID_PRICE,PD_REGIT_DATE,BID_DATE,BS_ID,RANK,COMP_DATE,SELLER_ID,BUYER_ID,IMD_PRICE,ADDRESS,STATUS) values ('deli_20','wddwwdwddwwdwd',200000,1029000,to_date('2022-06-17','YYYY-MM-DD'),to_date('2022-06-19','YYYY-MM-DD'),'bs_7',1,to_date('2022-06-19','YYYY-MM-DD'),'test1','test33',1029000,'경기 화성시 우정읍 3.1만세로 1 ㅋㅋ','구매확정대기중');
Insert into COMFIT.DELI_SELL_LIST (DELI_PD_ID,PD_TITLE,PD_START_PRICE,BID_PRICE,PD_REGIT_DATE,BID_DATE,BS_ID,RANK,COMP_DATE,SELLER_ID,BUYER_ID,IMD_PRICE,ADDRESS,STATUS) values ('deli_25','그래픽카드 완전싸게',422220,700000,to_date('2022-06-20','YYYY-MM-DD'),to_date('2022-06-20','YYYY-MM-DD'),'bs_10',1,to_date('2022-06-20','YYYY-MM-DD'),'test1','test2',700000,'대전 동구 판교1길 3 (판암동) 빌딩 3층 405호','거래완료');
Insert into COMFIT.DELI_SELL_LIST (DELI_PD_ID,PD_TITLE,PD_START_PRICE,BID_PRICE,PD_REGIT_DATE,BID_DATE,BS_ID,RANK,COMP_DATE,SELLER_ID,BUYER_ID,IMD_PRICE,ADDRESS,STATUS) values ('deli_3','RTX2060 팔아요',250000,null,to_date('0022-06-15','YYYY-MM-DD'),null,null,1,null,'test2',null,300000,' ','유찰됨');
Insert into COMFIT.DELI_SELL_LIST (DELI_PD_ID,PD_TITLE,PD_START_PRICE,BID_PRICE,PD_REGIT_DATE,BID_DATE,BS_ID,RANK,COMP_DATE,SELLER_ID,BUYER_ID,IMD_PRICE,ADDRESS,STATUS) values ('deli_4','27GN750 모니터 팔아요',300000,null,to_date('0022-06-16','YYYY-MM-DD'),null,null,1,null,'test2',null,400000,' ','유찰됨');
Insert into COMFIT.DELI_SELL_LIST (DELI_PD_ID,PD_TITLE,PD_START_PRICE,BID_PRICE,PD_REGIT_DATE,BID_DATE,BS_ID,RANK,COMP_DATE,SELLER_ID,BUYER_ID,IMD_PRICE,ADDRESS,STATUS) values ('deli_5','i7 10700 팔아요',350000,null,to_date('0022-06-16','YYYY-MM-DD'),null,null,1,null,'test2',null,400000,' ','유찰됨');
Insert into COMFIT.DELI_SELL_LIST (DELI_PD_ID,PD_TITLE,PD_START_PRICE,BID_PRICE,PD_REGIT_DATE,BID_DATE,BS_ID,RANK,COMP_DATE,SELLER_ID,BUYER_ID,IMD_PRICE,ADDRESS,STATUS) values ('deli_6','g304 마우스 팔아요',24000,null,to_date('0022-06-16','YYYY-MM-DD'),null,null,1,null,'test2',null,27000,' ','유찰됨');
Insert into COMFIT.DELI_SELL_LIST (DELI_PD_ID,PD_TITLE,PD_START_PRICE,BID_PRICE,PD_REGIT_DATE,BID_DATE,BS_ID,RANK,COMP_DATE,SELLER_ID,BUYER_ID,IMD_PRICE,ADDRESS,STATUS) values ('deli_7','한성gk893 팝니다',95000,null,to_date('0022-06-16','YYYY-MM-DD'),null,null,1,null,'test2',null,110000,' ','유찰됨');
Insert into COMFIT.DELI_SELL_LIST (DELI_PD_ID,PD_TITLE,PD_START_PRICE,BID_PRICE,PD_REGIT_DATE,BID_DATE,BS_ID,RANK,COMP_DATE,SELLER_ID,BUYER_ID,IMD_PRICE,ADDRESS,STATUS) values ('deli_9','asdasdasd',300000,null,to_date('0022-06-16','YYYY-MM-DD'),null,null,1,null,'test2',null,400000,' ','유찰됨');
REM INSERTING into COMFIT.DELI_TRANS_USER_BANNED_VIEW
SET DEFINE OFF;
Insert into COMFIT.DELI_TRANS_USER_BANNED_VIEW (U_ID,U_EMAIL,U_NICKNAME,BAN_CATE_NAME,BAN_DATE,BAN_END_DATE,REP_CATE_NAME,BAN_REA_DETAIL) values ('test2','kkk@naver.com','민성킴의활약','3일차단',to_date('2022-06-11','YYYY-MM-DD'),to_date('2022-06-14','YYYY-MM-DD'),'유해매체물','유해한 내용을 업로드한 것을 확인함');
REM INSERTING into COMFIT.DETAIL_BUYLIST_VIEW
SET DEFINE OFF;
Insert into COMFIT.DETAIL_BUYLIST_VIEW (PD_ID,PD_TITLE,PD_PRICE,SYSTEM,PD_REGIT_DATE,TIME,COMP_DATE,SELLER_ID,BUYER_ID,ADDRESS,STATUS,SELECTED_ID,SELECTED_DATE,BUYER_CODE,SELLER_CODE,BS_ID,BS_DATE,DELI_NUM) values ('deli_1','i-7 8700 저렴하게 판매',152000,'택배(경매)','2022-06-10',null,null,'test2','test3','인천광역시 중구 신포동 신흥초등학교','다른입찰이낙찰',null,null,null,null,null,null,null);
Insert into COMFIT.DETAIL_BUYLIST_VIEW (PD_ID,PD_TITLE,PD_PRICE,SYSTEM,PD_REGIT_DATE,TIME,COMP_DATE,SELLER_ID,BUYER_ID,ADDRESS,STATUS,SELECTED_ID,SELECTED_DATE,BUYER_CODE,SELLER_CODE,BS_ID,BS_DATE,DELI_NUM) values ('deli_1','i-7 8700 저렴하게 판매',155000,'택배(경매)','2022-06-10',null,'2022-06-10','test2','test1','서울특별시 마포구 월드컵북로 21 2층 풍성빌딩','거래완료',null,null,null,null,'bs_1',to_date('2022-06-10','YYYY-MM-DD'),'12345678901');
Insert into COMFIT.DETAIL_BUYLIST_VIEW (PD_ID,PD_TITLE,PD_PRICE,SYSTEM,PD_REGIT_DATE,TIME,COMP_DATE,SELLER_ID,BUYER_ID,ADDRESS,STATUS,SELECTED_ID,SELECTED_DATE,BUYER_CODE,SELLER_CODE,BS_ID,BS_DATE,DELI_NUM) values ('deli_1','i-7 8700 저렴하게 판매',156000,'택배(경매)','2022-06-10',null,null,'test2','test2','인천광역시 중구 신포2동 아파트앞삼거리','유찰됨',null,null,null,null,null,null,null);
Insert into COMFIT.DETAIL_BUYLIST_VIEW (PD_ID,PD_TITLE,PD_PRICE,SYSTEM,PD_REGIT_DATE,TIME,COMP_DATE,SELLER_ID,BUYER_ID,ADDRESS,STATUS,SELECTED_ID,SELECTED_DATE,BUYER_CODE,SELLER_CODE,BS_ID,BS_DATE,DELI_NUM) values ('deli_10','맥스틸 마우스 팔아요',20000,'택배(경매)','0022-06-16',null,null,'test2',null,' ','유찰됨',null,null,null,null,null,null,null);
Insert into COMFIT.DETAIL_BUYLIST_VIEW (PD_ID,PD_TITLE,PD_PRICE,SYSTEM,PD_REGIT_DATE,TIME,COMP_DATE,SELLER_ID,BUYER_ID,ADDRESS,STATUS,SELECTED_ID,SELECTED_DATE,BUYER_CODE,SELLER_CODE,BS_ID,BS_DATE,DELI_NUM) values ('deli_11','이엠텍 gtx 1060 팔아요',120000,'택배(경매)','2022-06-16',null,null,'test2','test1','인천 중구 어딘가 으슥한곳','유찰됨',null,null,null,null,null,null,null);
Insert into COMFIT.DETAIL_BUYLIST_VIEW (PD_ID,PD_TITLE,PD_PRICE,SYSTEM,PD_REGIT_DATE,TIME,COMP_DATE,SELLER_ID,BUYER_ID,ADDRESS,STATUS,SELECTED_ID,SELECTED_DATE,BUYER_CODE,SELLER_CODE,BS_ID,BS_DATE,DELI_NUM) values ('deli_12','라이젠 5600',310000,'택배(경매)','2022-06-16',null,null,'test2','test36','인천 계양구 새벌로112번길 12 (효성동, 현대4차아파트) 405동 1703호','다른입찰이낙찰',null,null,null,null,null,null,null);
Insert into COMFIT.DETAIL_BUYLIST_VIEW (PD_ID,PD_TITLE,PD_PRICE,SYSTEM,PD_REGIT_DATE,TIME,COMP_DATE,SELLER_ID,BUYER_ID,ADDRESS,STATUS,SELECTED_ID,SELECTED_DATE,BUYER_CODE,SELLER_CODE,BS_ID,BS_DATE,DELI_NUM) values ('deli_12','라이젠 5600',350000,'택배(경매)','2022-06-16',null,null,'test2','test45','인천 계양구 계양대로 지하 73 (작전동) 1번출구','거래중',null,null,null,null,'bs_8',to_date('2022-06-19','YYYY-MM-DD'),null);
Insert into COMFIT.DETAIL_BUYLIST_VIEW (PD_ID,PD_TITLE,PD_PRICE,SYSTEM,PD_REGIT_DATE,TIME,COMP_DATE,SELLER_ID,BUYER_ID,ADDRESS,STATUS,SELECTED_ID,SELECTED_DATE,BUYER_CODE,SELLER_CODE,BS_ID,BS_DATE,DELI_NUM) values ('deli_13','이엠텍 gtx 1060 팔아요',130000,'택배(경매)','2022-06-16',null,'2022-06-20','test16','test1','서울 마포구 가양대로 2 (상암동) 빌딩 2층 205호','거래완료',null,null,null,null,'bs_9',to_date('2022-06-20','YYYY-MM-DD'),'0002989381');
Insert into COMFIT.DETAIL_BUYLIST_VIEW (PD_ID,PD_TITLE,PD_PRICE,SYSTEM,PD_REGIT_DATE,TIME,COMP_DATE,SELLER_ID,BUYER_ID,ADDRESS,STATUS,SELECTED_ID,SELECTED_DATE,BUYER_CODE,SELLER_CODE,BS_ID,BS_DATE,DELI_NUM) values ('deli_14','로지텍 g102 팔아요',5000,'택배(경매)','2022-06-16',null,null,'test16',null,' ','유찰됨',null,null,null,null,null,null,null);
Insert into COMFIT.DETAIL_BUYLIST_VIEW (PD_ID,PD_TITLE,PD_PRICE,SYSTEM,PD_REGIT_DATE,TIME,COMP_DATE,SELLER_ID,BUYER_ID,ADDRESS,STATUS,SELECTED_ID,SELECTED_DATE,BUYER_CODE,SELLER_CODE,BS_ID,BS_DATE,DELI_NUM) values ('deli_15','로지텍 g102 팔아요',5500,'택배(경매)','2022-06-16',null,null,'test16','test1','서울 서대문구 가재울로 6 (남가좌동) 빌딩 3층','유찰됨',null,null,null,null,null,null,null);
Insert into COMFIT.DETAIL_BUYLIST_VIEW (PD_ID,PD_TITLE,PD_PRICE,SYSTEM,PD_REGIT_DATE,TIME,COMP_DATE,SELLER_ID,BUYER_ID,ADDRESS,STATUS,SELECTED_ID,SELECTED_DATE,BUYER_CODE,SELLER_CODE,BS_ID,BS_DATE,DELI_NUM) values ('deli_2','레이저 마우스 급처',20000,'택배(경매)','2022-06-14',null,null,'test3',null,' ','유찰됨',null,null,null,null,null,null,null);
Insert into COMFIT.DETAIL_BUYLIST_VIEW (PD_ID,PD_TITLE,PD_PRICE,SYSTEM,PD_REGIT_DATE,TIME,COMP_DATE,SELLER_ID,BUYER_ID,ADDRESS,STATUS,SELECTED_ID,SELECTED_DATE,BUYER_CODE,SELLER_CODE,BS_ID,BS_DATE,DELI_NUM) values ('deli_20','wddwwdwddwwdwd',1029000,'택배(경매)','2022-06-17',null,'2022-06-19','test1','test33','경기 화성시 우정읍 3.1만세로 1 ㅋㅋ','구매확정대기중',null,null,null,null,'bs_7',to_date('2022-06-19','YYYY-MM-DD'),'1515');
Insert into COMFIT.DETAIL_BUYLIST_VIEW (PD_ID,PD_TITLE,PD_PRICE,SYSTEM,PD_REGIT_DATE,TIME,COMP_DATE,SELLER_ID,BUYER_ID,ADDRESS,STATUS,SELECTED_ID,SELECTED_DATE,BUYER_CODE,SELLER_CODE,BS_ID,BS_DATE,DELI_NUM) values ('deli_25','그래픽카드 완전싸게',700000,'택배(경매)','2022-06-20',null,'2022-06-20','test1','test2','대전 동구 판교1길 3 (판암동) 빌딩 3층 405호','거래완료',null,null,null,null,'bs_10',to_date('2022-06-20','YYYY-MM-DD'),'0002989381');
Insert into COMFIT.DETAIL_BUYLIST_VIEW (PD_ID,PD_TITLE,PD_PRICE,SYSTEM,PD_REGIT_DATE,TIME,COMP_DATE,SELLER_ID,BUYER_ID,ADDRESS,STATUS,SELECTED_ID,SELECTED_DATE,BUYER_CODE,SELLER_CODE,BS_ID,BS_DATE,DELI_NUM) values ('deli_3','RTX2060 팔아요',250000,'택배(경매)','0022-06-15',null,null,'test2',null,' ','유찰됨',null,null,null,null,null,null,null);
Insert into COMFIT.DETAIL_BUYLIST_VIEW (PD_ID,PD_TITLE,PD_PRICE,SYSTEM,PD_REGIT_DATE,TIME,COMP_DATE,SELLER_ID,BUYER_ID,ADDRESS,STATUS,SELECTED_ID,SELECTED_DATE,BUYER_CODE,SELLER_CODE,BS_ID,BS_DATE,DELI_NUM) values ('deli_4','27GN750 모니터 팔아요',300000,'택배(경매)','0022-06-16',null,null,'test2',null,' ','유찰됨',null,null,null,null,null,null,null);
Insert into COMFIT.DETAIL_BUYLIST_VIEW (PD_ID,PD_TITLE,PD_PRICE,SYSTEM,PD_REGIT_DATE,TIME,COMP_DATE,SELLER_ID,BUYER_ID,ADDRESS,STATUS,SELECTED_ID,SELECTED_DATE,BUYER_CODE,SELLER_CODE,BS_ID,BS_DATE,DELI_NUM) values ('deli_5','i7 10700 팔아요',350000,'택배(경매)','0022-06-16',null,null,'test2',null,' ','유찰됨',null,null,null,null,null,null,null);
Insert into COMFIT.DETAIL_BUYLIST_VIEW (PD_ID,PD_TITLE,PD_PRICE,SYSTEM,PD_REGIT_DATE,TIME,COMP_DATE,SELLER_ID,BUYER_ID,ADDRESS,STATUS,SELECTED_ID,SELECTED_DATE,BUYER_CODE,SELLER_CODE,BS_ID,BS_DATE,DELI_NUM) values ('deli_6','g304 마우스 팔아요',24000,'택배(경매)','0022-06-16',null,null,'test2',null,' ','유찰됨',null,null,null,null,null,null,null);
Insert into COMFIT.DETAIL_BUYLIST_VIEW (PD_ID,PD_TITLE,PD_PRICE,SYSTEM,PD_REGIT_DATE,TIME,COMP_DATE,SELLER_ID,BUYER_ID,ADDRESS,STATUS,SELECTED_ID,SELECTED_DATE,BUYER_CODE,SELLER_CODE,BS_ID,BS_DATE,DELI_NUM) values ('deli_7','한성gk893 팝니다',95000,'택배(경매)','0022-06-16',null,null,'test2',null,' ','유찰됨',null,null,null,null,null,null,null);
Insert into COMFIT.DETAIL_BUYLIST_VIEW (PD_ID,PD_TITLE,PD_PRICE,SYSTEM,PD_REGIT_DATE,TIME,COMP_DATE,SELLER_ID,BUYER_ID,ADDRESS,STATUS,SELECTED_ID,SELECTED_DATE,BUYER_CODE,SELLER_CODE,BS_ID,BS_DATE,DELI_NUM) values ('deli_9','asdasdasd',300000,'택배(경매)','0022-06-16',null,null,'test2',null,' ','유찰됨',null,null,null,null,null,null,null);
Insert into COMFIT.DETAIL_BUYLIST_VIEW (PD_ID,PD_TITLE,PD_PRICE,SYSTEM,PD_REGIT_DATE,TIME,COMP_DATE,SELLER_ID,BUYER_ID,ADDRESS,STATUS,SELECTED_ID,SELECTED_DATE,BUYER_CODE,SELLER_CODE,BS_ID,BS_DATE,DELI_NUM) values ('dire_1','NVIDIA 그래픽카드 개급처',950000,'직거래(제안거래)','2022-06-10',to_date('2022-06-12','YYYY-MM-DD'),'2022-06-10','test1','test2','서울 도봉구 우이천로 50길 40 우림슈퍼앞','거래완료','sel_1','2022-06-10','abc123','def456',null,null,null);
Insert into COMFIT.DETAIL_BUYLIST_VIEW (PD_ID,PD_TITLE,PD_PRICE,SYSTEM,PD_REGIT_DATE,TIME,COMP_DATE,SELLER_ID,BUYER_ID,ADDRESS,STATUS,SELECTED_ID,SELECTED_DATE,BUYER_CODE,SELLER_CODE,BS_ID,BS_DATE,DELI_NUM) values ('dire_10','G304 마우스 팝니다',28000,'직거래(제안거래)','2022-06-17',to_date('2022-06-20','YYYY-MM-DD'),'2022-06-19','test1','test47','서울 마포구 합정동 414 합정역 근처','거래완료','sel_13','2022-06-19','8Q3YLM36CZKZEEHL','6QUD7FDNgepqdajj',null,null,null);
Insert into COMFIT.DETAIL_BUYLIST_VIEW (PD_ID,PD_TITLE,PD_PRICE,SYSTEM,PD_REGIT_DATE,TIME,COMP_DATE,SELLER_ID,BUYER_ID,ADDRESS,STATUS,SELECTED_ID,SELECTED_DATE,BUYER_CODE,SELLER_CODE,BS_ID,BS_DATE,DELI_NUM) values ('dire_16','삼성 램 4gb 팔아요!',0,'직거래(제안거래)','2022-06-17',to_date('2022-06-17','YYYY-MM-DD'),null,'test1','test36','서울 마포구 합정동 404 123','제안거래중',null,null,null,null,null,null,null);
Insert into COMFIT.DETAIL_BUYLIST_VIEW (PD_ID,PD_TITLE,PD_PRICE,SYSTEM,PD_REGIT_DATE,TIME,COMP_DATE,SELLER_ID,BUYER_ID,ADDRESS,STATUS,SELECTED_ID,SELECTED_DATE,BUYER_CODE,SELLER_CODE,BS_ID,BS_DATE,DELI_NUM) values ('dire_16','삼성 램 4gb 팔아요!',8000,'직거래(제안거래)','2022-06-17',to_date('2022-06-19','YYYY-MM-DD'),null,'test1','test33','서울 마포구 합정동 55-1 마포새빛문화숩 편의점 앞','제안거래중',null,null,null,null,null,null,null);
Insert into COMFIT.DETAIL_BUYLIST_VIEW (PD_ID,PD_TITLE,PD_PRICE,SYSTEM,PD_REGIT_DATE,TIME,COMP_DATE,SELLER_ID,BUYER_ID,ADDRESS,STATUS,SELECTED_ID,SELECTED_DATE,BUYER_CODE,SELLER_CODE,BS_ID,BS_DATE,DELI_NUM) values ('dire_17','노트북 싸게팝니다',null,'직거래(제안거래)','2022-06-17',null,null,'test1',null,' ','제안대기중',null,null,null,null,null,null,null);
Insert into COMFIT.DETAIL_BUYLIST_VIEW (PD_ID,PD_TITLE,PD_PRICE,SYSTEM,PD_REGIT_DATE,TIME,COMP_DATE,SELLER_ID,BUYER_ID,ADDRESS,STATUS,SELECTED_ID,SELECTED_DATE,BUYER_CODE,SELLER_CODE,BS_ID,BS_DATE,DELI_NUM) values ('dire_2','새거같은 레오폴드 키보드 판매',3312,'직거래(제안거래)','2022-06-17',to_date('2022-06-20','YYYY-MM-DD'),'2022-06-18','test2','test1','서울 강북구 수유동 240-38 13123','판매확정대기중','sel_6','2022-06-18','MZHU5MDYATHUCJBG','WGJ5Z2ZZoksyoxbo',null,null,null);
Insert into COMFIT.DETAIL_BUYLIST_VIEW (PD_ID,PD_TITLE,PD_PRICE,SYSTEM,PD_REGIT_DATE,TIME,COMP_DATE,SELLER_ID,BUYER_ID,ADDRESS,STATUS,SELECTED_ID,SELECTED_DATE,BUYER_CODE,SELLER_CODE,BS_ID,BS_DATE,DELI_NUM) values ('dire_2','새거같은 레오폴드 키보드 판매',855500,'직거래(제안거래)','2022-06-17',to_date('2022-06-18','YYYY-MM-DD'),null,'test2','test2','서울 도봉구 우이천로 39길 10 우이성당 앞','다른제안이채택됨',null,null,null,null,null,null,null);
Insert into COMFIT.DETAIL_BUYLIST_VIEW (PD_ID,PD_TITLE,PD_PRICE,SYSTEM,PD_REGIT_DATE,TIME,COMP_DATE,SELLER_ID,BUYER_ID,ADDRESS,STATUS,SELECTED_ID,SELECTED_DATE,BUYER_CODE,SELLER_CODE,BS_ID,BS_DATE,DELI_NUM) values ('dire_34','이엠텍 gtx 1060 팔아요',null,'직거래(제안거래)','2022-06-17',null,null,'test36',null,' ','제안대기중',null,null,null,null,null,null,null);
Insert into COMFIT.DETAIL_BUYLIST_VIEW (PD_ID,PD_TITLE,PD_PRICE,SYSTEM,PD_REGIT_DATE,TIME,COMP_DATE,SELLER_ID,BUYER_ID,ADDRESS,STATUS,SELECTED_ID,SELECTED_DATE,BUYER_CODE,SELLER_CODE,BS_ID,BS_DATE,DELI_NUM) values ('dire_41','마닉 키보드 팔아요',30000,'직거래(제안거래)','2022-06-18',to_date('2022-06-21','YYYY-MM-DD'),'2022-06-18','test43','test2','경기 성남시 분당구 판교동 584-1 하이여','판매확정대기중','sel_9','2022-06-18','805RLDYGTUWXABZF','C0BKQGRZvhuyhpme',null,null,null);
Insert into COMFIT.DETAIL_BUYLIST_VIEW (PD_ID,PD_TITLE,PD_PRICE,SYSTEM,PD_REGIT_DATE,TIME,COMP_DATE,SELLER_ID,BUYER_ID,ADDRESS,STATUS,SELECTED_ID,SELECTED_DATE,BUYER_CODE,SELLER_CODE,BS_ID,BS_DATE,DELI_NUM) values ('dire_42','이엠텍 gtx 1060 팔아요',123123,'직거래(제안거래)','2022-06-18',to_date('2022-06-19','YYYY-MM-DD'),'2022-06-18','test36','test2','인천 계양구 작전동 411 ZZ','구매확정대기중','sel_8','2022-06-18','YOZ36GDYTAHATEGA','JM7C7M8Nnumkopsr',null,null,null);
Insert into COMFIT.DETAIL_BUYLIST_VIEW (PD_ID,PD_TITLE,PD_PRICE,SYSTEM,PD_REGIT_DATE,TIME,COMP_DATE,SELLER_ID,BUYER_ID,ADDRESS,STATUS,SELECTED_ID,SELECTED_DATE,BUYER_CODE,SELLER_CODE,BS_ID,BS_DATE,DELI_NUM) values ('dire_42','이엠텍 gtx 1060 팔아요',200000,'직거래(제안거래)','2022-06-18',to_date('2022-06-19','YYYY-MM-DD'),null,'test36','test2','인천 청천 공장','다른제안이채택됨',null,null,null,null,null,null,null);
Insert into COMFIT.DETAIL_BUYLIST_VIEW (PD_ID,PD_TITLE,PD_PRICE,SYSTEM,PD_REGIT_DATE,TIME,COMP_DATE,SELLER_ID,BUYER_ID,ADDRESS,STATUS,SELECTED_ID,SELECTED_DATE,BUYER_CODE,SELLER_CODE,BS_ID,BS_DATE,DELI_NUM) values ('dire_43','데이븐 카이저 케이스 급쳐 합니다.',30000,'직거래(제안거래)','2022-06-19',to_date('2022-06-24','YYYY-MM-DD'),'2022-06-19','test36','test1','인천 계양구 작전동 878 작전역 1번출구','거래완료','sel_10','2022-06-19','8AU3XNQBITDNBAAE','YBXDUMGUdwcsbqbq',null,null,null);
Insert into COMFIT.DETAIL_BUYLIST_VIEW (PD_ID,PD_TITLE,PD_PRICE,SYSTEM,PD_REGIT_DATE,TIME,COMP_DATE,SELLER_ID,BUYER_ID,ADDRESS,STATUS,SELECTED_ID,SELECTED_DATE,BUYER_CODE,SELLER_CODE,BS_ID,BS_DATE,DELI_NUM) values ('dire_44','삼성 m.2 ssd 1tb 970 쌔거 팝니다',200000,'직거래(제안거래)','2022-06-19',to_date('2022-06-21','YYYY-MM-DD'),'2022-06-19','test1','test36','인천 계양구 계산동 1079-1 계양구청 입구','거래완료','sel_11','2022-06-19','8O0C149KZDRSAZQQ','PABIAM1Jdfxvpiap',null,null,null);
Insert into COMFIT.DETAIL_BUYLIST_VIEW (PD_ID,PD_TITLE,PD_PRICE,SYSTEM,PD_REGIT_DATE,TIME,COMP_DATE,SELLER_ID,BUYER_ID,ADDRESS,STATUS,SELECTED_ID,SELECTED_DATE,BUYER_CODE,SELLER_CODE,BS_ID,BS_DATE,DELI_NUM) values ('dire_45','fsp 파워 500w 새제품 팝니다',140000,'직거래(제안거래)','2022-06-19',to_date('2022-06-21','YYYY-MM-DD'),'2022-06-19','test45','test1','인천 계양구 작전동 878 작전역 4번출구 앞','거래완료','sel_12','2022-06-19','IEGRNXL4ATUNLSFX','KLDAC4CZpnpajrhf',null,null,null);
Insert into COMFIT.DETAIL_BUYLIST_VIEW (PD_ID,PD_TITLE,PD_PRICE,SYSTEM,PD_REGIT_DATE,TIME,COMP_DATE,SELLER_ID,BUYER_ID,ADDRESS,STATUS,SELECTED_ID,SELECTED_DATE,BUYER_CODE,SELLER_CODE,BS_ID,BS_DATE,DELI_NUM) values ('dire_49','노트북 팔아요',800000,'직거래(제안거래)','2022-06-20',to_date('2022-06-24','YYYY-MM-DD'),'2022-06-20','test2','test1','서울 마포구 동교동 155-6 홍대입구 1번 출구','거래완료','sel_14','2022-06-20','RAJY9R5IDVZYHRIA','DT6ZIBBMvgdocosm',null,null,null);
Insert into COMFIT.DETAIL_BUYLIST_VIEW (PD_ID,PD_TITLE,PD_PRICE,SYSTEM,PD_REGIT_DATE,TIME,COMP_DATE,SELLER_ID,BUYER_ID,ADDRESS,STATUS,SELECTED_ID,SELECTED_DATE,BUYER_CODE,SELLER_CODE,BS_ID,BS_DATE,DELI_NUM) values ('dire_5','RTX2070 싸게팜',null,'직거래(제안거래)','2022-06-17',null,null,'test2',null,' ','제안대기중',null,null,null,null,null,null,null);
Insert into COMFIT.DETAIL_BUYLIST_VIEW (PD_ID,PD_TITLE,PD_PRICE,SYSTEM,PD_REGIT_DATE,TIME,COMP_DATE,SELLER_ID,BUYER_ID,ADDRESS,STATUS,SELECTED_ID,SELECTED_DATE,BUYER_CODE,SELLER_CODE,BS_ID,BS_DATE,DELI_NUM) values ('dire_50','모니터 팝니다',null,'직거래(제안거래)','2022-06-20',null,null,'test37',null,' ','제안대기중',null,null,null,null,null,null,null);
Insert into COMFIT.DETAIL_BUYLIST_VIEW (PD_ID,PD_TITLE,PD_PRICE,SYSTEM,PD_REGIT_DATE,TIME,COMP_DATE,SELLER_ID,BUYER_ID,ADDRESS,STATUS,SELECTED_ID,SELECTED_DATE,BUYER_CODE,SELLER_CODE,BS_ID,BS_DATE,DELI_NUM) values ('dire_51','맥북 개싸게팜',1300000,'직거래(제안거래)','2022-06-20',to_date('2022-06-21','YYYY-MM-DD'),'2022-06-20','test48','test1','서울 마포구 동교동 159-11 홍대입구역 1번출구','거래완료','sel_15','2022-06-20','LNR5PJ7KTTQWELGY','CZECWW26oeijxabl',null,null,null);
Insert into COMFIT.DETAIL_BUYLIST_VIEW (PD_ID,PD_TITLE,PD_PRICE,SYSTEM,PD_REGIT_DATE,TIME,COMP_DATE,SELLER_ID,BUYER_ID,ADDRESS,STATUS,SELECTED_ID,SELECTED_DATE,BUYER_CODE,SELLER_CODE,BS_ID,BS_DATE,DELI_NUM) values ('dire_7','RTX2070 싸게팜',30000,'직거래(제안거래)','2022-06-17',to_date('2022-06-21','YYYY-MM-DD'),null,'test2','test33','서울 마포구 합정동 55-1 잔디밭','제안거래중',null,null,null,null,null,null,null);
REM INSERTING into COMFIT.DIRECT_BOX1_VIEW
SET DEFINE OFF;
Insert into COMFIT.DIRECT_BOX1_VIEW (PD_NUM,PD_ID,PD_REGIT_DATE,PD_TITLE,DEAL_TYPE,U_ID,DEAL_STATUS,BS_ID) values ('1','deli',to_date('2022-06-10','YYYY-MM-DD'),'i-7 8700 저렴하게 판매','택배거래','test2','거래완료','bs_1');
Insert into COMFIT.DIRECT_BOX1_VIEW (PD_NUM,PD_ID,PD_REGIT_DATE,PD_TITLE,DEAL_TYPE,U_ID,DEAL_STATUS,BS_ID) values ('25','deli',to_date('2022-06-20','YYYY-MM-DD'),'그래픽카드 완전싸게','택배거래','test1','거래완료','bs_10');
Insert into COMFIT.DIRECT_BOX1_VIEW (PD_NUM,PD_ID,PD_REGIT_DATE,PD_TITLE,DEAL_TYPE,U_ID,DEAL_STATUS,BS_ID) values ('13','deli',to_date('2022-06-16','YYYY-MM-DD'),'이엠텍 gtx 1060 팔아요','택배거래','test16','거래완료','bs_9');
Insert into COMFIT.DIRECT_BOX1_VIEW (PD_NUM,PD_ID,PD_REGIT_DATE,PD_TITLE,DEAL_TYPE,U_ID,DEAL_STATUS,BS_ID) values ('2','deli',to_date('2022-06-14','YYYY-MM-DD'),'레이저 마우스 급처','택배거래','test3','거래중',null);
Insert into COMFIT.DIRECT_BOX1_VIEW (PD_NUM,PD_ID,PD_REGIT_DATE,PD_TITLE,DEAL_TYPE,U_ID,DEAL_STATUS,BS_ID) values ('14','deli',to_date('2022-06-16','YYYY-MM-DD'),'로지텍 g102 팔아요','택배거래','test16','거래중',null);
Insert into COMFIT.DIRECT_BOX1_VIEW (PD_NUM,PD_ID,PD_REGIT_DATE,PD_TITLE,DEAL_TYPE,U_ID,DEAL_STATUS,BS_ID) values ('10','deli',to_date('0022-06-16','YYYY-MM-DD'),'맥스틸 마우스 팔아요','택배거래','test2','거래중',null);
Insert into COMFIT.DIRECT_BOX1_VIEW (PD_NUM,PD_ID,PD_REGIT_DATE,PD_TITLE,DEAL_TYPE,U_ID,DEAL_STATUS,BS_ID) values ('7','deli',to_date('0022-06-16','YYYY-MM-DD'),'한성gk893 팝니다','택배거래','test2','거래중',null);
Insert into COMFIT.DIRECT_BOX1_VIEW (PD_NUM,PD_ID,PD_REGIT_DATE,PD_TITLE,DEAL_TYPE,U_ID,DEAL_STATUS,BS_ID) values ('9','deli',to_date('0022-06-16','YYYY-MM-DD'),'asdasdasd','택배거래','test2','거래중',null);
Insert into COMFIT.DIRECT_BOX1_VIEW (PD_NUM,PD_ID,PD_REGIT_DATE,PD_TITLE,DEAL_TYPE,U_ID,DEAL_STATUS,BS_ID) values ('3','deli',to_date('0022-06-15','YYYY-MM-DD'),'RTX2060 팔아요','택배거래','test2','거래중',null);
Insert into COMFIT.DIRECT_BOX1_VIEW (PD_NUM,PD_ID,PD_REGIT_DATE,PD_TITLE,DEAL_TYPE,U_ID,DEAL_STATUS,BS_ID) values ('5','deli',to_date('0022-06-16','YYYY-MM-DD'),'i7 10700 팔아요','택배거래','test2','거래중',null);
Insert into COMFIT.DIRECT_BOX1_VIEW (PD_NUM,PD_ID,PD_REGIT_DATE,PD_TITLE,DEAL_TYPE,U_ID,DEAL_STATUS,BS_ID) values ('6','deli',to_date('0022-06-16','YYYY-MM-DD'),'g304 마우스 팔아요','택배거래','test2','거래중',null);
Insert into COMFIT.DIRECT_BOX1_VIEW (PD_NUM,PD_ID,PD_REGIT_DATE,PD_TITLE,DEAL_TYPE,U_ID,DEAL_STATUS,BS_ID) values ('4','deli',to_date('0022-06-16','YYYY-MM-DD'),'27GN750 모니터 팔아요','택배거래','test2','거래중',null);
Insert into COMFIT.DIRECT_BOX1_VIEW (PD_NUM,PD_ID,PD_REGIT_DATE,PD_TITLE,DEAL_TYPE,U_ID,DEAL_STATUS,BS_ID) values ('12','deli',to_date('2022-06-16','YYYY-MM-DD'),'라이젠 5600','택배거래','test2','거래중',null);
Insert into COMFIT.DIRECT_BOX1_VIEW (PD_NUM,PD_ID,PD_REGIT_DATE,PD_TITLE,DEAL_TYPE,U_ID,DEAL_STATUS,BS_ID) values ('15','deli',to_date('2022-06-16','YYYY-MM-DD'),'로지텍 g102 팔아요','택배거래','test16','거래중',null);
Insert into COMFIT.DIRECT_BOX1_VIEW (PD_NUM,PD_ID,PD_REGIT_DATE,PD_TITLE,DEAL_TYPE,U_ID,DEAL_STATUS,BS_ID) values ('1','deli',to_date('2022-06-10','YYYY-MM-DD'),'i-7 8700 저렴하게 판매','택배거래','test2','거래중',null);
Insert into COMFIT.DIRECT_BOX1_VIEW (PD_NUM,PD_ID,PD_REGIT_DATE,PD_TITLE,DEAL_TYPE,U_ID,DEAL_STATUS,BS_ID) values ('1','deli',to_date('2022-06-10','YYYY-MM-DD'),'i-7 8700 저렴하게 판매','택배거래','test2','거래중',null);
Insert into COMFIT.DIRECT_BOX1_VIEW (PD_NUM,PD_ID,PD_REGIT_DATE,PD_TITLE,DEAL_TYPE,U_ID,DEAL_STATUS,BS_ID) values ('11','deli',to_date('2022-06-16','YYYY-MM-DD'),'이엠텍 gtx 1060 팔아요','택배거래','test2','거래중',null);
Insert into COMFIT.DIRECT_BOX1_VIEW (PD_NUM,PD_ID,PD_REGIT_DATE,PD_TITLE,DEAL_TYPE,U_ID,DEAL_STATUS,BS_ID) values ('20','deli',to_date('2022-06-17','YYYY-MM-DD'),'wddwwdwddwwdwd','택배거래','test1','거래중','bs_7');
Insert into COMFIT.DIRECT_BOX1_VIEW (PD_NUM,PD_ID,PD_REGIT_DATE,PD_TITLE,DEAL_TYPE,U_ID,DEAL_STATUS,BS_ID) values ('12','deli',to_date('2022-06-16','YYYY-MM-DD'),'라이젠 5600','택배거래','test2','거래중','bs_8');
REM INSERTING into COMFIT.DIRECT_BOX2_VIEW
SET DEFINE OFF;
Insert into COMFIT.DIRECT_BOX2_VIEW (PD_NUM,PD_ID,CATEGORY_NAME,PD_NAME,MAKER_NAME) values ('12','deli','CPU','라이젠5600','AMD');
Insert into COMFIT.DIRECT_BOX2_VIEW (PD_NUM,PD_ID,CATEGORY_NAME,PD_NAME,MAKER_NAME) values ('1','deli','CPU','intel I-7 8700','인텔');
Insert into COMFIT.DIRECT_BOX2_VIEW (PD_NUM,PD_ID,CATEGORY_NAME,PD_NAME,MAKER_NAME) values ('5','deli','CPU','i7 10700','인텔');
Insert into COMFIT.DIRECT_BOX2_VIEW (PD_NUM,PD_ID,CATEGORY_NAME,PD_NAME,MAKER_NAME) values ('3','deli','그래픽카드','RTX2060','ASUS');
Insert into COMFIT.DIRECT_BOX2_VIEW (PD_NUM,PD_ID,CATEGORY_NAME,PD_NAME,MAKER_NAME) values ('20','deli','그래픽카드','RTX2070','조텍');
Insert into COMFIT.DIRECT_BOX2_VIEW (PD_NUM,PD_ID,CATEGORY_NAME,PD_NAME,MAKER_NAME) values ('11','deli','그래픽카드','gtx 1060','이엠텍');
Insert into COMFIT.DIRECT_BOX2_VIEW (PD_NUM,PD_ID,CATEGORY_NAME,PD_NAME,MAKER_NAME) values ('13','deli','그래픽카드','gtx 1060','이엠텍');
Insert into COMFIT.DIRECT_BOX2_VIEW (PD_NUM,PD_ID,CATEGORY_NAME,PD_NAME,MAKER_NAME) values ('9','deli','그래픽카드','rtx 3060','MSI');
Insert into COMFIT.DIRECT_BOX2_VIEW (PD_NUM,PD_ID,CATEGORY_NAME,PD_NAME,MAKER_NAME) values ('25','deli','그래픽카드','그래픽카드','MSI');
Insert into COMFIT.DIRECT_BOX2_VIEW (PD_NUM,PD_ID,CATEGORY_NAME,PD_NAME,MAKER_NAME) values ('7','deli','키보드','한성gk893','한성컴퓨터');
Insert into COMFIT.DIRECT_BOX2_VIEW (PD_NUM,PD_ID,CATEGORY_NAME,PD_NAME,MAKER_NAME) values ('2','deli','마우스','레이저 바이퍼','RAZER');
Insert into COMFIT.DIRECT_BOX2_VIEW (PD_NUM,PD_ID,CATEGORY_NAME,PD_NAME,MAKER_NAME) values ('10','deli','마우스','맥스틸 마우스','맥스틸');
Insert into COMFIT.DIRECT_BOX2_VIEW (PD_NUM,PD_ID,CATEGORY_NAME,PD_NAME,MAKER_NAME) values ('6','deli','마우스','g304','로지텍');
Insert into COMFIT.DIRECT_BOX2_VIEW (PD_NUM,PD_ID,CATEGORY_NAME,PD_NAME,MAKER_NAME) values ('14','deli','마우스','g102','로지텍');
Insert into COMFIT.DIRECT_BOX2_VIEW (PD_NUM,PD_ID,CATEGORY_NAME,PD_NAME,MAKER_NAME) values ('15','deli','마우스','g102','로지텍');
Insert into COMFIT.DIRECT_BOX2_VIEW (PD_NUM,PD_ID,CATEGORY_NAME,PD_NAME,MAKER_NAME) values ('4','deli','모니터','27GN750','LG전자');
REM INSERTING into COMFIT.DIRECT_BOX3_VIEW
SET DEFINE OFF;
Insert into COMFIT.DIRECT_BOX3_VIEW (PD_NUM,PD_ID,B_U_ID,BID_PRICE,BID_DATE,ADDRESS,BS_ID) values ('1','deli','test1',155000,to_date('2022-06-10','YYYY-MM-DD'),'서울특별시 마포구 월드컵북로 212층 풍성빌딩','bs_1');
Insert into COMFIT.DIRECT_BOX3_VIEW (PD_NUM,PD_ID,B_U_ID,BID_PRICE,BID_DATE,ADDRESS,BS_ID) values ('25','deli','test2',700000,to_date('2022-06-20','YYYY-MM-DD'),'대전 동구 판교1길 3 (판암동)빌딩 3층 405호','bs_10');
Insert into COMFIT.DIRECT_BOX3_VIEW (PD_NUM,PD_ID,B_U_ID,BID_PRICE,BID_DATE,ADDRESS,BS_ID) values ('13','deli','test1',130000,to_date('2022-06-20','YYYY-MM-DD'),'서울 마포구 가양대로 2 (상암동)빌딩 2층 205호','bs_9');
Insert into COMFIT.DIRECT_BOX3_VIEW (PD_NUM,PD_ID,B_U_ID,BID_PRICE,BID_DATE,ADDRESS,BS_ID) values ('14','deli',null,null,null,null,null);
Insert into COMFIT.DIRECT_BOX3_VIEW (PD_NUM,PD_ID,B_U_ID,BID_PRICE,BID_DATE,ADDRESS,BS_ID) values ('2','deli',null,null,null,null,null);
Insert into COMFIT.DIRECT_BOX3_VIEW (PD_NUM,PD_ID,B_U_ID,BID_PRICE,BID_DATE,ADDRESS,BS_ID) values ('10','deli',null,null,null,null,null);
Insert into COMFIT.DIRECT_BOX3_VIEW (PD_NUM,PD_ID,B_U_ID,BID_PRICE,BID_DATE,ADDRESS,BS_ID) values ('7','deli',null,null,null,null,null);
Insert into COMFIT.DIRECT_BOX3_VIEW (PD_NUM,PD_ID,B_U_ID,BID_PRICE,BID_DATE,ADDRESS,BS_ID) values ('9','deli',null,null,null,null,null);
Insert into COMFIT.DIRECT_BOX3_VIEW (PD_NUM,PD_ID,B_U_ID,BID_PRICE,BID_DATE,ADDRESS,BS_ID) values ('3','deli',null,null,null,null,null);
Insert into COMFIT.DIRECT_BOX3_VIEW (PD_NUM,PD_ID,B_U_ID,BID_PRICE,BID_DATE,ADDRESS,BS_ID) values ('5','deli',null,null,null,null,null);
Insert into COMFIT.DIRECT_BOX3_VIEW (PD_NUM,PD_ID,B_U_ID,BID_PRICE,BID_DATE,ADDRESS,BS_ID) values ('6','deli',null,null,null,null,null);
Insert into COMFIT.DIRECT_BOX3_VIEW (PD_NUM,PD_ID,B_U_ID,BID_PRICE,BID_DATE,ADDRESS,BS_ID) values ('4','deli',null,null,null,null,null);
Insert into COMFIT.DIRECT_BOX3_VIEW (PD_NUM,PD_ID,B_U_ID,BID_PRICE,BID_DATE,ADDRESS,BS_ID) values ('12','deli','test36',310000,to_date('2022-06-19','YYYY-MM-DD'),'인천 계양구 새벌로112번길 12 (효성동, 현대4차아파트)405동 1703호',null);
Insert into COMFIT.DIRECT_BOX3_VIEW (PD_NUM,PD_ID,B_U_ID,BID_PRICE,BID_DATE,ADDRESS,BS_ID) values ('15','deli','test1',5500,to_date('2022-06-20','YYYY-MM-DD'),'서울 서대문구 가재울로 6 (남가좌동)빌딩 3층',null);
Insert into COMFIT.DIRECT_BOX3_VIEW (PD_NUM,PD_ID,B_U_ID,BID_PRICE,BID_DATE,ADDRESS,BS_ID) values ('1','deli','test3',152000,to_date('2022-06-10','YYYY-MM-DD'),'인천광역시 중구 신포동신흥초등학교',null);
Insert into COMFIT.DIRECT_BOX3_VIEW (PD_NUM,PD_ID,B_U_ID,BID_PRICE,BID_DATE,ADDRESS,BS_ID) values ('1','deli','test2',156000,to_date('2022-06-19','YYYY-MM-DD'),'인천광역시 중구 신포2동아파트앞삼거리',null);
Insert into COMFIT.DIRECT_BOX3_VIEW (PD_NUM,PD_ID,B_U_ID,BID_PRICE,BID_DATE,ADDRESS,BS_ID) values ('11','deli','test1',120000,to_date('2022-06-18','YYYY-MM-DD'),'인천 중구 어딘가으슥한곳',null);
Insert into COMFIT.DIRECT_BOX3_VIEW (PD_NUM,PD_ID,B_U_ID,BID_PRICE,BID_DATE,ADDRESS,BS_ID) values ('20','deli','test33',1029000,to_date('2022-06-19','YYYY-MM-DD'),'경기 화성시 우정읍 3.1만세로 1ㅋㅋ','bs_7');
Insert into COMFIT.DIRECT_BOX3_VIEW (PD_NUM,PD_ID,B_U_ID,BID_PRICE,BID_DATE,ADDRESS,BS_ID) values ('12','deli','test45',350000,to_date('2022-06-19','YYYY-MM-DD'),'인천 계양구 계양대로 지하 73 (작전동)1번출구','bs_8');
REM INSERTING into COMFIT.DIRECT_BOX4_VIEW
SET DEFINE OFF;
Insert into COMFIT.DIRECT_BOX4_VIEW (PD_NUM,PD_ID,BUY_COMP_DATE,SELL_COMP_DATE,PD_DELI_NUM) values ('1','deli',to_date('2022-06-10','YYYY-MM-DD'),to_date('2022-06-10','YYYY-MM-DD'),'12345678901');
Insert into COMFIT.DIRECT_BOX4_VIEW (PD_NUM,PD_ID,BUY_COMP_DATE,SELL_COMP_DATE,PD_DELI_NUM) values ('25','deli',to_date('2022-06-20','YYYY-MM-DD'),to_date('2022-06-20','YYYY-MM-DD'),'0002989381');
Insert into COMFIT.DIRECT_BOX4_VIEW (PD_NUM,PD_ID,BUY_COMP_DATE,SELL_COMP_DATE,PD_DELI_NUM) values ('13','deli',to_date('2022-06-20','YYYY-MM-DD'),to_date('2022-06-20','YYYY-MM-DD'),'0002989381');
Insert into COMFIT.DIRECT_BOX4_VIEW (PD_NUM,PD_ID,BUY_COMP_DATE,SELL_COMP_DATE,PD_DELI_NUM) values ('20','deli',null,to_date('2022-06-19','YYYY-MM-DD'),'1515');
REM INSERTING into COMFIT.DIRECT_BOX5_VIEW
SET DEFINE OFF;
Insert into COMFIT.DIRECT_BOX5_VIEW (PD_NUM,PD_ID,B_U_ID,BID_DATE,BID_PRICE,DEAL_STATUS) values ('1','deli','test1',to_date('2022-06-10','YYYY-MM-DD'),155000,'낙찰');
Insert into COMFIT.DIRECT_BOX5_VIEW (PD_NUM,PD_ID,B_U_ID,BID_DATE,BID_PRICE,DEAL_STATUS) values ('25','deli','test2',to_date('2022-06-20','YYYY-MM-DD'),700000,'낙찰');
Insert into COMFIT.DIRECT_BOX5_VIEW (PD_NUM,PD_ID,B_U_ID,BID_DATE,BID_PRICE,DEAL_STATUS) values ('13','deli','test1',to_date('2022-06-20','YYYY-MM-DD'),130000,'낙찰');
Insert into COMFIT.DIRECT_BOX5_VIEW (PD_NUM,PD_ID,B_U_ID,BID_DATE,BID_PRICE,DEAL_STATUS) values ('14','deli',null,null,null,'유찰');
Insert into COMFIT.DIRECT_BOX5_VIEW (PD_NUM,PD_ID,B_U_ID,BID_DATE,BID_PRICE,DEAL_STATUS) values ('2','deli',null,null,null,'유찰');
Insert into COMFIT.DIRECT_BOX5_VIEW (PD_NUM,PD_ID,B_U_ID,BID_DATE,BID_PRICE,DEAL_STATUS) values ('10','deli',null,null,null,'유찰');
Insert into COMFIT.DIRECT_BOX5_VIEW (PD_NUM,PD_ID,B_U_ID,BID_DATE,BID_PRICE,DEAL_STATUS) values ('7','deli',null,null,null,'유찰');
Insert into COMFIT.DIRECT_BOX5_VIEW (PD_NUM,PD_ID,B_U_ID,BID_DATE,BID_PRICE,DEAL_STATUS) values ('9','deli',null,null,null,'유찰');
Insert into COMFIT.DIRECT_BOX5_VIEW (PD_NUM,PD_ID,B_U_ID,BID_DATE,BID_PRICE,DEAL_STATUS) values ('3','deli',null,null,null,'유찰');
Insert into COMFIT.DIRECT_BOX5_VIEW (PD_NUM,PD_ID,B_U_ID,BID_DATE,BID_PRICE,DEAL_STATUS) values ('5','deli',null,null,null,'유찰');
Insert into COMFIT.DIRECT_BOX5_VIEW (PD_NUM,PD_ID,B_U_ID,BID_DATE,BID_PRICE,DEAL_STATUS) values ('6','deli',null,null,null,'유찰');
Insert into COMFIT.DIRECT_BOX5_VIEW (PD_NUM,PD_ID,B_U_ID,BID_DATE,BID_PRICE,DEAL_STATUS) values ('4','deli',null,null,null,'유찰');
Insert into COMFIT.DIRECT_BOX5_VIEW (PD_NUM,PD_ID,B_U_ID,BID_DATE,BID_PRICE,DEAL_STATUS) values ('12','deli','test36',to_date('2022-06-19','YYYY-MM-DD'),310000,'유찰');
Insert into COMFIT.DIRECT_BOX5_VIEW (PD_NUM,PD_ID,B_U_ID,BID_DATE,BID_PRICE,DEAL_STATUS) values ('15','deli','test1',to_date('2022-06-20','YYYY-MM-DD'),5500,'유찰');
Insert into COMFIT.DIRECT_BOX5_VIEW (PD_NUM,PD_ID,B_U_ID,BID_DATE,BID_PRICE,DEAL_STATUS) values ('1','deli','test3',to_date('2022-06-10','YYYY-MM-DD'),152000,'유찰');
Insert into COMFIT.DIRECT_BOX5_VIEW (PD_NUM,PD_ID,B_U_ID,BID_DATE,BID_PRICE,DEAL_STATUS) values ('1','deli','test2',to_date('2022-06-19','YYYY-MM-DD'),156000,'유찰');
Insert into COMFIT.DIRECT_BOX5_VIEW (PD_NUM,PD_ID,B_U_ID,BID_DATE,BID_PRICE,DEAL_STATUS) values ('11','deli','test1',to_date('2022-06-18','YYYY-MM-DD'),120000,'유찰');
Insert into COMFIT.DIRECT_BOX5_VIEW (PD_NUM,PD_ID,B_U_ID,BID_DATE,BID_PRICE,DEAL_STATUS) values ('20','deli','test33',to_date('2022-06-19','YYYY-MM-DD'),1029000,'낙찰');
Insert into COMFIT.DIRECT_BOX5_VIEW (PD_NUM,PD_ID,B_U_ID,BID_DATE,BID_PRICE,DEAL_STATUS) values ('12','deli','test45',to_date('2022-06-19','YYYY-MM-DD'),350000,'낙찰');
REM INSERTING into COMFIT.DIRECT_DEAL_VIEW
SET DEFINE OFF;
Insert into COMFIT.DIRECT_DEAL_VIEW (DIRE_PD_ID,PD_REGIT_DATE,PD_TITLE,DEAL_TYPE,U_ID,DEAL_STATUS,SELLER_CODE,BUYER_CODE,SELL_COMP_DATE_OK,BUY_COMP_DATE_OK,CATEGORY_NAME,PD_NAME,PD_MAKER_ID,PD_HOPEPRICE,PD_HOPE_PLACE,PD_HOPE_SDATE,PD_HOPE_STIME,B_U_ID,SUGGEST_PRICE,SUGGEST_TIME,SUGGEST_PLACE,BUY_COMP_DATE,SELL_COMP_DATE,"입찰상태") values ('7',to_date('2022-06-17','YYYY-MM-DD'),'RTX2070 싸게팜','직거래','test2','거래중',null,null,'n','n','그래픽카드','RTX2070','maker_19',1000000,'서울 마포구 독막로3길 13 (서교동)',to_date('2022-06-18','YYYY-MM-DD'),'16:00 PM','test33',30000,to_date('2022-06-21','YYYY-MM-DD'),'서울 마포구 합정동 55-1잔디밭',null,null,'유찰');
Insert into COMFIT.DIRECT_DEAL_VIEW (DIRE_PD_ID,PD_REGIT_DATE,PD_TITLE,DEAL_TYPE,U_ID,DEAL_STATUS,SELLER_CODE,BUYER_CODE,SELL_COMP_DATE_OK,BUY_COMP_DATE_OK,CATEGORY_NAME,PD_NAME,PD_MAKER_ID,PD_HOPEPRICE,PD_HOPE_PLACE,PD_HOPE_SDATE,PD_HOPE_STIME,B_U_ID,SUGGEST_PRICE,SUGGEST_TIME,SUGGEST_PLACE,BUY_COMP_DATE,SELL_COMP_DATE,"입찰상태") values ('42',to_date('2022-06-18','YYYY-MM-DD'),'이엠텍 gtx 1060 팔아요','직거래','test36','거래중','JM7C7M8Nnumkopsr','YOZ36GDYTAHATEGA','y','n','그래픽카드','민성 gtx1060','maker_16',0,'인천 계양구 새벌로112번길 12 (효성동, 현대4차아파트)',to_date('2022-06-18','YYYY-MM-DD'),'16:00 PM','test2',123123,to_date('2022-06-19','YYYY-MM-DD'),'인천 계양구 작전동 411ZZ',null,to_date('2022-06-18','YYYY-MM-DD'),'낙찰');
Insert into COMFIT.DIRECT_DEAL_VIEW (DIRE_PD_ID,PD_REGIT_DATE,PD_TITLE,DEAL_TYPE,U_ID,DEAL_STATUS,SELLER_CODE,BUYER_CODE,SELL_COMP_DATE_OK,BUY_COMP_DATE_OK,CATEGORY_NAME,PD_NAME,PD_MAKER_ID,PD_HOPEPRICE,PD_HOPE_PLACE,PD_HOPE_SDATE,PD_HOPE_STIME,B_U_ID,SUGGEST_PRICE,SUGGEST_TIME,SUGGEST_PLACE,BUY_COMP_DATE,SELL_COMP_DATE,"입찰상태") values ('42',to_date('2022-06-18','YYYY-MM-DD'),'이엠텍 gtx 1060 팔아요','직거래','test36','거래중',null,null,'n','n','그래픽카드','민성 gtx1060','maker_16',0,'인천 계양구 새벌로112번길 12 (효성동, 현대4차아파트)',to_date('2022-06-18','YYYY-MM-DD'),'16:00 PM','test2',200000,to_date('2022-06-19','YYYY-MM-DD'),'인천 청천공장',null,null,'유찰');
Insert into COMFIT.DIRECT_DEAL_VIEW (DIRE_PD_ID,PD_REGIT_DATE,PD_TITLE,DEAL_TYPE,U_ID,DEAL_STATUS,SELLER_CODE,BUYER_CODE,SELL_COMP_DATE_OK,BUY_COMP_DATE_OK,CATEGORY_NAME,PD_NAME,PD_MAKER_ID,PD_HOPEPRICE,PD_HOPE_PLACE,PD_HOPE_SDATE,PD_HOPE_STIME,B_U_ID,SUGGEST_PRICE,SUGGEST_TIME,SUGGEST_PLACE,BUY_COMP_DATE,SELL_COMP_DATE,"입찰상태") values ('1',to_date('2022-06-10','YYYY-MM-DD'),'NVIDIA 그래픽카드 개급처','직거래','test1','거래완료','def456','abc123','y','y','그래픽카드','GeForce RTX 3060 Ti','maker_3',1000000,'서울 도봉구 우이천로 50길 44',to_date('2022-06-17','YYYY-MM-DD'),'14:00','test2',950000,to_date('2022-06-12','YYYY-MM-DD'),'서울 도봉구 우이천로 50길 40우림슈퍼앞',to_date('2022-06-10','YYYY-MM-DD'),to_date('2022-06-10','YYYY-MM-DD'),'낙찰');
Insert into COMFIT.DIRECT_DEAL_VIEW (DIRE_PD_ID,PD_REGIT_DATE,PD_TITLE,DEAL_TYPE,U_ID,DEAL_STATUS,SELLER_CODE,BUYER_CODE,SELL_COMP_DATE_OK,BUY_COMP_DATE_OK,CATEGORY_NAME,PD_NAME,PD_MAKER_ID,PD_HOPEPRICE,PD_HOPE_PLACE,PD_HOPE_SDATE,PD_HOPE_STIME,B_U_ID,SUGGEST_PRICE,SUGGEST_TIME,SUGGEST_PLACE,BUY_COMP_DATE,SELL_COMP_DATE,"입찰상태") values ('16',to_date('2022-06-17','YYYY-MM-DD'),'삼성 램 4gb 팔아요!','직거래','test1','거래중',null,null,'n','n','RAM','램','maker_5',10000,'서울 마포구 독막로3길 13 (서교동)',to_date('2022-06-17','YYYY-MM-DD'),'16:00 PM','test33',8000,to_date('2022-06-19','YYYY-MM-DD'),'서울 마포구 합정동 55-1마포새빛문화숩 편의점 앞',null,null,'유찰');
Insert into COMFIT.DIRECT_DEAL_VIEW (DIRE_PD_ID,PD_REGIT_DATE,PD_TITLE,DEAL_TYPE,U_ID,DEAL_STATUS,SELLER_CODE,BUYER_CODE,SELL_COMP_DATE_OK,BUY_COMP_DATE_OK,CATEGORY_NAME,PD_NAME,PD_MAKER_ID,PD_HOPEPRICE,PD_HOPE_PLACE,PD_HOPE_SDATE,PD_HOPE_STIME,B_U_ID,SUGGEST_PRICE,SUGGEST_TIME,SUGGEST_PLACE,BUY_COMP_DATE,SELL_COMP_DATE,"입찰상태") values ('16',to_date('2022-06-17','YYYY-MM-DD'),'삼성 램 4gb 팔아요!','직거래','test1','거래중',null,null,'n','n','RAM','램','maker_5',10000,'서울 마포구 독막로3길 13 (서교동)',to_date('2022-06-17','YYYY-MM-DD'),'16:00 PM','test36',0,to_date('2022-06-17','YYYY-MM-DD'),'서울 마포구 합정동 404123',null,null,'유찰');
Insert into COMFIT.DIRECT_DEAL_VIEW (DIRE_PD_ID,PD_REGIT_DATE,PD_TITLE,DEAL_TYPE,U_ID,DEAL_STATUS,SELLER_CODE,BUYER_CODE,SELL_COMP_DATE_OK,BUY_COMP_DATE_OK,CATEGORY_NAME,PD_NAME,PD_MAKER_ID,PD_HOPEPRICE,PD_HOPE_PLACE,PD_HOPE_SDATE,PD_HOPE_STIME,B_U_ID,SUGGEST_PRICE,SUGGEST_TIME,SUGGEST_PLACE,BUY_COMP_DATE,SELL_COMP_DATE,"입찰상태") values ('44',to_date('2022-06-19','YYYY-MM-DD'),'삼성 m.2 ssd 1tb 970 쌔거 팝니다','직거래','test1','거래완료','PABIAM1Jdfxvpiap','8O0C149KZDRSAZQQ','y','y','SSD','삼성 m.2 ssd 1tb 970','maker_30',198000,'인천 계양구 경명대로 지하 1089 (계산동)',to_date('2022-06-20','YYYY-MM-DD'),'17:00 PM','test36',200000,to_date('2022-06-21','YYYY-MM-DD'),'인천 계양구 계산동 1079-1계양구청 입구',to_date('2022-06-19','YYYY-MM-DD'),to_date('2022-06-19','YYYY-MM-DD'),'낙찰');
Insert into COMFIT.DIRECT_DEAL_VIEW (DIRE_PD_ID,PD_REGIT_DATE,PD_TITLE,DEAL_TYPE,U_ID,DEAL_STATUS,SELLER_CODE,BUYER_CODE,SELL_COMP_DATE_OK,BUY_COMP_DATE_OK,CATEGORY_NAME,PD_NAME,PD_MAKER_ID,PD_HOPEPRICE,PD_HOPE_PLACE,PD_HOPE_SDATE,PD_HOPE_STIME,B_U_ID,SUGGEST_PRICE,SUGGEST_TIME,SUGGEST_PLACE,BUY_COMP_DATE,SELL_COMP_DATE,"입찰상태") values ('43',to_date('2022-06-19','YYYY-MM-DD'),'데이븐 카이저 케이스 급쳐 합니다.','직거래','test36','거래완료','YBXDUMGUdwcsbqbq','8AU3XNQBITDNBAAE','y','y','PC케이스','데이븐 pc 케이스','maker_50',30000,'인천 계양구 새벌로112번길 12 (효성동, 현대4차아파트)',to_date('2022-06-19','YYYY-MM-DD'),'18:00 PM','test1',30000,to_date('2022-06-24','YYYY-MM-DD'),'인천 계양구 작전동 878작전역 1번출구',to_date('2022-06-19','YYYY-MM-DD'),to_date('2022-06-19','YYYY-MM-DD'),'낙찰');
Insert into COMFIT.DIRECT_DEAL_VIEW (DIRE_PD_ID,PD_REGIT_DATE,PD_TITLE,DEAL_TYPE,U_ID,DEAL_STATUS,SELLER_CODE,BUYER_CODE,SELL_COMP_DATE_OK,BUY_COMP_DATE_OK,CATEGORY_NAME,PD_NAME,PD_MAKER_ID,PD_HOPEPRICE,PD_HOPE_PLACE,PD_HOPE_SDATE,PD_HOPE_STIME,B_U_ID,SUGGEST_PRICE,SUGGEST_TIME,SUGGEST_PLACE,BUY_COMP_DATE,SELL_COMP_DATE,"입찰상태") values ('45',to_date('2022-06-19','YYYY-MM-DD'),'fsp 파워 500w 새제품 팝니다','직거래','test45','거래완료','KLDAC4CZpnpajrhf','IEGRNXL4ATUNLSFX','y','y','파워서플라이','fsp 파워 500w','maker_59',159000,'인천 계양구 새벌로112번길 12 (효성동, 현대4차아파트)',to_date('2022-06-20','YYYY-MM-DD'),'18:00 PM','test1',140000,to_date('2022-06-21','YYYY-MM-DD'),'인천 계양구 작전동 878작전역 4번출구 앞',to_date('2022-06-19','YYYY-MM-DD'),to_date('2022-06-19','YYYY-MM-DD'),'낙찰');
Insert into COMFIT.DIRECT_DEAL_VIEW (DIRE_PD_ID,PD_REGIT_DATE,PD_TITLE,DEAL_TYPE,U_ID,DEAL_STATUS,SELLER_CODE,BUYER_CODE,SELL_COMP_DATE_OK,BUY_COMP_DATE_OK,CATEGORY_NAME,PD_NAME,PD_MAKER_ID,PD_HOPEPRICE,PD_HOPE_PLACE,PD_HOPE_SDATE,PD_HOPE_STIME,B_U_ID,SUGGEST_PRICE,SUGGEST_TIME,SUGGEST_PLACE,BUY_COMP_DATE,SELL_COMP_DATE,"입찰상태") values ('2',to_date('2022-06-17','YYYY-MM-DD'),'새거같은 레오폴드 키보드 판매','직거래','test2','거래중',null,null,'n','n','키보드','FC900R','maker_70',100000,'인천 송도 트리플스트리트',to_date('2022-06-18','YYYY-MM-DD'),'16:00','test2',855500,to_date('2022-06-18','YYYY-MM-DD'),'서울 도봉구 우이천로 39길 10우이성당 앞',null,null,'유찰');
Insert into COMFIT.DIRECT_DEAL_VIEW (DIRE_PD_ID,PD_REGIT_DATE,PD_TITLE,DEAL_TYPE,U_ID,DEAL_STATUS,SELLER_CODE,BUYER_CODE,SELL_COMP_DATE_OK,BUY_COMP_DATE_OK,CATEGORY_NAME,PD_NAME,PD_MAKER_ID,PD_HOPEPRICE,PD_HOPE_PLACE,PD_HOPE_SDATE,PD_HOPE_STIME,B_U_ID,SUGGEST_PRICE,SUGGEST_TIME,SUGGEST_PLACE,BUY_COMP_DATE,SELL_COMP_DATE,"입찰상태") values ('2',to_date('2022-06-17','YYYY-MM-DD'),'새거같은 레오폴드 키보드 판매','직거래','test2','거래중','WGJ5Z2ZZoksyoxbo','MZHU5MDYATHUCJBG','n','y','키보드','FC900R','maker_70',100000,'인천 송도 트리플스트리트',to_date('2022-06-18','YYYY-MM-DD'),'16:00','test1',3312,to_date('2022-06-20','YYYY-MM-DD'),'서울 강북구 수유동 240-3813123',to_date('2022-06-18','YYYY-MM-DD'),null,'낙찰');
Insert into COMFIT.DIRECT_DEAL_VIEW (DIRE_PD_ID,PD_REGIT_DATE,PD_TITLE,DEAL_TYPE,U_ID,DEAL_STATUS,SELLER_CODE,BUYER_CODE,SELL_COMP_DATE_OK,BUY_COMP_DATE_OK,CATEGORY_NAME,PD_NAME,PD_MAKER_ID,PD_HOPEPRICE,PD_HOPE_PLACE,PD_HOPE_SDATE,PD_HOPE_STIME,B_U_ID,SUGGEST_PRICE,SUGGEST_TIME,SUGGEST_PLACE,BUY_COMP_DATE,SELL_COMP_DATE,"입찰상태") values ('41',to_date('2022-06-18','YYYY-MM-DD'),'마닉 키보드 팔아요','직거래','test43','거래중','C0BKQGRZvhuyhpme','805RLDYGTUWXABZF','n','y','키보드','마이크로닉스 키보드','maker_62',35000,'경기 성남시 분당구 서판교로 32 (판교동)',to_date('2022-06-19','YYYY-MM-DD'),'14:00 PM','test2',30000,to_date('2022-06-21','YYYY-MM-DD'),'경기 성남시 분당구 판교동 584-1하이여',to_date('2022-06-18','YYYY-MM-DD'),null,'낙찰');
Insert into COMFIT.DIRECT_DEAL_VIEW (DIRE_PD_ID,PD_REGIT_DATE,PD_TITLE,DEAL_TYPE,U_ID,DEAL_STATUS,SELLER_CODE,BUYER_CODE,SELL_COMP_DATE_OK,BUY_COMP_DATE_OK,CATEGORY_NAME,PD_NAME,PD_MAKER_ID,PD_HOPEPRICE,PD_HOPE_PLACE,PD_HOPE_SDATE,PD_HOPE_STIME,B_U_ID,SUGGEST_PRICE,SUGGEST_TIME,SUGGEST_PLACE,BUY_COMP_DATE,SELL_COMP_DATE,"입찰상태") values ('10',to_date('2022-06-17','YYYY-MM-DD'),'G304 마우스 팝니다','직거래','test1','거래완료','6QUD7FDNgepqdajj','8Q3YLM36CZKZEEHL','y','y','마우스','G304','maker_71',25000,'서울 마포구 독막로3길 13 (서교동)',to_date('2022-06-18','YYYY-MM-DD'),'18:00 PM','test47',28000,to_date('2022-06-20','YYYY-MM-DD'),'서울 마포구 합정동 414합정역 근처',to_date('2022-06-19','YYYY-MM-DD'),to_date('2022-06-19','YYYY-MM-DD'),'낙찰');
Insert into COMFIT.DIRECT_DEAL_VIEW (DIRE_PD_ID,PD_REGIT_DATE,PD_TITLE,DEAL_TYPE,U_ID,DEAL_STATUS,SELLER_CODE,BUYER_CODE,SELL_COMP_DATE_OK,BUY_COMP_DATE_OK,CATEGORY_NAME,PD_NAME,PD_MAKER_ID,PD_HOPEPRICE,PD_HOPE_PLACE,PD_HOPE_SDATE,PD_HOPE_STIME,B_U_ID,SUGGEST_PRICE,SUGGEST_TIME,SUGGEST_PLACE,BUY_COMP_DATE,SELL_COMP_DATE,"입찰상태") values ('51',to_date('2022-06-20','YYYY-MM-DD'),'맥북 개싸게팜','직거래','test48','거래완료','CZECWW26oeijxabl','LNR5PJ7KTTQWELGY','y','y','노트북','macbook','maker_110',1200000,'서울 마포구 양화로 지하 160 (동교동)',to_date('2022-06-20','YYYY-MM-DD'),'14:00 PM','test1',1300000,to_date('2022-06-21','YYYY-MM-DD'),'서울 마포구 동교동 159-11홍대입구역 1번출구',to_date('2022-06-20','YYYY-MM-DD'),to_date('2022-06-20','YYYY-MM-DD'),'낙찰');
Insert into COMFIT.DIRECT_DEAL_VIEW (DIRE_PD_ID,PD_REGIT_DATE,PD_TITLE,DEAL_TYPE,U_ID,DEAL_STATUS,SELLER_CODE,BUYER_CODE,SELL_COMP_DATE_OK,BUY_COMP_DATE_OK,CATEGORY_NAME,PD_NAME,PD_MAKER_ID,PD_HOPEPRICE,PD_HOPE_PLACE,PD_HOPE_SDATE,PD_HOPE_STIME,B_U_ID,SUGGEST_PRICE,SUGGEST_TIME,SUGGEST_PLACE,BUY_COMP_DATE,SELL_COMP_DATE,"입찰상태") values ('49',to_date('2022-06-20','YYYY-MM-DD'),'노트북 팔아요','직거래','test2','거래완료','DT6ZIBBMvgdocosm','RAJY9R5IDVZYHRIA','y','y','노트북','노트북','maker_109',800000,'서울 마포구 독막로3길 13 (서교동)',to_date('2022-06-20','YYYY-MM-DD'),'15:00 PM','test1',800000,to_date('2022-06-24','YYYY-MM-DD'),'서울 마포구 동교동 155-6홍대입구 1번 출구',to_date('2022-06-20','YYYY-MM-DD'),to_date('2022-06-20','YYYY-MM-DD'),'낙찰');
REM INSERTING into COMFIT.DIRECT_PD_BANNED_VIEW
SET DEFINE OFF;
REM INSERTING into COMFIT.DIRECT_PD_USER_BANNED_VIEW
SET DEFINE OFF;
REM INSERTING into COMFIT.DIRECT_TRANS_BANNED_VIEW
SET DEFINE OFF;
REM INSERTING into COMFIT.DIRECT_TRANS_USER_BANNED_VIEW
SET DEFINE OFF;
REM INSERTING into COMFIT.DIRE_COMPLETE_VIEW
SET DEFINE OFF;
Insert into COMFIT.DIRE_COMPLETE_VIEW (SELECTED_ID,SELECTED_DATE,BUYER_CODE,SELLER_CODE,SUGGEST_CODE,COMPLETECOUNT) values ('sel_1',to_date('2022-06-10','YYYY-MM-DD'),'abc123','def456','suggest_1',2);
Insert into COMFIT.DIRE_COMPLETE_VIEW (SELECTED_ID,SELECTED_DATE,BUYER_CODE,SELLER_CODE,SUGGEST_CODE,COMPLETECOUNT) values ('sel_10',to_date('2022-06-19','YYYY-MM-DD'),'8AU3XNQBITDNBAAE','YBXDUMGUdwcsbqbq','suggest_14',2);
Insert into COMFIT.DIRE_COMPLETE_VIEW (SELECTED_ID,SELECTED_DATE,BUYER_CODE,SELLER_CODE,SUGGEST_CODE,COMPLETECOUNT) values ('sel_11',to_date('2022-06-19','YYYY-MM-DD'),'8O0C149KZDRSAZQQ','PABIAM1Jdfxvpiap','suggest_15',2);
Insert into COMFIT.DIRE_COMPLETE_VIEW (SELECTED_ID,SELECTED_DATE,BUYER_CODE,SELLER_CODE,SUGGEST_CODE,COMPLETECOUNT) values ('sel_12',to_date('2022-06-19','YYYY-MM-DD'),'IEGRNXL4ATUNLSFX','KLDAC4CZpnpajrhf','suggest_16',2);
Insert into COMFIT.DIRE_COMPLETE_VIEW (SELECTED_ID,SELECTED_DATE,BUYER_CODE,SELLER_CODE,SUGGEST_CODE,COMPLETECOUNT) values ('sel_13',to_date('2022-06-19','YYYY-MM-DD'),'8Q3YLM36CZKZEEHL','6QUD7FDNgepqdajj','suggest_19',2);
Insert into COMFIT.DIRE_COMPLETE_VIEW (SELECTED_ID,SELECTED_DATE,BUYER_CODE,SELLER_CODE,SUGGEST_CODE,COMPLETECOUNT) values ('sel_14',to_date('2022-06-20','YYYY-MM-DD'),'RAJY9R5IDVZYHRIA','DT6ZIBBMvgdocosm','suggest_20',2);
Insert into COMFIT.DIRE_COMPLETE_VIEW (SELECTED_ID,SELECTED_DATE,BUYER_CODE,SELLER_CODE,SUGGEST_CODE,COMPLETECOUNT) values ('sel_15',to_date('2022-06-20','YYYY-MM-DD'),'LNR5PJ7KTTQWELGY','CZECWW26oeijxabl','suggest_21',2);
REM INSERTING into COMFIT.DIRE_INMONEY_VIEW
SET DEFINE OFF;
Insert into COMFIT.DIRE_INMONEY_VIEW (U_ID,IN_MONEY) values ('test1',950000);
Insert into COMFIT.DIRE_INMONEY_VIEW (U_ID,IN_MONEY) values ('test36',30000);
Insert into COMFIT.DIRE_INMONEY_VIEW (U_ID,IN_MONEY) values ('test1',200000);
Insert into COMFIT.DIRE_INMONEY_VIEW (U_ID,IN_MONEY) values ('test1',28000);
Insert into COMFIT.DIRE_INMONEY_VIEW (U_ID,IN_MONEY) values ('test45',140000);
Insert into COMFIT.DIRE_INMONEY_VIEW (U_ID,IN_MONEY) values ('test2',800000);
Insert into COMFIT.DIRE_INMONEY_VIEW (U_ID,IN_MONEY) values ('test48',1300000);
REM INSERTING into COMFIT.DIRE_PD_COUNT_VIEW
SET DEFINE OFF;
Insert into COMFIT.DIRE_PD_COUNT_VIEW (DIRE_PD_ID,PD_TITLE,PD_REGIT_DATE,SELLER_ID,BUYER_ID,SUGGEST_PRICE,SUGGEST_TIME,SUGGEST_DATE,SELECTED_ID,SUGGEST_ADDR,SUGGESTCOUNT,SELECTEDCOUNT,SELLCOUNT,BUYCOUNT,COMPLETECOUNT) values ('dire_1','NVIDIA 그래픽카드 개급처',to_date('2022-06-10','YYYY-MM-DD'),'test1','test2',950000,to_date('2022-06-12','YYYY-MM-DD'),to_date('2022-06-10','YYYY-MM-DD'),'sel_1','서울 도봉구 우이천로 50길 40 우림슈퍼앞',1,1,1,1,2);
Insert into COMFIT.DIRE_PD_COUNT_VIEW (DIRE_PD_ID,PD_TITLE,PD_REGIT_DATE,SELLER_ID,BUYER_ID,SUGGEST_PRICE,SUGGEST_TIME,SUGGEST_DATE,SELECTED_ID,SUGGEST_ADDR,SUGGESTCOUNT,SELECTEDCOUNT,SELLCOUNT,BUYCOUNT,COMPLETECOUNT) values ('dire_2','새거같은 레오폴드 키보드 판매',to_date('2022-06-17','YYYY-MM-DD'),'test2','test1',3312,to_date('2022-06-20','YYYY-MM-DD'),to_date('2022-06-17','YYYY-MM-DD'),'sel_6','서울 강북구 수유동 240-38 13123',2,1,0,1,1);
Insert into COMFIT.DIRE_PD_COUNT_VIEW (DIRE_PD_ID,PD_TITLE,PD_REGIT_DATE,SELLER_ID,BUYER_ID,SUGGEST_PRICE,SUGGEST_TIME,SUGGEST_DATE,SELECTED_ID,SUGGEST_ADDR,SUGGESTCOUNT,SELECTEDCOUNT,SELLCOUNT,BUYCOUNT,COMPLETECOUNT) values ('dire_41','마닉 키보드 팔아요',to_date('2022-06-18','YYYY-MM-DD'),'test43','test2',30000,to_date('2022-06-21','YYYY-MM-DD'),to_date('2022-06-18','YYYY-MM-DD'),'sel_9','경기 성남시 분당구 판교동 584-1 하이여',1,1,0,1,1);
Insert into COMFIT.DIRE_PD_COUNT_VIEW (DIRE_PD_ID,PD_TITLE,PD_REGIT_DATE,SELLER_ID,BUYER_ID,SUGGEST_PRICE,SUGGEST_TIME,SUGGEST_DATE,SELECTED_ID,SUGGEST_ADDR,SUGGESTCOUNT,SELECTEDCOUNT,SELLCOUNT,BUYCOUNT,COMPLETECOUNT) values ('dire_44','삼성 m.2 ssd 1tb 970 쌔거 팝니다',to_date('2022-06-19','YYYY-MM-DD'),'test1','test36',200000,to_date('2022-06-21','YYYY-MM-DD'),to_date('2022-06-19','YYYY-MM-DD'),'sel_11','인천 계양구 계산동 1079-1 계양구청 입구',1,1,1,1,2);
Insert into COMFIT.DIRE_PD_COUNT_VIEW (DIRE_PD_ID,PD_TITLE,PD_REGIT_DATE,SELLER_ID,BUYER_ID,SUGGEST_PRICE,SUGGEST_TIME,SUGGEST_DATE,SELECTED_ID,SUGGEST_ADDR,SUGGESTCOUNT,SELECTEDCOUNT,SELLCOUNT,BUYCOUNT,COMPLETECOUNT) values ('dire_43','데이븐 카이저 케이스 급쳐 합니다.',to_date('2022-06-19','YYYY-MM-DD'),'test36','test1',30000,to_date('2022-06-24','YYYY-MM-DD'),to_date('2022-06-19','YYYY-MM-DD'),'sel_10','인천 계양구 작전동 878 작전역 1번출구',1,1,1,1,2);
Insert into COMFIT.DIRE_PD_COUNT_VIEW (DIRE_PD_ID,PD_TITLE,PD_REGIT_DATE,SELLER_ID,BUYER_ID,SUGGEST_PRICE,SUGGEST_TIME,SUGGEST_DATE,SELECTED_ID,SUGGEST_ADDR,SUGGESTCOUNT,SELECTEDCOUNT,SELLCOUNT,BUYCOUNT,COMPLETECOUNT) values ('dire_45','fsp 파워 500w 새제품 팝니다',to_date('2022-06-19','YYYY-MM-DD'),'test45','test1',140000,to_date('2022-06-21','YYYY-MM-DD'),to_date('2022-06-19','YYYY-MM-DD'),'sel_12','인천 계양구 작전동 878 작전역 4번출구 앞',1,1,1,1,2);
Insert into COMFIT.DIRE_PD_COUNT_VIEW (DIRE_PD_ID,PD_TITLE,PD_REGIT_DATE,SELLER_ID,BUYER_ID,SUGGEST_PRICE,SUGGEST_TIME,SUGGEST_DATE,SELECTED_ID,SUGGEST_ADDR,SUGGESTCOUNT,SELECTEDCOUNT,SELLCOUNT,BUYCOUNT,COMPLETECOUNT) values ('dire_10','G304 마우스 팝니다',to_date('2022-06-17','YYYY-MM-DD'),'test1','test47',28000,to_date('2022-06-20','YYYY-MM-DD'),to_date('2022-06-19','YYYY-MM-DD'),'sel_13','서울 마포구 합정동 414 합정역 근처',1,1,1,1,2);
Insert into COMFIT.DIRE_PD_COUNT_VIEW (DIRE_PD_ID,PD_TITLE,PD_REGIT_DATE,SELLER_ID,BUYER_ID,SUGGEST_PRICE,SUGGEST_TIME,SUGGEST_DATE,SELECTED_ID,SUGGEST_ADDR,SUGGESTCOUNT,SELECTEDCOUNT,SELLCOUNT,BUYCOUNT,COMPLETECOUNT) values ('dire_49','노트북 팔아요',to_date('2022-06-20','YYYY-MM-DD'),'test2','test1',800000,to_date('2022-06-24','YYYY-MM-DD'),to_date('2022-06-20','YYYY-MM-DD'),'sel_14','서울 마포구 동교동 155-6 홍대입구 1번 출구',1,1,1,1,2);
Insert into COMFIT.DIRE_PD_COUNT_VIEW (DIRE_PD_ID,PD_TITLE,PD_REGIT_DATE,SELLER_ID,BUYER_ID,SUGGEST_PRICE,SUGGEST_TIME,SUGGEST_DATE,SELECTED_ID,SUGGEST_ADDR,SUGGESTCOUNT,SELECTEDCOUNT,SELLCOUNT,BUYCOUNT,COMPLETECOUNT) values ('dire_51','맥북 개싸게팜',to_date('2022-06-20','YYYY-MM-DD'),'test48','test1',1300000,to_date('2022-06-21','YYYY-MM-DD'),to_date('2022-06-20','YYYY-MM-DD'),'sel_15','서울 마포구 동교동 159-11 홍대입구역 1번출구',1,1,1,1,2);
Insert into COMFIT.DIRE_PD_COUNT_VIEW (DIRE_PD_ID,PD_TITLE,PD_REGIT_DATE,SELLER_ID,BUYER_ID,SUGGEST_PRICE,SUGGEST_TIME,SUGGEST_DATE,SELECTED_ID,SUGGEST_ADDR,SUGGESTCOUNT,SELECTEDCOUNT,SELLCOUNT,BUYCOUNT,COMPLETECOUNT) values ('dire_50','모니터 팝니다',to_date('2022-06-20','YYYY-MM-DD'),'test37',null,null,null,null,null,' ',0,0,0,0,0);
Insert into COMFIT.DIRE_PD_COUNT_VIEW (DIRE_PD_ID,PD_TITLE,PD_REGIT_DATE,SELLER_ID,BUYER_ID,SUGGEST_PRICE,SUGGEST_TIME,SUGGEST_DATE,SELECTED_ID,SUGGEST_ADDR,SUGGESTCOUNT,SELECTEDCOUNT,SELLCOUNT,BUYCOUNT,COMPLETECOUNT) values ('dire_5','RTX2070 싸게팜',to_date('2022-06-17','YYYY-MM-DD'),'test2',null,null,null,null,null,' ',0,0,0,0,0);
Insert into COMFIT.DIRE_PD_COUNT_VIEW (DIRE_PD_ID,PD_TITLE,PD_REGIT_DATE,SELLER_ID,BUYER_ID,SUGGEST_PRICE,SUGGEST_TIME,SUGGEST_DATE,SELECTED_ID,SUGGEST_ADDR,SUGGESTCOUNT,SELECTEDCOUNT,SELLCOUNT,BUYCOUNT,COMPLETECOUNT) values ('dire_34','이엠텍 gtx 1060 팔아요',to_date('2022-06-17','YYYY-MM-DD'),'test36',null,null,null,null,null,' ',0,0,0,0,0);
Insert into COMFIT.DIRE_PD_COUNT_VIEW (DIRE_PD_ID,PD_TITLE,PD_REGIT_DATE,SELLER_ID,BUYER_ID,SUGGEST_PRICE,SUGGEST_TIME,SUGGEST_DATE,SELECTED_ID,SUGGEST_ADDR,SUGGESTCOUNT,SELECTEDCOUNT,SELLCOUNT,BUYCOUNT,COMPLETECOUNT) values ('dire_17','노트북 싸게팝니다',to_date('2022-06-17','YYYY-MM-DD'),'test1',null,null,null,null,null,' ',0,0,0,0,0);
Insert into COMFIT.DIRE_PD_COUNT_VIEW (DIRE_PD_ID,PD_TITLE,PD_REGIT_DATE,SELLER_ID,BUYER_ID,SUGGEST_PRICE,SUGGEST_TIME,SUGGEST_DATE,SELECTED_ID,SUGGEST_ADDR,SUGGESTCOUNT,SELECTEDCOUNT,SELLCOUNT,BUYCOUNT,COMPLETECOUNT) values ('dire_16','삼성 램 4gb 팔아요!',to_date('2022-06-17','YYYY-MM-DD'),'test1','test36',0,to_date('2022-06-17','YYYY-MM-DD'),to_date('2022-06-18','YYYY-MM-DD'),null,'서울 마포구 합정동 404 123',2,0,0,0,0);
Insert into COMFIT.DIRE_PD_COUNT_VIEW (DIRE_PD_ID,PD_TITLE,PD_REGIT_DATE,SELLER_ID,BUYER_ID,SUGGEST_PRICE,SUGGEST_TIME,SUGGEST_DATE,SELECTED_ID,SUGGEST_ADDR,SUGGESTCOUNT,SELECTEDCOUNT,SELLCOUNT,BUYCOUNT,COMPLETECOUNT) values ('dire_42','이엠텍 gtx 1060 팔아요',to_date('2022-06-18','YYYY-MM-DD'),'test36','test2',200000,to_date('2022-06-19','YYYY-MM-DD'),to_date('2022-06-18','YYYY-MM-DD'),null,'인천 청천 공장',2,0,0,0,0);
Insert into COMFIT.DIRE_PD_COUNT_VIEW (DIRE_PD_ID,PD_TITLE,PD_REGIT_DATE,SELLER_ID,BUYER_ID,SUGGEST_PRICE,SUGGEST_TIME,SUGGEST_DATE,SELECTED_ID,SUGGEST_ADDR,SUGGESTCOUNT,SELECTEDCOUNT,SELLCOUNT,BUYCOUNT,COMPLETECOUNT) values ('dire_7','RTX2070 싸게팜',to_date('2022-06-17','YYYY-MM-DD'),'test2','test33',30000,to_date('2022-06-21','YYYY-MM-DD'),to_date('2022-06-19','YYYY-MM-DD'),null,'서울 마포구 합정동 55-1 잔디밭',1,0,0,0,0);
Insert into COMFIT.DIRE_PD_COUNT_VIEW (DIRE_PD_ID,PD_TITLE,PD_REGIT_DATE,SELLER_ID,BUYER_ID,SUGGEST_PRICE,SUGGEST_TIME,SUGGEST_DATE,SELECTED_ID,SUGGEST_ADDR,SUGGESTCOUNT,SELECTEDCOUNT,SELLCOUNT,BUYCOUNT,COMPLETECOUNT) values ('dire_2','새거같은 레오폴드 키보드 판매',to_date('2022-06-17','YYYY-MM-DD'),'test2','test2',855500,to_date('2022-06-18','YYYY-MM-DD'),to_date('2022-06-17','YYYY-MM-DD'),null,'서울 도봉구 우이천로 39길 10 우이성당 앞',2,0,0,0,0);
Insert into COMFIT.DIRE_PD_COUNT_VIEW (DIRE_PD_ID,PD_TITLE,PD_REGIT_DATE,SELLER_ID,BUYER_ID,SUGGEST_PRICE,SUGGEST_TIME,SUGGEST_DATE,SELECTED_ID,SUGGEST_ADDR,SUGGESTCOUNT,SELECTEDCOUNT,SELLCOUNT,BUYCOUNT,COMPLETECOUNT) values ('dire_16','삼성 램 4gb 팔아요!',to_date('2022-06-17','YYYY-MM-DD'),'test1','test33',8000,to_date('2022-06-19','YYYY-MM-DD'),to_date('2022-06-19','YYYY-MM-DD'),null,'서울 마포구 합정동 55-1 마포새빛문화숩 편의점 앞',2,0,0,0,0);
Insert into COMFIT.DIRE_PD_COUNT_VIEW (DIRE_PD_ID,PD_TITLE,PD_REGIT_DATE,SELLER_ID,BUYER_ID,SUGGEST_PRICE,SUGGEST_TIME,SUGGEST_DATE,SELECTED_ID,SUGGEST_ADDR,SUGGESTCOUNT,SELECTEDCOUNT,SELLCOUNT,BUYCOUNT,COMPLETECOUNT) values ('dire_42','이엠텍 gtx 1060 팔아요',to_date('2022-06-18','YYYY-MM-DD'),'test36','test2',123123,to_date('2022-06-19','YYYY-MM-DD'),to_date('2022-06-18','YYYY-MM-DD'),'sel_8','인천 계양구 작전동 411 ZZ',2,1,1,0,1);
REM INSERTING into COMFIT.DIRE_PD_LIST_REALVIEW
SET DEFINE OFF;
Insert into COMFIT.DIRE_PD_LIST_REALVIEW (PD_ID,PD_TITLE,PD_NAME,PD_PHOTO,PD_AS_REMAIN,PD_HITCOUNT,PRICE,PD_HOPE_SDATE,PD_HOPE_EDATE,PD_HOPE_STIME,PD_HOPE_ETIME,PD_HOPE_PLACE,PD_REGIT_DATE,PD_MAKER_ID,PD_AS_ID,PD_AS_NAME,CATEGORY_NAME,SELLER,U_NICKNAME,MAKER_NAME,MAKER_NAME2,CF_PRICE,COMMENTS,PROFILE) values ('dire_7','RTX2070 싸게팜','RTX2070','RTX2070.jpg','2025-03',0,1000000,to_date('2022-06-18','YYYY-MM-DD'),to_date('2022-06-21','YYYY-MM-DD'),'16:00 PM','19:00 PM','서울 마포구 독막로3길 13 (서교동)',to_date('2022-06-17','YYYY-MM-DD'),'maker_19',2,'무상가능','그래픽카드','test2','민성킴의활약','갤럭시','galaxy',1029000,'ㅍㅍ','내프로필.jpg');
Insert into COMFIT.DIRE_PD_LIST_REALVIEW (PD_ID,PD_TITLE,PD_NAME,PD_PHOTO,PD_AS_REMAIN,PD_HITCOUNT,PRICE,PD_HOPE_SDATE,PD_HOPE_EDATE,PD_HOPE_STIME,PD_HOPE_ETIME,PD_HOPE_PLACE,PD_REGIT_DATE,PD_MAKER_ID,PD_AS_ID,PD_AS_NAME,CATEGORY_NAME,SELLER,U_NICKNAME,MAKER_NAME,MAKER_NAME2,CF_PRICE,COMMENTS,PROFILE) values ('dire_5','RTX2070 싸게팜','RTX2070','RTX2070.jpg','2025-03',0,1000000,to_date('2022-06-18','YYYY-MM-DD'),to_date('2022-06-21','YYYY-MM-DD'),'16:00 PM','19:00 PM','서울 마포구 독막로3길 17 (서교동)',to_date('2022-06-17','YYYY-MM-DD'),'maker_19',2,'무상가능','그래픽카드','test2','민성킴의활약','갤럭시','galaxy',1029000,'싸게팜','내프로필.jpg');
Insert into COMFIT.DIRE_PD_LIST_REALVIEW (PD_ID,PD_TITLE,PD_NAME,PD_PHOTO,PD_AS_REMAIN,PD_HITCOUNT,PRICE,PD_HOPE_SDATE,PD_HOPE_EDATE,PD_HOPE_STIME,PD_HOPE_ETIME,PD_HOPE_PLACE,PD_REGIT_DATE,PD_MAKER_ID,PD_AS_ID,PD_AS_NAME,CATEGORY_NAME,SELLER,U_NICKNAME,MAKER_NAME,MAKER_NAME2,CF_PRICE,COMMENTS,PROFILE) values ('dire_34','이엠텍 gtx 1060 팔아요','gtx 1060','gtx 1060.jpg','none',0,222222,to_date('2022-06-17','YYYY-MM-DD'),to_date('2022-06-19','YYYY-MM-DD'),'21:00 PM','22:00 PM','경남 창원시 성산구 창원대로 442 (대원동)',to_date('2022-06-17','YYYY-MM-DD'),'maker_16',3,'불가능','그래픽카드','test36','김깐득2','이엠텍','EMTEK ',112000,'ㄴ','970282641.jpg');
Insert into COMFIT.DIRE_PD_LIST_REALVIEW (PD_ID,PD_TITLE,PD_NAME,PD_PHOTO,PD_AS_REMAIN,PD_HITCOUNT,PRICE,PD_HOPE_SDATE,PD_HOPE_EDATE,PD_HOPE_STIME,PD_HOPE_ETIME,PD_HOPE_PLACE,PD_REGIT_DATE,PD_MAKER_ID,PD_AS_ID,PD_AS_NAME,CATEGORY_NAME,SELLER,U_NICKNAME,MAKER_NAME,MAKER_NAME2,CF_PRICE,COMMENTS,PROFILE) values ('dire_42','이엠텍 gtx 1060 팔아요','민성 gtx1060','gtx 1060.jpg','none',0,0,to_date('2022-06-18','YYYY-MM-DD'),to_date('2022-06-19','YYYY-MM-DD'),'16:00 PM','22:00 PM','인천 계양구 새벌로112번길 12 (효성동, 현대4차아파트)',to_date('2022-06-18','YYYY-MM-DD'),'maker_16',3,'불가능','그래픽카드','test36','김깐득2','이엠텍','EMTEK ',112000,'123','970282641.jpg');
Insert into COMFIT.DIRE_PD_LIST_REALVIEW (PD_ID,PD_TITLE,PD_NAME,PD_PHOTO,PD_AS_REMAIN,PD_HITCOUNT,PRICE,PD_HOPE_SDATE,PD_HOPE_EDATE,PD_HOPE_STIME,PD_HOPE_ETIME,PD_HOPE_PLACE,PD_REGIT_DATE,PD_MAKER_ID,PD_AS_ID,PD_AS_NAME,CATEGORY_NAME,SELLER,U_NICKNAME,MAKER_NAME,MAKER_NAME2,CF_PRICE,COMMENTS,PROFILE) values ('dire_1','NVIDIA 그래픽카드 개급처','GeForce RTX 3060 Ti','rtx 3060.jpg','6개월',0,1000000,to_date('2022-06-17','YYYY-MM-DD'),to_date('2022-06-20','YYYY-MM-DD'),'14:00','17:00','서울 도봉구 우이천로 50길 44',to_date('2022-06-10','YYYY-MM-DD'),'maker_3',2,'무상가능','그래픽카드','test1','삭이오','엔비디아','NVIDIA',0,'특이사항 없음','KakaoTalk_20220620_120047826.jpg');
Insert into COMFIT.DIRE_PD_LIST_REALVIEW (PD_ID,PD_TITLE,PD_NAME,PD_PHOTO,PD_AS_REMAIN,PD_HITCOUNT,PRICE,PD_HOPE_SDATE,PD_HOPE_EDATE,PD_HOPE_STIME,PD_HOPE_ETIME,PD_HOPE_PLACE,PD_REGIT_DATE,PD_MAKER_ID,PD_AS_ID,PD_AS_NAME,CATEGORY_NAME,SELLER,U_NICKNAME,MAKER_NAME,MAKER_NAME2,CF_PRICE,COMMENTS,PROFILE) values ('dire_16','삼성 램 4gb 팔아요!','램','램.jpg','none',0,10000,to_date('2022-06-17','YYYY-MM-DD'),to_date('2022-06-19','YYYY-MM-DD'),'16:00 PM','20:00 PM','서울 마포구 독막로3길 13 (서교동)',to_date('2022-06-17','YYYY-MM-DD'),'maker_5',3,'불가능','RAM','test1','삭이오','삼성전자','SAMSUNG',51000,'123','KakaoTalk_20220620_120047826.jpg');
Insert into COMFIT.DIRE_PD_LIST_REALVIEW (PD_ID,PD_TITLE,PD_NAME,PD_PHOTO,PD_AS_REMAIN,PD_HITCOUNT,PRICE,PD_HOPE_SDATE,PD_HOPE_EDATE,PD_HOPE_STIME,PD_HOPE_ETIME,PD_HOPE_PLACE,PD_REGIT_DATE,PD_MAKER_ID,PD_AS_ID,PD_AS_NAME,CATEGORY_NAME,SELLER,U_NICKNAME,MAKER_NAME,MAKER_NAME2,CF_PRICE,COMMENTS,PROFILE) values ('dire_44','삼성 m.2 ssd 1tb 970 쌔거 팝니다','삼성 m.2 ssd 1tb 970','14266774952.20200629164635.jpg','2023-03',0,198000,to_date('2022-06-20','YYYY-MM-DD'),to_date('2022-06-24','YYYY-MM-DD'),'17:00 PM','21:00 PM','인천 계양구 경명대로 지하 1089 (계산동)',to_date('2022-06-19','YYYY-MM-DD'),'maker_30',1,'유상가능','SSD','test1','삭이오','삼성전자','SAMSUNG',198000,'쌔거임','KakaoTalk_20220620_120047826.jpg');
Insert into COMFIT.DIRE_PD_LIST_REALVIEW (PD_ID,PD_TITLE,PD_NAME,PD_PHOTO,PD_AS_REMAIN,PD_HITCOUNT,PRICE,PD_HOPE_SDATE,PD_HOPE_EDATE,PD_HOPE_STIME,PD_HOPE_ETIME,PD_HOPE_PLACE,PD_REGIT_DATE,PD_MAKER_ID,PD_AS_ID,PD_AS_NAME,CATEGORY_NAME,SELLER,U_NICKNAME,MAKER_NAME,MAKER_NAME2,CF_PRICE,COMMENTS,PROFILE) values ('dire_43','데이븐 카이저 케이스 급쳐 합니다.','데이븐 pc 케이스','데이븐케이스.jpg','none',0,30000,to_date('2022-06-19','YYYY-MM-DD'),to_date('2022-06-24','YYYY-MM-DD'),'18:00 PM','20:00 PM','인천 계양구 새벌로112번길 12 (효성동, 현대4차아파트)',to_date('2022-06-19','YYYY-MM-DD'),'maker_50',3,'불가능','PC케이스','test36','김깐득2','데이븐','DAVEN',27000,'깔끔합니다','970282641.jpg');
Insert into COMFIT.DIRE_PD_LIST_REALVIEW (PD_ID,PD_TITLE,PD_NAME,PD_PHOTO,PD_AS_REMAIN,PD_HITCOUNT,PRICE,PD_HOPE_SDATE,PD_HOPE_EDATE,PD_HOPE_STIME,PD_HOPE_ETIME,PD_HOPE_PLACE,PD_REGIT_DATE,PD_MAKER_ID,PD_AS_ID,PD_AS_NAME,CATEGORY_NAME,SELLER,U_NICKNAME,MAKER_NAME,MAKER_NAME2,CF_PRICE,COMMENTS,PROFILE) values ('dire_45','fsp 파워 500w 새제품 팝니다','fsp 파워 500w','파워.jpg','none',0,159000,to_date('2022-06-20','YYYY-MM-DD'),to_date('2022-06-24','YYYY-MM-DD'),'18:00 PM','21:00 PM','인천 계양구 새벌로112번길 12 (효성동, 현대4차아파트)',to_date('2022-06-19','YYYY-MM-DD'),'maker_59',3,'불가능','파워서플라이','test45','김끄끄','FSP','에프에스피',159000,'ㅎㅎ','내프로필1.jpg');
Insert into COMFIT.DIRE_PD_LIST_REALVIEW (PD_ID,PD_TITLE,PD_NAME,PD_PHOTO,PD_AS_REMAIN,PD_HITCOUNT,PRICE,PD_HOPE_SDATE,PD_HOPE_EDATE,PD_HOPE_STIME,PD_HOPE_ETIME,PD_HOPE_PLACE,PD_REGIT_DATE,PD_MAKER_ID,PD_AS_ID,PD_AS_NAME,CATEGORY_NAME,SELLER,U_NICKNAME,MAKER_NAME,MAKER_NAME2,CF_PRICE,COMMENTS,PROFILE) values ('dire_2','새거같은 레오폴드 키보드 판매','FC900R','FC900R.jpg','2개월',0,100000,to_date('2022-06-18','YYYY-MM-DD'),to_date('2022-06-20','YYYY-MM-DD'),'16:00','17:00','인천 송도 트리플스트리트',to_date('2022-06-17','YYYY-MM-DD'),'maker_70',2,'무상가능','키보드','test2','민성킴의활약','레오폴드','leopold',0,'연습용','내프로필.jpg');
Insert into COMFIT.DIRE_PD_LIST_REALVIEW (PD_ID,PD_TITLE,PD_NAME,PD_PHOTO,PD_AS_REMAIN,PD_HITCOUNT,PRICE,PD_HOPE_SDATE,PD_HOPE_EDATE,PD_HOPE_STIME,PD_HOPE_ETIME,PD_HOPE_PLACE,PD_REGIT_DATE,PD_MAKER_ID,PD_AS_ID,PD_AS_NAME,CATEGORY_NAME,SELLER,U_NICKNAME,MAKER_NAME,MAKER_NAME2,CF_PRICE,COMMENTS,PROFILE) values ('dire_41','마닉 키보드 팔아요','마이크로닉스 키보드','20612627710.20191022173313.jpg','2023-03',0,35000,to_date('2022-06-19','YYYY-MM-DD'),to_date('2022-06-22','YYYY-MM-DD'),'14:00 PM','19:00 PM','경기 성남시 분당구 서판교로 32 (판교동)',to_date('2022-06-18','YYYY-MM-DD'),'maker_62',1,'유상가능','키보드','test43','csh','마이크로닉스','micronics',36000,'ㅍㅍ','defaultprofil.jpg');
Insert into COMFIT.DIRE_PD_LIST_REALVIEW (PD_ID,PD_TITLE,PD_NAME,PD_PHOTO,PD_AS_REMAIN,PD_HITCOUNT,PRICE,PD_HOPE_SDATE,PD_HOPE_EDATE,PD_HOPE_STIME,PD_HOPE_ETIME,PD_HOPE_PLACE,PD_REGIT_DATE,PD_MAKER_ID,PD_AS_ID,PD_AS_NAME,CATEGORY_NAME,SELLER,U_NICKNAME,MAKER_NAME,MAKER_NAME2,CF_PRICE,COMMENTS,PROFILE) values ('dire_10','G304 마우스 팝니다','G304','g304.jpg','2023-04',0,25000,to_date('2022-06-18','YYYY-MM-DD'),to_date('2022-06-20','YYYY-MM-DD'),'18:00 PM','19:00 PM','서울 마포구 독막로3길 13 (서교동)',to_date('2022-06-17','YYYY-MM-DD'),'maker_71',2,'무상가능','마우스','test1','삭이오','로지텍','logitech',26000,'ㅍㅍ','KakaoTalk_20220620_120047826.jpg');
Insert into COMFIT.DIRE_PD_LIST_REALVIEW (PD_ID,PD_TITLE,PD_NAME,PD_PHOTO,PD_AS_REMAIN,PD_HITCOUNT,PRICE,PD_HOPE_SDATE,PD_HOPE_EDATE,PD_HOPE_STIME,PD_HOPE_ETIME,PD_HOPE_PLACE,PD_REGIT_DATE,PD_MAKER_ID,PD_AS_ID,PD_AS_NAME,CATEGORY_NAME,SELLER,U_NICKNAME,MAKER_NAME,MAKER_NAME2,CF_PRICE,COMMENTS,PROFILE) values ('dire_50','모니터 팝니다','모니터','apple-touch-icon.png','2022-08',0,200000,to_date('2022-06-20','YYYY-MM-DD'),to_date('2022-06-25','YYYY-MM-DD'),'10:00 AM','23:00 PM','서울 마포구 독막로3길 13 (서교동)',to_date('2022-06-20','YYYY-MM-DD'),'maker_78',2,'무상가능','모니터','test37','이연주2','삼성전자','SAMSUNG',180000,'없어용','defaultprofil.jpg');
Insert into COMFIT.DIRE_PD_LIST_REALVIEW (PD_ID,PD_TITLE,PD_NAME,PD_PHOTO,PD_AS_REMAIN,PD_HITCOUNT,PRICE,PD_HOPE_SDATE,PD_HOPE_EDATE,PD_HOPE_STIME,PD_HOPE_ETIME,PD_HOPE_PLACE,PD_REGIT_DATE,PD_MAKER_ID,PD_AS_ID,PD_AS_NAME,CATEGORY_NAME,SELLER,U_NICKNAME,MAKER_NAME,MAKER_NAME2,CF_PRICE,COMMENTS,PROFILE) values ('dire_17','노트북 싸게팝니다','lg','노트북.jpg','none',0,687000,to_date('2022-06-19','YYYY-MM-DD'),to_date('2022-06-22','YYYY-MM-DD'),'8:00 AM','21:00 PM','서울 마포구 양화로 지하 160 (동교동)',to_date('2022-06-17','YYYY-MM-DD'),'maker_112',3,'불가능','노트북','test1','삭이오','LG전자','LGE',687000,'노트북','KakaoTalk_20220620_120047826.jpg');
Insert into COMFIT.DIRE_PD_LIST_REALVIEW (PD_ID,PD_TITLE,PD_NAME,PD_PHOTO,PD_AS_REMAIN,PD_HITCOUNT,PRICE,PD_HOPE_SDATE,PD_HOPE_EDATE,PD_HOPE_STIME,PD_HOPE_ETIME,PD_HOPE_PLACE,PD_REGIT_DATE,PD_MAKER_ID,PD_AS_ID,PD_AS_NAME,CATEGORY_NAME,SELLER,U_NICKNAME,MAKER_NAME,MAKER_NAME2,CF_PRICE,COMMENTS,PROFILE) values ('dire_51','맥북 개싸게팜','macbook','macbook2.jpeg','none',0,1200000,to_date('2022-06-20','YYYY-MM-DD'),to_date('2022-06-23','YYYY-MM-DD'),'14:00 PM','19:00 PM','서울 마포구 양화로 지하 160 (동교동)',to_date('2022-06-20','YYYY-MM-DD'),'maker_110',3,'불가능','노트북','test48','이삭삭','APPLE','애플 ',1346000,'급처','defaultprofil.jpg');
Insert into COMFIT.DIRE_PD_LIST_REALVIEW (PD_ID,PD_TITLE,PD_NAME,PD_PHOTO,PD_AS_REMAIN,PD_HITCOUNT,PRICE,PD_HOPE_SDATE,PD_HOPE_EDATE,PD_HOPE_STIME,PD_HOPE_ETIME,PD_HOPE_PLACE,PD_REGIT_DATE,PD_MAKER_ID,PD_AS_ID,PD_AS_NAME,CATEGORY_NAME,SELLER,U_NICKNAME,MAKER_NAME,MAKER_NAME2,CF_PRICE,COMMENTS,PROFILE) values ('dire_49','노트북 팔아요','노트북','31302646618.202203141855182.jpg','none',0,800000,to_date('2022-06-20','YYYY-MM-DD'),to_date('2022-06-24','YYYY-MM-DD'),'15:00 PM','21:00 PM','서울 마포구 독막로3길 13 (서교동)',to_date('2022-06-20','YYYY-MM-DD'),'maker_109',3,'불가능','노트북','test2','민성킴의활약','삼성전자','SAMSUNG',792000,'`12','내프로필.jpg');
REM INSERTING into COMFIT.DIRE_PD_NEAR_VIEW
SET DEFINE OFF;
Insert into COMFIT.DIRE_PD_NEAR_VIEW (PD_ID,PD_NAME,PRICE,LAT,LON,PD_PHOTO,PD_TITLE) values ('dire_17','lg',687000,37.5568904093718,126.923674307594,'노트북.jpg','노트북 싸게팝니다');
Insert into COMFIT.DIRE_PD_NEAR_VIEW (PD_ID,PD_NAME,PRICE,LAT,LON,PD_PHOTO,PD_TITLE) values ('dire_10','G304',25000,37.5490138703904,126.916590603184,'g304.jpg','G304 마우스 팝니다');
Insert into COMFIT.DIRE_PD_NEAR_VIEW (PD_ID,PD_NAME,PRICE,LAT,LON,PD_PHOTO,PD_TITLE) values ('dire_44','삼성 m.2 ssd 1tb 970',198000,37.5432900176718,126.728080590524,'14266774952.20200629164635.jpg','삼성 m.2 ssd 1tb 970 쌔거 팝니다');
Insert into COMFIT.DIRE_PD_NEAR_VIEW (PD_ID,PD_NAME,PRICE,LAT,LON,PD_PHOTO,PD_TITLE) values ('dire_16','램',10000,37.5490138703904,126.916590603184,'램.jpg','삼성 램 4gb 팔아요!');
Insert into COMFIT.DIRE_PD_NEAR_VIEW (PD_ID,PD_NAME,PRICE,LAT,LON,PD_PHOTO,PD_TITLE) values ('dire_49','노트북',800000,37.5490138703904,126.916590603184,'31302646618.202203141855182.jpg','노트북 팔아요');
Insert into COMFIT.DIRE_PD_NEAR_VIEW (PD_ID,PD_NAME,PRICE,LAT,LON,PD_PHOTO,PD_TITLE) values ('dire_7','RTX2070',1000000,37.5490138703904,126.916590603184,'RTX2070.jpg','RTX2070 싸게팜');
Insert into COMFIT.DIRE_PD_NEAR_VIEW (PD_ID,PD_NAME,PRICE,LAT,LON,PD_PHOTO,PD_TITLE) values ('dire_5','RTX2070',1000000,37.5492271696503,126.916764977433,'RTX2070.jpg','RTX2070 싸게팜');
Insert into COMFIT.DIRE_PD_NEAR_VIEW (PD_ID,PD_NAME,PRICE,LAT,LON,PD_PHOTO,PD_TITLE) values ('dire_2','FC900R',100000,37.6568258,127.0178972,'FC900R.jpg','새거같은 레오폴드 키보드 판매');
Insert into COMFIT.DIRE_PD_NEAR_VIEW (PD_ID,PD_NAME,PRICE,LAT,LON,PD_PHOTO,PD_TITLE) values ('dire_34','gtx 1060',222222,35.2315135699639,128.644783402524,'gtx 1060.jpg','이엠텍 gtx 1060 팔아요');
Insert into COMFIT.DIRE_PD_NEAR_VIEW (PD_ID,PD_NAME,PRICE,LAT,LON,PD_PHOTO,PD_TITLE) values ('dire_43','데이븐 pc 케이스',30000,37.5263608616644,126.717322501225,'데이븐케이스.jpg','데이븐 카이저 케이스 급쳐 합니다.');
Insert into COMFIT.DIRE_PD_NEAR_VIEW (PD_ID,PD_NAME,PRICE,LAT,LON,PD_PHOTO,PD_TITLE) values ('dire_42','민성 gtx1060',0,37.5263608616644,126.717322501225,'gtx 1060.jpg','이엠텍 gtx 1060 팔아요');
Insert into COMFIT.DIRE_PD_NEAR_VIEW (PD_ID,PD_NAME,PRICE,LAT,LON,PD_PHOTO,PD_TITLE) values ('dire_50','모니터',200000,37.5490138703904,126.916590603184,'apple-touch-icon.png','모니터 팝니다');
Insert into COMFIT.DIRE_PD_NEAR_VIEW (PD_ID,PD_NAME,PRICE,LAT,LON,PD_PHOTO,PD_TITLE) values ('dire_41','마이크로닉스 키보드',35000,37.389777093851,127.097880906475,'20612627710.20191022173313.jpg','마닉 키보드 팔아요');
Insert into COMFIT.DIRE_PD_NEAR_VIEW (PD_ID,PD_NAME,PRICE,LAT,LON,PD_PHOTO,PD_TITLE) values ('dire_45','fsp 파워 500w',159000,37.5263608616644,126.717322501225,'파워.jpg','fsp 파워 500w 새제품 팝니다');
Insert into COMFIT.DIRE_PD_NEAR_VIEW (PD_ID,PD_NAME,PRICE,LAT,LON,PD_PHOTO,PD_TITLE) values ('dire_51','macbook',1200000,37.5568904093718,126.923674307594,'macbook2.jpeg','맥북 개싸게팜');
REM INSERTING into COMFIT.DIRE_PD_REP_VIEW
SET DEFINE OFF;
Insert into COMFIT.DIRE_PD_REP_VIEW (PD_ID) values ('dire_1');
REM INSERTING into COMFIT.DIRE_PRODUCT_VIEW
SET DEFINE OFF;
Insert into COMFIT.DIRE_PRODUCT_VIEW (PD_ID,PD_NAME,CATE_NAME,REGIT_DATE,U_EMAIL,PD_TITLE,SCD,BCD,PRICE) values ('dire_1','GeForce RTX 3060 Ti','그래픽카드',to_date('2022-06-10','YYYY-MM-DD'),'issac1162@test.com','NVIDIA 그래픽카드 개급처',to_date('2022-06-10','YYYY-MM-DD'),to_date('2022-06-10','YYYY-MM-DD'),1000000);
Insert into COMFIT.DIRE_PRODUCT_VIEW (PD_ID,PD_NAME,CATE_NAME,REGIT_DATE,U_EMAIL,PD_TITLE,SCD,BCD,PRICE) values ('dire_44','삼성 m.2 ssd 1tb 970','SSD',to_date('2022-06-19','YYYY-MM-DD'),'issac1162@test.com','삼성 m.2 ssd 1tb 970 쌔거 팝니다',to_date('2022-06-19','YYYY-MM-DD'),to_date('2022-06-19','YYYY-MM-DD'),198000);
Insert into COMFIT.DIRE_PRODUCT_VIEW (PD_ID,PD_NAME,CATE_NAME,REGIT_DATE,U_EMAIL,PD_TITLE,SCD,BCD,PRICE) values ('dire_43','데이븐 pc 케이스','PC케이스',to_date('2022-06-19','YYYY-MM-DD'),'hjui78@naver.com','데이븐 카이저 케이스 급쳐 합니다.',to_date('2022-06-19','YYYY-MM-DD'),to_date('2022-06-19','YYYY-MM-DD'),30000);
Insert into COMFIT.DIRE_PRODUCT_VIEW (PD_ID,PD_NAME,CATE_NAME,REGIT_DATE,U_EMAIL,PD_TITLE,SCD,BCD,PRICE) values ('dire_45','fsp 파워 500w','파워서플라이',to_date('2022-06-19','YYYY-MM-DD'),'hjui78@kakao.com','fsp 파워 500w 새제품 팝니다',to_date('2022-06-19','YYYY-MM-DD'),to_date('2022-06-19','YYYY-MM-DD'),159000);
Insert into COMFIT.DIRE_PRODUCT_VIEW (PD_ID,PD_NAME,CATE_NAME,REGIT_DATE,U_EMAIL,PD_TITLE,SCD,BCD,PRICE) values ('dire_10','G304','마우스',to_date('2022-06-17','YYYY-MM-DD'),'issac1162@test.com','G304 마우스 팝니다',to_date('2022-06-19','YYYY-MM-DD'),to_date('2022-06-19','YYYY-MM-DD'),25000);
Insert into COMFIT.DIRE_PRODUCT_VIEW (PD_ID,PD_NAME,CATE_NAME,REGIT_DATE,U_EMAIL,PD_TITLE,SCD,BCD,PRICE) values ('dire_51','macbook','노트북',to_date('2022-06-20','YYYY-MM-DD'),'yjuh1162@naver.com','맥북 개싸게팜',to_date('2022-06-20','YYYY-MM-DD'),to_date('2022-06-20','YYYY-MM-DD'),1200000);
Insert into COMFIT.DIRE_PRODUCT_VIEW (PD_ID,PD_NAME,CATE_NAME,REGIT_DATE,U_EMAIL,PD_TITLE,SCD,BCD,PRICE) values ('dire_49','노트북','노트북',to_date('2022-06-20','YYYY-MM-DD'),'kkk@naver.com','노트북 팔아요',to_date('2022-06-20','YYYY-MM-DD'),to_date('2022-06-20','YYYY-MM-DD'),800000);
REM INSERTING into COMFIT.DIRE_SELL_LIST
SET DEFINE OFF;
Insert into COMFIT.DIRE_SELL_LIST (DIRE_PD_ID,PD_TITLE,PD_REGIT_DATE,SUGGEST_TIME,SUGGEST_DATE,SELECTED_ID,COMP_DATE,SELLER_ID,BUYER_ID,SUGGEST_PRICE,SUGGEST_ADDR,STATUS) values ('dire_1','NVIDIA 그래픽카드 개급처',to_date('2022-06-10','YYYY-MM-DD'),to_date('2022-06-12','YYYY-MM-DD'),to_date('2022-06-10','YYYY-MM-DD'),'sel_1',to_date('2022-06-10','YYYY-MM-DD'),'test1','test2',950000,'서울 도봉구 우이천로 50길 40 우림슈퍼앞','거래완료');
Insert into COMFIT.DIRE_SELL_LIST (DIRE_PD_ID,PD_TITLE,PD_REGIT_DATE,SUGGEST_TIME,SUGGEST_DATE,SELECTED_ID,COMP_DATE,SELLER_ID,BUYER_ID,SUGGEST_PRICE,SUGGEST_ADDR,STATUS) values ('dire_2','새거같은 레오폴드 키보드 판매',to_date('2022-06-17','YYYY-MM-DD'),to_date('2022-06-20','YYYY-MM-DD'),to_date('2022-06-17','YYYY-MM-DD'),'sel_6',to_date('2022-06-18','YYYY-MM-DD'),'test2','test1',3312,'서울 강북구 수유동 240-38 13123','판매확정대기중');
Insert into COMFIT.DIRE_SELL_LIST (DIRE_PD_ID,PD_TITLE,PD_REGIT_DATE,SUGGEST_TIME,SUGGEST_DATE,SELECTED_ID,COMP_DATE,SELLER_ID,BUYER_ID,SUGGEST_PRICE,SUGGEST_ADDR,STATUS) values ('dire_41','마닉 키보드 팔아요',to_date('2022-06-18','YYYY-MM-DD'),to_date('2022-06-21','YYYY-MM-DD'),to_date('2022-06-18','YYYY-MM-DD'),'sel_9',to_date('2022-06-18','YYYY-MM-DD'),'test43','test2',30000,'경기 성남시 분당구 판교동 584-1 하이여','판매확정대기중');
Insert into COMFIT.DIRE_SELL_LIST (DIRE_PD_ID,PD_TITLE,PD_REGIT_DATE,SUGGEST_TIME,SUGGEST_DATE,SELECTED_ID,COMP_DATE,SELLER_ID,BUYER_ID,SUGGEST_PRICE,SUGGEST_ADDR,STATUS) values ('dire_44','삼성 m.2 ssd 1tb 970 쌔거 팝니다',to_date('2022-06-19','YYYY-MM-DD'),to_date('2022-06-21','YYYY-MM-DD'),to_date('2022-06-19','YYYY-MM-DD'),'sel_11',to_date('2022-06-19','YYYY-MM-DD'),'test1','test36',200000,'인천 계양구 계산동 1079-1 계양구청 입구','거래완료');
Insert into COMFIT.DIRE_SELL_LIST (DIRE_PD_ID,PD_TITLE,PD_REGIT_DATE,SUGGEST_TIME,SUGGEST_DATE,SELECTED_ID,COMP_DATE,SELLER_ID,BUYER_ID,SUGGEST_PRICE,SUGGEST_ADDR,STATUS) values ('dire_43','데이븐 카이저 케이스 급쳐 합니다.',to_date('2022-06-19','YYYY-MM-DD'),to_date('2022-06-24','YYYY-MM-DD'),to_date('2022-06-19','YYYY-MM-DD'),'sel_10',to_date('2022-06-19','YYYY-MM-DD'),'test36','test1',30000,'인천 계양구 작전동 878 작전역 1번출구','거래완료');
Insert into COMFIT.DIRE_SELL_LIST (DIRE_PD_ID,PD_TITLE,PD_REGIT_DATE,SUGGEST_TIME,SUGGEST_DATE,SELECTED_ID,COMP_DATE,SELLER_ID,BUYER_ID,SUGGEST_PRICE,SUGGEST_ADDR,STATUS) values ('dire_45','fsp 파워 500w 새제품 팝니다',to_date('2022-06-19','YYYY-MM-DD'),to_date('2022-06-21','YYYY-MM-DD'),to_date('2022-06-19','YYYY-MM-DD'),'sel_12',to_date('2022-06-19','YYYY-MM-DD'),'test45','test1',140000,'인천 계양구 작전동 878 작전역 4번출구 앞','거래완료');
Insert into COMFIT.DIRE_SELL_LIST (DIRE_PD_ID,PD_TITLE,PD_REGIT_DATE,SUGGEST_TIME,SUGGEST_DATE,SELECTED_ID,COMP_DATE,SELLER_ID,BUYER_ID,SUGGEST_PRICE,SUGGEST_ADDR,STATUS) values ('dire_10','G304 마우스 팝니다',to_date('2022-06-17','YYYY-MM-DD'),to_date('2022-06-20','YYYY-MM-DD'),to_date('2022-06-19','YYYY-MM-DD'),'sel_13',to_date('2022-06-19','YYYY-MM-DD'),'test1','test47',28000,'서울 마포구 합정동 414 합정역 근처','거래완료');
Insert into COMFIT.DIRE_SELL_LIST (DIRE_PD_ID,PD_TITLE,PD_REGIT_DATE,SUGGEST_TIME,SUGGEST_DATE,SELECTED_ID,COMP_DATE,SELLER_ID,BUYER_ID,SUGGEST_PRICE,SUGGEST_ADDR,STATUS) values ('dire_49','노트북 팔아요',to_date('2022-06-20','YYYY-MM-DD'),to_date('2022-06-24','YYYY-MM-DD'),to_date('2022-06-20','YYYY-MM-DD'),'sel_14',to_date('2022-06-20','YYYY-MM-DD'),'test2','test1',800000,'서울 마포구 동교동 155-6 홍대입구 1번 출구','거래완료');
Insert into COMFIT.DIRE_SELL_LIST (DIRE_PD_ID,PD_TITLE,PD_REGIT_DATE,SUGGEST_TIME,SUGGEST_DATE,SELECTED_ID,COMP_DATE,SELLER_ID,BUYER_ID,SUGGEST_PRICE,SUGGEST_ADDR,STATUS) values ('dire_51','맥북 개싸게팜',to_date('2022-06-20','YYYY-MM-DD'),to_date('2022-06-21','YYYY-MM-DD'),to_date('2022-06-20','YYYY-MM-DD'),'sel_15',to_date('2022-06-20','YYYY-MM-DD'),'test48','test1',1300000,'서울 마포구 동교동 159-11 홍대입구역 1번출구','거래완료');
Insert into COMFIT.DIRE_SELL_LIST (DIRE_PD_ID,PD_TITLE,PD_REGIT_DATE,SUGGEST_TIME,SUGGEST_DATE,SELECTED_ID,COMP_DATE,SELLER_ID,BUYER_ID,SUGGEST_PRICE,SUGGEST_ADDR,STATUS) values ('dire_50','모니터 팝니다',to_date('2022-06-20','YYYY-MM-DD'),null,null,null,null,'test37',null,null,' ','제안대기중');
Insert into COMFIT.DIRE_SELL_LIST (DIRE_PD_ID,PD_TITLE,PD_REGIT_DATE,SUGGEST_TIME,SUGGEST_DATE,SELECTED_ID,COMP_DATE,SELLER_ID,BUYER_ID,SUGGEST_PRICE,SUGGEST_ADDR,STATUS) values ('dire_5','RTX2070 싸게팜',to_date('2022-06-17','YYYY-MM-DD'),null,null,null,null,'test2',null,null,' ','제안대기중');
Insert into COMFIT.DIRE_SELL_LIST (DIRE_PD_ID,PD_TITLE,PD_REGIT_DATE,SUGGEST_TIME,SUGGEST_DATE,SELECTED_ID,COMP_DATE,SELLER_ID,BUYER_ID,SUGGEST_PRICE,SUGGEST_ADDR,STATUS) values ('dire_34','이엠텍 gtx 1060 팔아요',to_date('2022-06-17','YYYY-MM-DD'),null,null,null,null,'test36',null,null,' ','제안대기중');
Insert into COMFIT.DIRE_SELL_LIST (DIRE_PD_ID,PD_TITLE,PD_REGIT_DATE,SUGGEST_TIME,SUGGEST_DATE,SELECTED_ID,COMP_DATE,SELLER_ID,BUYER_ID,SUGGEST_PRICE,SUGGEST_ADDR,STATUS) values ('dire_17','노트북 싸게팝니다',to_date('2022-06-17','YYYY-MM-DD'),null,null,null,null,'test1',null,null,' ','제안대기중');
Insert into COMFIT.DIRE_SELL_LIST (DIRE_PD_ID,PD_TITLE,PD_REGIT_DATE,SUGGEST_TIME,SUGGEST_DATE,SELECTED_ID,COMP_DATE,SELLER_ID,BUYER_ID,SUGGEST_PRICE,SUGGEST_ADDR,STATUS) values ('dire_16','삼성 램 4gb 팔아요!',to_date('2022-06-17','YYYY-MM-DD'),to_date('2022-06-17','YYYY-MM-DD'),to_date('2022-06-18','YYYY-MM-DD'),null,null,'test1','test36',0,'서울 마포구 합정동 404 123','제안거래중');
Insert into COMFIT.DIRE_SELL_LIST (DIRE_PD_ID,PD_TITLE,PD_REGIT_DATE,SUGGEST_TIME,SUGGEST_DATE,SELECTED_ID,COMP_DATE,SELLER_ID,BUYER_ID,SUGGEST_PRICE,SUGGEST_ADDR,STATUS) values ('dire_42','이엠텍 gtx 1060 팔아요',to_date('2022-06-18','YYYY-MM-DD'),to_date('2022-06-19','YYYY-MM-DD'),to_date('2022-06-18','YYYY-MM-DD'),null,null,'test36','test2',200000,'인천 청천 공장','다른제안이채택됨');
Insert into COMFIT.DIRE_SELL_LIST (DIRE_PD_ID,PD_TITLE,PD_REGIT_DATE,SUGGEST_TIME,SUGGEST_DATE,SELECTED_ID,COMP_DATE,SELLER_ID,BUYER_ID,SUGGEST_PRICE,SUGGEST_ADDR,STATUS) values ('dire_7','RTX2070 싸게팜',to_date('2022-06-17','YYYY-MM-DD'),to_date('2022-06-21','YYYY-MM-DD'),to_date('2022-06-19','YYYY-MM-DD'),null,null,'test2','test33',30000,'서울 마포구 합정동 55-1 잔디밭','제안거래중');
Insert into COMFIT.DIRE_SELL_LIST (DIRE_PD_ID,PD_TITLE,PD_REGIT_DATE,SUGGEST_TIME,SUGGEST_DATE,SELECTED_ID,COMP_DATE,SELLER_ID,BUYER_ID,SUGGEST_PRICE,SUGGEST_ADDR,STATUS) values ('dire_2','새거같은 레오폴드 키보드 판매',to_date('2022-06-17','YYYY-MM-DD'),to_date('2022-06-18','YYYY-MM-DD'),to_date('2022-06-17','YYYY-MM-DD'),null,null,'test2','test2',855500,'서울 도봉구 우이천로 39길 10 우이성당 앞','다른제안이채택됨');
Insert into COMFIT.DIRE_SELL_LIST (DIRE_PD_ID,PD_TITLE,PD_REGIT_DATE,SUGGEST_TIME,SUGGEST_DATE,SELECTED_ID,COMP_DATE,SELLER_ID,BUYER_ID,SUGGEST_PRICE,SUGGEST_ADDR,STATUS) values ('dire_16','삼성 램 4gb 팔아요!',to_date('2022-06-17','YYYY-MM-DD'),to_date('2022-06-19','YYYY-MM-DD'),to_date('2022-06-19','YYYY-MM-DD'),null,null,'test1','test33',8000,'서울 마포구 합정동 55-1 마포새빛문화숩 편의점 앞','제안거래중');
Insert into COMFIT.DIRE_SELL_LIST (DIRE_PD_ID,PD_TITLE,PD_REGIT_DATE,SUGGEST_TIME,SUGGEST_DATE,SELECTED_ID,COMP_DATE,SELLER_ID,BUYER_ID,SUGGEST_PRICE,SUGGEST_ADDR,STATUS) values ('dire_42','이엠텍 gtx 1060 팔아요',to_date('2022-06-18','YYYY-MM-DD'),to_date('2022-06-19','YYYY-MM-DD'),to_date('2022-06-18','YYYY-MM-DD'),'sel_8',to_date('2022-06-18','YYYY-MM-DD'),'test36','test2',123123,'인천 계양구 작전동 411 ZZ','구매확정대기중');
REM INSERTING into COMFIT.MGRS_VIEW
SET DEFINE OFF;
Insert into COMFIT.MGRS_VIEW (LAT,LON,PD_ID) values ('37.6568258','127.0178972','dire_2');
Insert into COMFIT.MGRS_VIEW (LAT,LON,PD_ID) values ('37.6568258','127.0178972','dire_1');
Insert into COMFIT.MGRS_VIEW (LAT,LON,PD_ID) values ('37.5490138703904','126.916590603184','dire_16');
Insert into COMFIT.MGRS_VIEW (LAT,LON,PD_ID) values ('37.5492271696503','126.916764977433','dire_5');
Insert into COMFIT.MGRS_VIEW (LAT,LON,PD_ID) values ('37.5263608616644','126.717322501225','dire_42');
Insert into COMFIT.MGRS_VIEW (LAT,LON,PD_ID) values ('37.5490138703904','126.916590603184','dire_7');
Insert into COMFIT.MGRS_VIEW (LAT,LON,PD_ID) values ('37.5263608616644','126.717322501225','dire_43');
Insert into COMFIT.MGRS_VIEW (LAT,LON,PD_ID) values ('37.5432900176718','126.728080590524','dire_44');
Insert into COMFIT.MGRS_VIEW (LAT,LON,PD_ID) values ('37.5490138703904','126.916590603184','dire_10');
Insert into COMFIT.MGRS_VIEW (LAT,LON,PD_ID) values ('37.5263608616644','126.717322501225','dire_45');
Insert into COMFIT.MGRS_VIEW (LAT,LON,PD_ID) values ('37.5568904093718','126.923674307594','dire_17');
Insert into COMFIT.MGRS_VIEW (LAT,LON,PD_ID) values ('37.5490138703904','126.916590603184','dire_49');
Insert into COMFIT.MGRS_VIEW (LAT,LON,PD_ID) values ('35.2315135699639','128.644783402524','dire_34');
Insert into COMFIT.MGRS_VIEW (LAT,LON,PD_ID) values ('37.5490138703904','126.916590603184','dire_50');
Insert into COMFIT.MGRS_VIEW (LAT,LON,PD_ID) values ('37.5568904093718','126.923674307594','dire_51');
Insert into COMFIT.MGRS_VIEW (LAT,LON,PD_ID) values ('37.389777093851','127.097880906475','dire_41');
REM INSERTING into COMFIT.MONEY_INOUT_VIEW
SET DEFINE OFF;
Insert into COMFIT.MONEY_INOUT_VIEW (M_ID,M_DATE,M_MONEY,U_ID) values ('inm_1',to_date('2022-06-10','YYYY-MM-DD'),500000,'test1');
Insert into COMFIT.MONEY_INOUT_VIEW (M_ID,M_DATE,M_MONEY,U_ID) values ('inm_10',to_date('2022-06-18','YYYY-MM-DD'),20000,'test43');
Insert into COMFIT.MONEY_INOUT_VIEW (M_ID,M_DATE,M_MONEY,U_ID) values ('inm_11',to_date('2022-06-18','YYYY-MM-DD'),20000,'test43');
Insert into COMFIT.MONEY_INOUT_VIEW (M_ID,M_DATE,M_MONEY,U_ID) values ('inm_12',to_date('2022-06-18','YYYY-MM-DD'),20000,'test43');
Insert into COMFIT.MONEY_INOUT_VIEW (M_ID,M_DATE,M_MONEY,U_ID) values ('inm_13',to_date('2022-06-18','YYYY-MM-DD'),100000,'test43');
Insert into COMFIT.MONEY_INOUT_VIEW (M_ID,M_DATE,M_MONEY,U_ID) values ('inm_14',to_date('2022-06-18','YYYY-MM-DD'),100000,'test43');
Insert into COMFIT.MONEY_INOUT_VIEW (M_ID,M_DATE,M_MONEY,U_ID) values ('inm_15',to_date('2022-06-18','YYYY-MM-DD'),100000,'test43');
Insert into COMFIT.MONEY_INOUT_VIEW (M_ID,M_DATE,M_MONEY,U_ID) values ('inm_16',to_date('2022-06-18','YYYY-MM-DD'),500000,'test43');
Insert into COMFIT.MONEY_INOUT_VIEW (M_ID,M_DATE,M_MONEY,U_ID) values ('inm_17',to_date('2022-06-18','YYYY-MM-DD'),200000,'test43');
Insert into COMFIT.MONEY_INOUT_VIEW (M_ID,M_DATE,M_MONEY,U_ID) values ('inm_18',to_date('2022-06-18','YYYY-MM-DD'),10000,'test43');
Insert into COMFIT.MONEY_INOUT_VIEW (M_ID,M_DATE,M_MONEY,U_ID) values ('inm_19',to_date('2022-06-18','YYYY-MM-DD'),10000,'test43');
Insert into COMFIT.MONEY_INOUT_VIEW (M_ID,M_DATE,M_MONEY,U_ID) values ('inm_2',to_date('2022-06-18','YYYY-MM-DD'),3000000,'test2');
Insert into COMFIT.MONEY_INOUT_VIEW (M_ID,M_DATE,M_MONEY,U_ID) values ('inm_20',to_date('2022-06-18','YYYY-MM-DD'),100000,'test43');
Insert into COMFIT.MONEY_INOUT_VIEW (M_ID,M_DATE,M_MONEY,U_ID) values ('inm_21',to_date('2022-06-18','YYYY-MM-DD'),100000,'test43');
Insert into COMFIT.MONEY_INOUT_VIEW (M_ID,M_DATE,M_MONEY,U_ID) values ('inm_22',to_date('2022-06-18','YYYY-MM-DD'),200000,'test43');
Insert into COMFIT.MONEY_INOUT_VIEW (M_ID,M_DATE,M_MONEY,U_ID) values ('inm_23',to_date('2022-06-18','YYYY-MM-DD'),200000,'test43');
Insert into COMFIT.MONEY_INOUT_VIEW (M_ID,M_DATE,M_MONEY,U_ID) values ('inm_24',to_date('2022-06-18','YYYY-MM-DD'),100000,'test36');
Insert into COMFIT.MONEY_INOUT_VIEW (M_ID,M_DATE,M_MONEY,U_ID) values ('inm_25',to_date('2022-06-19','YYYY-MM-DD'),1000000,'test36');
Insert into COMFIT.MONEY_INOUT_VIEW (M_ID,M_DATE,M_MONEY,U_ID) values ('inm_26',to_date('2022-06-19','YYYY-MM-DD'),1000000,'test33');
Insert into COMFIT.MONEY_INOUT_VIEW (M_ID,M_DATE,M_MONEY,U_ID) values ('inm_27',to_date('2022-06-19','YYYY-MM-DD'),1000000,'test33');
Insert into COMFIT.MONEY_INOUT_VIEW (M_ID,M_DATE,M_MONEY,U_ID) values ('inm_28',to_date('2022-06-19','YYYY-MM-DD'),300000,'test45');
Insert into COMFIT.MONEY_INOUT_VIEW (M_ID,M_DATE,M_MONEY,U_ID) values ('inm_29',to_date('2022-06-19','YYYY-MM-DD'),1000000,'test47');
Insert into COMFIT.MONEY_INOUT_VIEW (M_ID,M_DATE,M_MONEY,U_ID) values ('inm_3',to_date('2022-06-18','YYYY-MM-DD'),10000,'test43');
Insert into COMFIT.MONEY_INOUT_VIEW (M_ID,M_DATE,M_MONEY,U_ID) values ('inm_30',to_date('2022-06-20','YYYY-MM-DD'),1000000,'test1');
Insert into COMFIT.MONEY_INOUT_VIEW (M_ID,M_DATE,M_MONEY,U_ID) values ('inm_31',to_date('2022-06-20','YYYY-MM-DD'),10000000,'test37');
Insert into COMFIT.MONEY_INOUT_VIEW (M_ID,M_DATE,M_MONEY,U_ID) values ('inm_32',to_date('2022-06-20','YYYY-MM-DD'),1000000,'test1');
Insert into COMFIT.MONEY_INOUT_VIEW (M_ID,M_DATE,M_MONEY,U_ID) values ('inm_4',to_date('2022-06-18','YYYY-MM-DD'),20000,'test43');
Insert into COMFIT.MONEY_INOUT_VIEW (M_ID,M_DATE,M_MONEY,U_ID) values ('inm_5',to_date('2022-06-18','YYYY-MM-DD'),30000,'test43');
Insert into COMFIT.MONEY_INOUT_VIEW (M_ID,M_DATE,M_MONEY,U_ID) values ('inm_6',to_date('2022-06-18','YYYY-MM-DD'),10000,'test43');
Insert into COMFIT.MONEY_INOUT_VIEW (M_ID,M_DATE,M_MONEY,U_ID) values ('inm_7',to_date('2022-06-18','YYYY-MM-DD'),10000,'test43');
Insert into COMFIT.MONEY_INOUT_VIEW (M_ID,M_DATE,M_MONEY,U_ID) values ('inm_8',to_date('2022-06-18','YYYY-MM-DD'),10000,'test43');
Insert into COMFIT.MONEY_INOUT_VIEW (M_ID,M_DATE,M_MONEY,U_ID) values ('inm_9',to_date('2022-06-18','YYYY-MM-DD'),100000,'test43');
Insert into COMFIT.MONEY_INOUT_VIEW (M_ID,M_DATE,M_MONEY,U_ID) values ('outm_1',to_date('2022-06-10','YYYY-MM-DD'),500000,'test1');
Insert into COMFIT.MONEY_INOUT_VIEW (M_ID,M_DATE,M_MONEY,U_ID) values ('outm_10',to_date('2022-06-18','YYYY-MM-DD'),500000,'test43');
Insert into COMFIT.MONEY_INOUT_VIEW (M_ID,M_DATE,M_MONEY,U_ID) values ('outm_11',to_date('2022-06-18','YYYY-MM-DD'),300000,'test43');
Insert into COMFIT.MONEY_INOUT_VIEW (M_ID,M_DATE,M_MONEY,U_ID) values ('outm_12',to_date('2022-06-18','YYYY-MM-DD'),200000,'test43');
Insert into COMFIT.MONEY_INOUT_VIEW (M_ID,M_DATE,M_MONEY,U_ID) values ('outm_13',to_date('2022-06-18','YYYY-MM-DD'),20000,'test43');
Insert into COMFIT.MONEY_INOUT_VIEW (M_ID,M_DATE,M_MONEY,U_ID) values ('outm_14',to_date('2022-06-18','YYYY-MM-DD'),10000,'test43');
Insert into COMFIT.MONEY_INOUT_VIEW (M_ID,M_DATE,M_MONEY,U_ID) values ('outm_15',to_date('2022-06-18','YYYY-MM-DD'),20000,'test43');
Insert into COMFIT.MONEY_INOUT_VIEW (M_ID,M_DATE,M_MONEY,U_ID) values ('outm_16',to_date('2022-06-18','YYYY-MM-DD'),20000,'test43');
Insert into COMFIT.MONEY_INOUT_VIEW (M_ID,M_DATE,M_MONEY,U_ID) values ('outm_17',to_date('2022-06-18','YYYY-MM-DD'),20000,'test43');
Insert into COMFIT.MONEY_INOUT_VIEW (M_ID,M_DATE,M_MONEY,U_ID) values ('outm_18',to_date('2022-06-18','YYYY-MM-DD'),200000,'test43');
Insert into COMFIT.MONEY_INOUT_VIEW (M_ID,M_DATE,M_MONEY,U_ID) values ('outm_19',to_date('2022-06-18','YYYY-MM-DD'),10000,'test43');
Insert into COMFIT.MONEY_INOUT_VIEW (M_ID,M_DATE,M_MONEY,U_ID) values ('outm_2',to_date('2022-06-18','YYYY-MM-DD'),10000,'test43');
Insert into COMFIT.MONEY_INOUT_VIEW (M_ID,M_DATE,M_MONEY,U_ID) values ('outm_20',to_date('2022-06-18','YYYY-MM-DD'),10000,'test43');
Insert into COMFIT.MONEY_INOUT_VIEW (M_ID,M_DATE,M_MONEY,U_ID) values ('outm_21',to_date('2022-06-18','YYYY-MM-DD'),30000,'test36');
Insert into COMFIT.MONEY_INOUT_VIEW (M_ID,M_DATE,M_MONEY,U_ID) values ('outm_3',to_date('2022-06-18','YYYY-MM-DD'),20000,'test43');
Insert into COMFIT.MONEY_INOUT_VIEW (M_ID,M_DATE,M_MONEY,U_ID) values ('outm_4',to_date('2022-06-18','YYYY-MM-DD'),30000,'test43');
Insert into COMFIT.MONEY_INOUT_VIEW (M_ID,M_DATE,M_MONEY,U_ID) values ('outm_5',to_date('2022-06-18','YYYY-MM-DD'),40000,'test43');
Insert into COMFIT.MONEY_INOUT_VIEW (M_ID,M_DATE,M_MONEY,U_ID) values ('outm_6',to_date('2022-06-18','YYYY-MM-DD'),20000,'test43');
Insert into COMFIT.MONEY_INOUT_VIEW (M_ID,M_DATE,M_MONEY,U_ID) values ('outm_7',to_date('2022-06-18','YYYY-MM-DD'),10000,'test43');
Insert into COMFIT.MONEY_INOUT_VIEW (M_ID,M_DATE,M_MONEY,U_ID) values ('outm_8',to_date('2022-06-18','YYYY-MM-DD'),200000,'test43');
Insert into COMFIT.MONEY_INOUT_VIEW (M_ID,M_DATE,M_MONEY,U_ID) values ('outm_9',to_date('2022-06-18','YYYY-MM-DD'),20000,'test43');
REM INSERTING into COMFIT.MYLEVEL_VIEW
SET DEFINE OFF;
Insert into COMFIT.MYLEVEL_VIEW (U_ID,USER_LEVEL) values ('test36',1);
Insert into COMFIT.MYLEVEL_VIEW (U_ID,USER_LEVEL) values ('test47',1);
Insert into COMFIT.MYLEVEL_VIEW (U_ID,USER_LEVEL) values ('test1',3);
Insert into COMFIT.MYLEVEL_VIEW (U_ID,USER_LEVEL) values ('test33',1);
Insert into COMFIT.MYLEVEL_VIEW (U_ID,USER_LEVEL) values ('test2',2);
REM INSERTING into COMFIT.MY_PRODUCT_LIST
SET DEFINE OFF;
Insert into COMFIT.MY_PRODUCT_LIST (PD_ID,PD_TITLE,PD_PRICE,SYSTEM,PD_REGIT_DATE,TIME,COMP_DATE,SELLER_ID,BUYER_ID,ADDRESS,STATUS,BSE_ID) values ('deli_1','i-7 8700 저렴하게 판매',152000,'택배(경매)',to_date('2022-06-10','YYYY-MM-DD'),null,null,'test2','test3','인천광역시 중구 신포동 신흥초등학교','다른입찰이낙찰',null);
Insert into COMFIT.MY_PRODUCT_LIST (PD_ID,PD_TITLE,PD_PRICE,SYSTEM,PD_REGIT_DATE,TIME,COMP_DATE,SELLER_ID,BUYER_ID,ADDRESS,STATUS,BSE_ID) values ('deli_1','i-7 8700 저렴하게 판매',155000,'택배(경매)',to_date('2022-06-10','YYYY-MM-DD'),null,to_date('2022-06-10','YYYY-MM-DD'),'test2','test1','서울특별시 마포구 월드컵북로 21 2층 풍성빌딩','거래완료','bs_1');
Insert into COMFIT.MY_PRODUCT_LIST (PD_ID,PD_TITLE,PD_PRICE,SYSTEM,PD_REGIT_DATE,TIME,COMP_DATE,SELLER_ID,BUYER_ID,ADDRESS,STATUS,BSE_ID) values ('deli_1','i-7 8700 저렴하게 판매',156000,'택배(경매)',to_date('2022-06-10','YYYY-MM-DD'),null,null,'test2','test2','인천광역시 중구 신포2동 아파트앞삼거리','유찰됨',null);
Insert into COMFIT.MY_PRODUCT_LIST (PD_ID,PD_TITLE,PD_PRICE,SYSTEM,PD_REGIT_DATE,TIME,COMP_DATE,SELLER_ID,BUYER_ID,ADDRESS,STATUS,BSE_ID) values ('deli_10','맥스틸 마우스 팔아요',20000,'택배(경매)',to_date('0022-06-16','YYYY-MM-DD'),null,null,'test2',null,' ','유찰됨',null);
Insert into COMFIT.MY_PRODUCT_LIST (PD_ID,PD_TITLE,PD_PRICE,SYSTEM,PD_REGIT_DATE,TIME,COMP_DATE,SELLER_ID,BUYER_ID,ADDRESS,STATUS,BSE_ID) values ('deli_11','이엠텍 gtx 1060 팔아요',120000,'택배(경매)',to_date('2022-06-16','YYYY-MM-DD'),null,null,'test2','test1','인천 중구 어딘가 으슥한곳','유찰됨',null);
Insert into COMFIT.MY_PRODUCT_LIST (PD_ID,PD_TITLE,PD_PRICE,SYSTEM,PD_REGIT_DATE,TIME,COMP_DATE,SELLER_ID,BUYER_ID,ADDRESS,STATUS,BSE_ID) values ('deli_12','라이젠 5600',310000,'택배(경매)',to_date('2022-06-16','YYYY-MM-DD'),null,null,'test2','test36','인천 계양구 새벌로112번길 12 (효성동, 현대4차아파트) 405동 1703호','다른입찰이낙찰',null);
Insert into COMFIT.MY_PRODUCT_LIST (PD_ID,PD_TITLE,PD_PRICE,SYSTEM,PD_REGIT_DATE,TIME,COMP_DATE,SELLER_ID,BUYER_ID,ADDRESS,STATUS,BSE_ID) values ('deli_12','라이젠 5600',350000,'택배(경매)',to_date('2022-06-16','YYYY-MM-DD'),null,null,'test2','test45','인천 계양구 계양대로 지하 73 (작전동) 1번출구','거래중','bs_8');
Insert into COMFIT.MY_PRODUCT_LIST (PD_ID,PD_TITLE,PD_PRICE,SYSTEM,PD_REGIT_DATE,TIME,COMP_DATE,SELLER_ID,BUYER_ID,ADDRESS,STATUS,BSE_ID) values ('deli_13','이엠텍 gtx 1060 팔아요',130000,'택배(경매)',to_date('2022-06-16','YYYY-MM-DD'),null,to_date('2022-06-20','YYYY-MM-DD'),'test16','test1','서울 마포구 가양대로 2 (상암동) 빌딩 2층 205호','거래완료','bs_9');
Insert into COMFIT.MY_PRODUCT_LIST (PD_ID,PD_TITLE,PD_PRICE,SYSTEM,PD_REGIT_DATE,TIME,COMP_DATE,SELLER_ID,BUYER_ID,ADDRESS,STATUS,BSE_ID) values ('deli_14','로지텍 g102 팔아요',5000,'택배(경매)',to_date('2022-06-16','YYYY-MM-DD'),null,null,'test16',null,' ','유찰됨',null);
Insert into COMFIT.MY_PRODUCT_LIST (PD_ID,PD_TITLE,PD_PRICE,SYSTEM,PD_REGIT_DATE,TIME,COMP_DATE,SELLER_ID,BUYER_ID,ADDRESS,STATUS,BSE_ID) values ('deli_15','로지텍 g102 팔아요',5500,'택배(경매)',to_date('2022-06-16','YYYY-MM-DD'),null,null,'test16','test1','서울 서대문구 가재울로 6 (남가좌동) 빌딩 3층','유찰됨',null);
Insert into COMFIT.MY_PRODUCT_LIST (PD_ID,PD_TITLE,PD_PRICE,SYSTEM,PD_REGIT_DATE,TIME,COMP_DATE,SELLER_ID,BUYER_ID,ADDRESS,STATUS,BSE_ID) values ('deli_2','레이저 마우스 급처',20000,'택배(경매)',to_date('2022-06-14','YYYY-MM-DD'),null,null,'test3',null,' ','유찰됨',null);
Insert into COMFIT.MY_PRODUCT_LIST (PD_ID,PD_TITLE,PD_PRICE,SYSTEM,PD_REGIT_DATE,TIME,COMP_DATE,SELLER_ID,BUYER_ID,ADDRESS,STATUS,BSE_ID) values ('deli_20','wddwwdwddwwdwd',1029000,'택배(경매)',to_date('2022-06-17','YYYY-MM-DD'),null,to_date('2022-06-19','YYYY-MM-DD'),'test1','test33','경기 화성시 우정읍 3.1만세로 1 ㅋㅋ','구매확정대기중','bs_7');
Insert into COMFIT.MY_PRODUCT_LIST (PD_ID,PD_TITLE,PD_PRICE,SYSTEM,PD_REGIT_DATE,TIME,COMP_DATE,SELLER_ID,BUYER_ID,ADDRESS,STATUS,BSE_ID) values ('deli_25','그래픽카드 완전싸게',700000,'택배(경매)',to_date('2022-06-20','YYYY-MM-DD'),null,to_date('2022-06-20','YYYY-MM-DD'),'test1','test2','대전 동구 판교1길 3 (판암동) 빌딩 3층 405호','거래완료','bs_10');
Insert into COMFIT.MY_PRODUCT_LIST (PD_ID,PD_TITLE,PD_PRICE,SYSTEM,PD_REGIT_DATE,TIME,COMP_DATE,SELLER_ID,BUYER_ID,ADDRESS,STATUS,BSE_ID) values ('deli_3','RTX2060 팔아요',250000,'택배(경매)',to_date('0022-06-15','YYYY-MM-DD'),null,null,'test2',null,' ','유찰됨',null);
Insert into COMFIT.MY_PRODUCT_LIST (PD_ID,PD_TITLE,PD_PRICE,SYSTEM,PD_REGIT_DATE,TIME,COMP_DATE,SELLER_ID,BUYER_ID,ADDRESS,STATUS,BSE_ID) values ('deli_4','27GN750 모니터 팔아요',300000,'택배(경매)',to_date('0022-06-16','YYYY-MM-DD'),null,null,'test2',null,' ','유찰됨',null);
Insert into COMFIT.MY_PRODUCT_LIST (PD_ID,PD_TITLE,PD_PRICE,SYSTEM,PD_REGIT_DATE,TIME,COMP_DATE,SELLER_ID,BUYER_ID,ADDRESS,STATUS,BSE_ID) values ('deli_5','i7 10700 팔아요',350000,'택배(경매)',to_date('0022-06-16','YYYY-MM-DD'),null,null,'test2',null,' ','유찰됨',null);
Insert into COMFIT.MY_PRODUCT_LIST (PD_ID,PD_TITLE,PD_PRICE,SYSTEM,PD_REGIT_DATE,TIME,COMP_DATE,SELLER_ID,BUYER_ID,ADDRESS,STATUS,BSE_ID) values ('deli_6','g304 마우스 팔아요',24000,'택배(경매)',to_date('0022-06-16','YYYY-MM-DD'),null,null,'test2',null,' ','유찰됨',null);
Insert into COMFIT.MY_PRODUCT_LIST (PD_ID,PD_TITLE,PD_PRICE,SYSTEM,PD_REGIT_DATE,TIME,COMP_DATE,SELLER_ID,BUYER_ID,ADDRESS,STATUS,BSE_ID) values ('deli_7','한성gk893 팝니다',95000,'택배(경매)',to_date('0022-06-16','YYYY-MM-DD'),null,null,'test2',null,' ','유찰됨',null);
Insert into COMFIT.MY_PRODUCT_LIST (PD_ID,PD_TITLE,PD_PRICE,SYSTEM,PD_REGIT_DATE,TIME,COMP_DATE,SELLER_ID,BUYER_ID,ADDRESS,STATUS,BSE_ID) values ('deli_9','asdasdasd',300000,'택배(경매)',to_date('0022-06-16','YYYY-MM-DD'),null,null,'test2',null,' ','유찰됨',null);
Insert into COMFIT.MY_PRODUCT_LIST (PD_ID,PD_TITLE,PD_PRICE,SYSTEM,PD_REGIT_DATE,TIME,COMP_DATE,SELLER_ID,BUYER_ID,ADDRESS,STATUS,BSE_ID) values ('dire_1','NVIDIA 그래픽카드 개급처',950000,'직거래(제안거래)',to_date('2022-06-10','YYYY-MM-DD'),to_date('2022-06-12','YYYY-MM-DD'),to_date('2022-06-10','YYYY-MM-DD'),'test1','test2','서울 도봉구 우이천로 50길 40 우림슈퍼앞','거래완료','sel_1');
Insert into COMFIT.MY_PRODUCT_LIST (PD_ID,PD_TITLE,PD_PRICE,SYSTEM,PD_REGIT_DATE,TIME,COMP_DATE,SELLER_ID,BUYER_ID,ADDRESS,STATUS,BSE_ID) values ('dire_10','G304 마우스 팝니다',28000,'직거래(제안거래)',to_date('2022-06-17','YYYY-MM-DD'),to_date('2022-06-20','YYYY-MM-DD'),to_date('2022-06-19','YYYY-MM-DD'),'test1','test47','서울 마포구 합정동 414 합정역 근처','거래완료','sel_13');
Insert into COMFIT.MY_PRODUCT_LIST (PD_ID,PD_TITLE,PD_PRICE,SYSTEM,PD_REGIT_DATE,TIME,COMP_DATE,SELLER_ID,BUYER_ID,ADDRESS,STATUS,BSE_ID) values ('dire_16','삼성 램 4gb 팔아요!',0,'직거래(제안거래)',to_date('2022-06-17','YYYY-MM-DD'),to_date('2022-06-17','YYYY-MM-DD'),null,'test1','test36','서울 마포구 합정동 404 123','제안거래중',null);
Insert into COMFIT.MY_PRODUCT_LIST (PD_ID,PD_TITLE,PD_PRICE,SYSTEM,PD_REGIT_DATE,TIME,COMP_DATE,SELLER_ID,BUYER_ID,ADDRESS,STATUS,BSE_ID) values ('dire_16','삼성 램 4gb 팔아요!',8000,'직거래(제안거래)',to_date('2022-06-17','YYYY-MM-DD'),to_date('2022-06-19','YYYY-MM-DD'),null,'test1','test33','서울 마포구 합정동 55-1 마포새빛문화숩 편의점 앞','제안거래중',null);
Insert into COMFIT.MY_PRODUCT_LIST (PD_ID,PD_TITLE,PD_PRICE,SYSTEM,PD_REGIT_DATE,TIME,COMP_DATE,SELLER_ID,BUYER_ID,ADDRESS,STATUS,BSE_ID) values ('dire_17','노트북 싸게팝니다',null,'직거래(제안거래)',to_date('2022-06-17','YYYY-MM-DD'),null,null,'test1',null,' ','제안대기중',null);
Insert into COMFIT.MY_PRODUCT_LIST (PD_ID,PD_TITLE,PD_PRICE,SYSTEM,PD_REGIT_DATE,TIME,COMP_DATE,SELLER_ID,BUYER_ID,ADDRESS,STATUS,BSE_ID) values ('dire_2','새거같은 레오폴드 키보드 판매',3312,'직거래(제안거래)',to_date('2022-06-17','YYYY-MM-DD'),to_date('2022-06-20','YYYY-MM-DD'),to_date('2022-06-18','YYYY-MM-DD'),'test2','test1','서울 강북구 수유동 240-38 13123','판매확정대기중','sel_6');
Insert into COMFIT.MY_PRODUCT_LIST (PD_ID,PD_TITLE,PD_PRICE,SYSTEM,PD_REGIT_DATE,TIME,COMP_DATE,SELLER_ID,BUYER_ID,ADDRESS,STATUS,BSE_ID) values ('dire_2','새거같은 레오폴드 키보드 판매',855500,'직거래(제안거래)',to_date('2022-06-17','YYYY-MM-DD'),to_date('2022-06-18','YYYY-MM-DD'),null,'test2','test2','서울 도봉구 우이천로 39길 10 우이성당 앞','다른제안이채택됨',null);
Insert into COMFIT.MY_PRODUCT_LIST (PD_ID,PD_TITLE,PD_PRICE,SYSTEM,PD_REGIT_DATE,TIME,COMP_DATE,SELLER_ID,BUYER_ID,ADDRESS,STATUS,BSE_ID) values ('dire_34','이엠텍 gtx 1060 팔아요',null,'직거래(제안거래)',to_date('2022-06-17','YYYY-MM-DD'),null,null,'test36',null,' ','제안대기중',null);
Insert into COMFIT.MY_PRODUCT_LIST (PD_ID,PD_TITLE,PD_PRICE,SYSTEM,PD_REGIT_DATE,TIME,COMP_DATE,SELLER_ID,BUYER_ID,ADDRESS,STATUS,BSE_ID) values ('dire_41','마닉 키보드 팔아요',30000,'직거래(제안거래)',to_date('2022-06-18','YYYY-MM-DD'),to_date('2022-06-21','YYYY-MM-DD'),to_date('2022-06-18','YYYY-MM-DD'),'test43','test2','경기 성남시 분당구 판교동 584-1 하이여','판매확정대기중','sel_9');
Insert into COMFIT.MY_PRODUCT_LIST (PD_ID,PD_TITLE,PD_PRICE,SYSTEM,PD_REGIT_DATE,TIME,COMP_DATE,SELLER_ID,BUYER_ID,ADDRESS,STATUS,BSE_ID) values ('dire_42','이엠텍 gtx 1060 팔아요',123123,'직거래(제안거래)',to_date('2022-06-18','YYYY-MM-DD'),to_date('2022-06-19','YYYY-MM-DD'),to_date('2022-06-18','YYYY-MM-DD'),'test36','test2','인천 계양구 작전동 411 ZZ','구매확정대기중','sel_8');
Insert into COMFIT.MY_PRODUCT_LIST (PD_ID,PD_TITLE,PD_PRICE,SYSTEM,PD_REGIT_DATE,TIME,COMP_DATE,SELLER_ID,BUYER_ID,ADDRESS,STATUS,BSE_ID) values ('dire_42','이엠텍 gtx 1060 팔아요',200000,'직거래(제안거래)',to_date('2022-06-18','YYYY-MM-DD'),to_date('2022-06-19','YYYY-MM-DD'),null,'test36','test2','인천 청천 공장','다른제안이채택됨',null);
Insert into COMFIT.MY_PRODUCT_LIST (PD_ID,PD_TITLE,PD_PRICE,SYSTEM,PD_REGIT_DATE,TIME,COMP_DATE,SELLER_ID,BUYER_ID,ADDRESS,STATUS,BSE_ID) values ('dire_43','데이븐 카이저 케이스 급쳐 합니다.',30000,'직거래(제안거래)',to_date('2022-06-19','YYYY-MM-DD'),to_date('2022-06-24','YYYY-MM-DD'),to_date('2022-06-19','YYYY-MM-DD'),'test36','test1','인천 계양구 작전동 878 작전역 1번출구','거래완료','sel_10');
Insert into COMFIT.MY_PRODUCT_LIST (PD_ID,PD_TITLE,PD_PRICE,SYSTEM,PD_REGIT_DATE,TIME,COMP_DATE,SELLER_ID,BUYER_ID,ADDRESS,STATUS,BSE_ID) values ('dire_44','삼성 m.2 ssd 1tb 970 쌔거 팝니다',200000,'직거래(제안거래)',to_date('2022-06-19','YYYY-MM-DD'),to_date('2022-06-21','YYYY-MM-DD'),to_date('2022-06-19','YYYY-MM-DD'),'test1','test36','인천 계양구 계산동 1079-1 계양구청 입구','거래완료','sel_11');
Insert into COMFIT.MY_PRODUCT_LIST (PD_ID,PD_TITLE,PD_PRICE,SYSTEM,PD_REGIT_DATE,TIME,COMP_DATE,SELLER_ID,BUYER_ID,ADDRESS,STATUS,BSE_ID) values ('dire_45','fsp 파워 500w 새제품 팝니다',140000,'직거래(제안거래)',to_date('2022-06-19','YYYY-MM-DD'),to_date('2022-06-21','YYYY-MM-DD'),to_date('2022-06-19','YYYY-MM-DD'),'test45','test1','인천 계양구 작전동 878 작전역 4번출구 앞','거래완료','sel_12');
Insert into COMFIT.MY_PRODUCT_LIST (PD_ID,PD_TITLE,PD_PRICE,SYSTEM,PD_REGIT_DATE,TIME,COMP_DATE,SELLER_ID,BUYER_ID,ADDRESS,STATUS,BSE_ID) values ('dire_49','노트북 팔아요',800000,'직거래(제안거래)',to_date('2022-06-20','YYYY-MM-DD'),to_date('2022-06-24','YYYY-MM-DD'),to_date('2022-06-20','YYYY-MM-DD'),'test2','test1','서울 마포구 동교동 155-6 홍대입구 1번 출구','거래완료','sel_14');
Insert into COMFIT.MY_PRODUCT_LIST (PD_ID,PD_TITLE,PD_PRICE,SYSTEM,PD_REGIT_DATE,TIME,COMP_DATE,SELLER_ID,BUYER_ID,ADDRESS,STATUS,BSE_ID) values ('dire_5','RTX2070 싸게팜',null,'직거래(제안거래)',to_date('2022-06-17','YYYY-MM-DD'),null,null,'test2',null,' ','제안대기중',null);
Insert into COMFIT.MY_PRODUCT_LIST (PD_ID,PD_TITLE,PD_PRICE,SYSTEM,PD_REGIT_DATE,TIME,COMP_DATE,SELLER_ID,BUYER_ID,ADDRESS,STATUS,BSE_ID) values ('dire_50','모니터 팝니다',null,'직거래(제안거래)',to_date('2022-06-20','YYYY-MM-DD'),null,null,'test37',null,' ','제안대기중',null);
Insert into COMFIT.MY_PRODUCT_LIST (PD_ID,PD_TITLE,PD_PRICE,SYSTEM,PD_REGIT_DATE,TIME,COMP_DATE,SELLER_ID,BUYER_ID,ADDRESS,STATUS,BSE_ID) values ('dire_51','맥북 개싸게팜',1300000,'직거래(제안거래)',to_date('2022-06-20','YYYY-MM-DD'),to_date('2022-06-21','YYYY-MM-DD'),to_date('2022-06-20','YYYY-MM-DD'),'test48','test1','서울 마포구 동교동 159-11 홍대입구역 1번출구','거래완료','sel_15');
Insert into COMFIT.MY_PRODUCT_LIST (PD_ID,PD_TITLE,PD_PRICE,SYSTEM,PD_REGIT_DATE,TIME,COMP_DATE,SELLER_ID,BUYER_ID,ADDRESS,STATUS,BSE_ID) values ('dire_7','RTX2070 싸게팜',30000,'직거래(제안거래)',to_date('2022-06-17','YYYY-MM-DD'),to_date('2022-06-21','YYYY-MM-DD'),null,'test2','test33','서울 마포구 합정동 55-1 잔디밭','제안거래중',null);
REM INSERTING into COMFIT.PD_LIST_MAIN_VIEW
SET DEFINE OFF;
Insert into COMFIT.PD_LIST_MAIN_VIEW (PD_ID,PD_TITLE,PRICE,PD_REGIT_DATE,PD_PHOTO) values ('deli_1','i-7 8700 저렴하게 판매',150000,to_date('2022-06-10','YYYY-MM-DD'),'i7 10700.jpg');
Insert into COMFIT.PD_LIST_MAIN_VIEW (PD_ID,PD_TITLE,PRICE,PD_REGIT_DATE,PD_PHOTO) values ('deli_4','27GN750 모니터 팔아요',300000,to_date('0022-06-16','YYYY-MM-DD'),'27GN750.jpg');
Insert into COMFIT.PD_LIST_MAIN_VIEW (PD_ID,PD_TITLE,PRICE,PD_REGIT_DATE,PD_PHOTO) values ('deli_3','RTX2060 팔아요',250000,to_date('0022-06-15','YYYY-MM-DD'),'RTX2070.jpg');
Insert into COMFIT.PD_LIST_MAIN_VIEW (PD_ID,PD_TITLE,PRICE,PD_REGIT_DATE,PD_PHOTO) values ('deli_5','i7 10700 팔아요',350000,to_date('0022-06-16','YYYY-MM-DD'),'i7 10700.jpg');
Insert into COMFIT.PD_LIST_MAIN_VIEW (PD_ID,PD_TITLE,PRICE,PD_REGIT_DATE,PD_PHOTO) values ('deli_6','g304 마우스 팔아요',24000,to_date('0022-06-16','YYYY-MM-DD'),'g304.jpg');
Insert into COMFIT.PD_LIST_MAIN_VIEW (PD_ID,PD_TITLE,PRICE,PD_REGIT_DATE,PD_PHOTO) values ('deli_7','한성gk893 팝니다',95000,to_date('0022-06-16','YYYY-MM-DD'),'한성gk893.jpg');
Insert into COMFIT.PD_LIST_MAIN_VIEW (PD_ID,PD_TITLE,PRICE,PD_REGIT_DATE,PD_PHOTO) values ('deli_9','asdasdasd',300000,to_date('0022-06-16','YYYY-MM-DD'),'rtx 3060.jpg');
Insert into COMFIT.PD_LIST_MAIN_VIEW (PD_ID,PD_TITLE,PRICE,PD_REGIT_DATE,PD_PHOTO) values ('deli_10','맥스틸 마우스 팔아요',20000,to_date('0022-06-16','YYYY-MM-DD'),'맥스틸 마우스.jpg');
Insert into COMFIT.PD_LIST_MAIN_VIEW (PD_ID,PD_TITLE,PRICE,PD_REGIT_DATE,PD_PHOTO) values ('deli_11','이엠텍 gtx 1060 팔아요',100000,to_date('2022-06-16','YYYY-MM-DD'),'gtx 1060.jpg');
Insert into COMFIT.PD_LIST_MAIN_VIEW (PD_ID,PD_TITLE,PRICE,PD_REGIT_DATE,PD_PHOTO) values ('deli_12','라이젠 5600',300000,to_date('2022-06-16','YYYY-MM-DD'),'라이젠5600.jpg');
Insert into COMFIT.PD_LIST_MAIN_VIEW (PD_ID,PD_TITLE,PRICE,PD_REGIT_DATE,PD_PHOTO) values ('deli_13','이엠텍 gtx 1060 팔아요',100000,to_date('2022-06-16','YYYY-MM-DD'),'gtx 1060.jpg');
Insert into COMFIT.PD_LIST_MAIN_VIEW (PD_ID,PD_TITLE,PRICE,PD_REGIT_DATE,PD_PHOTO) values ('deli_14','로지텍 g102 팔아요',5000,to_date('2022-06-16','YYYY-MM-DD'),'g102.jpg');
Insert into COMFIT.PD_LIST_MAIN_VIEW (PD_ID,PD_TITLE,PRICE,PD_REGIT_DATE,PD_PHOTO) values ('deli_15','로지텍 g102 팔아요',5000,to_date('2022-06-16','YYYY-MM-DD'),'g102.jpg');
Insert into COMFIT.PD_LIST_MAIN_VIEW (PD_ID,PD_TITLE,PRICE,PD_REGIT_DATE,PD_PHOTO) values ('deli_25','그래픽카드 완전싸게',422220,to_date('2022-06-20','YYYY-MM-DD'),'30403142620.20220103161730.jpg');
Insert into COMFIT.PD_LIST_MAIN_VIEW (PD_ID,PD_TITLE,PRICE,PD_REGIT_DATE,PD_PHOTO) values ('deli_20','wddwwdwddwwdwd',200000,to_date('2022-06-17','YYYY-MM-DD'),'RTX2070.jpg');
Insert into COMFIT.PD_LIST_MAIN_VIEW (PD_ID,PD_TITLE,PRICE,PD_REGIT_DATE,PD_PHOTO) values ('dire_17','노트북 싸게팝니다',687000,to_date('2022-06-17','YYYY-MM-DD'),'노트북.jpg');
Insert into COMFIT.PD_LIST_MAIN_VIEW (PD_ID,PD_TITLE,PRICE,PD_REGIT_DATE,PD_PHOTO) values ('dire_10','G304 마우스 팝니다',25000,to_date('2022-06-17','YYYY-MM-DD'),'g304.jpg');
Insert into COMFIT.PD_LIST_MAIN_VIEW (PD_ID,PD_TITLE,PRICE,PD_REGIT_DATE,PD_PHOTO) values ('dire_44','삼성 m.2 ssd 1tb 970 쌔거 팝니다',198000,to_date('2022-06-19','YYYY-MM-DD'),'14266774952.20200629164635.jpg');
Insert into COMFIT.PD_LIST_MAIN_VIEW (PD_ID,PD_TITLE,PRICE,PD_REGIT_DATE,PD_PHOTO) values ('dire_16','삼성 램 4gb 팔아요!',10000,to_date('2022-06-17','YYYY-MM-DD'),'램.jpg');
Insert into COMFIT.PD_LIST_MAIN_VIEW (PD_ID,PD_TITLE,PRICE,PD_REGIT_DATE,PD_PHOTO) values ('dire_1','NVIDIA 그래픽카드 개급처',1000000,to_date('2022-06-10','YYYY-MM-DD'),'rtx 3060.jpg');
Insert into COMFIT.PD_LIST_MAIN_VIEW (PD_ID,PD_TITLE,PRICE,PD_REGIT_DATE,PD_PHOTO) values ('dire_49','노트북 팔아요',800000,to_date('2022-06-20','YYYY-MM-DD'),'31302646618.202203141855182.jpg');
Insert into COMFIT.PD_LIST_MAIN_VIEW (PD_ID,PD_TITLE,PRICE,PD_REGIT_DATE,PD_PHOTO) values ('dire_7','RTX2070 싸게팜',1000000,to_date('2022-06-17','YYYY-MM-DD'),'RTX2070.jpg');
Insert into COMFIT.PD_LIST_MAIN_VIEW (PD_ID,PD_TITLE,PRICE,PD_REGIT_DATE,PD_PHOTO) values ('dire_5','RTX2070 싸게팜',1000000,to_date('2022-06-17','YYYY-MM-DD'),'RTX2070.jpg');
Insert into COMFIT.PD_LIST_MAIN_VIEW (PD_ID,PD_TITLE,PRICE,PD_REGIT_DATE,PD_PHOTO) values ('dire_2','새거같은 레오폴드 키보드 판매',100000,to_date('2022-06-17','YYYY-MM-DD'),'FC900R.jpg');
Insert into COMFIT.PD_LIST_MAIN_VIEW (PD_ID,PD_TITLE,PRICE,PD_REGIT_DATE,PD_PHOTO) values ('dire_34','이엠텍 gtx 1060 팔아요',222222,to_date('2022-06-17','YYYY-MM-DD'),'gtx 1060.jpg');
Insert into COMFIT.PD_LIST_MAIN_VIEW (PD_ID,PD_TITLE,PRICE,PD_REGIT_DATE,PD_PHOTO) values ('dire_43','데이븐 카이저 케이스 급쳐 합니다.',30000,to_date('2022-06-19','YYYY-MM-DD'),'데이븐케이스.jpg');
Insert into COMFIT.PD_LIST_MAIN_VIEW (PD_ID,PD_TITLE,PRICE,PD_REGIT_DATE,PD_PHOTO) values ('dire_42','이엠텍 gtx 1060 팔아요',0,to_date('2022-06-18','YYYY-MM-DD'),'gtx 1060.jpg');
Insert into COMFIT.PD_LIST_MAIN_VIEW (PD_ID,PD_TITLE,PRICE,PD_REGIT_DATE,PD_PHOTO) values ('dire_50','모니터 팝니다',200000,to_date('2022-06-20','YYYY-MM-DD'),'apple-touch-icon.png');
Insert into COMFIT.PD_LIST_MAIN_VIEW (PD_ID,PD_TITLE,PRICE,PD_REGIT_DATE,PD_PHOTO) values ('dire_41','마닉 키보드 팔아요',35000,to_date('2022-06-18','YYYY-MM-DD'),'20612627710.20191022173313.jpg');
Insert into COMFIT.PD_LIST_MAIN_VIEW (PD_ID,PD_TITLE,PRICE,PD_REGIT_DATE,PD_PHOTO) values ('dire_45','fsp 파워 500w 새제품 팝니다',159000,to_date('2022-06-19','YYYY-MM-DD'),'파워.jpg');
Insert into COMFIT.PD_LIST_MAIN_VIEW (PD_ID,PD_TITLE,PRICE,PD_REGIT_DATE,PD_PHOTO) values ('dire_51','맥북 개싸게팜',1200000,to_date('2022-06-20','YYYY-MM-DD'),'macbook2.jpeg');
REM INSERTING into COMFIT.PD_LIST_VIEW
SET DEFINE OFF;
Insert into COMFIT.PD_LIST_VIEW (PD_ID,CATEGORY_NAME,PD_REGIT_DATE,U_ID,PD_TITLE,DEAL_TYPE,PD_PRICE,SYSTEM,COMP_DATE,SELLER_ID,BUYER_ID,STATUS,PD_PHOTO) values ('deli_2','마우스',to_date('2022-06-14','YYYY-MM-DD'),'test3','레이저 마우스 급처','택배거래',20000,'택배(경매)',null,'test3',null,'유찰됨','맥스틸 마우스.jpg');
Insert into COMFIT.PD_LIST_VIEW (PD_ID,CATEGORY_NAME,PD_REGIT_DATE,U_ID,PD_TITLE,DEAL_TYPE,PD_PRICE,SYSTEM,COMP_DATE,SELLER_ID,BUYER_ID,STATUS,PD_PHOTO) values ('deli_1','CPU',to_date('2022-06-10','YYYY-MM-DD'),'test2','i-7 8700 저렴하게 판매','택배거래',155000,'택배(경매)',to_date('2022-06-10','YYYY-MM-DD'),'test2','test1','거래완료','i7 10700.jpg');
Insert into COMFIT.PD_LIST_VIEW (PD_ID,CATEGORY_NAME,PD_REGIT_DATE,U_ID,PD_TITLE,DEAL_TYPE,PD_PRICE,SYSTEM,COMP_DATE,SELLER_ID,BUYER_ID,STATUS,PD_PHOTO) values ('deli_4','모니터',to_date('0022-06-16','YYYY-MM-DD'),'test2','27GN750 모니터 팔아요','택배거래',300000,'택배(경매)',null,'test2',null,'유찰됨','27GN750.jpg');
Insert into COMFIT.PD_LIST_VIEW (PD_ID,CATEGORY_NAME,PD_REGIT_DATE,U_ID,PD_TITLE,DEAL_TYPE,PD_PRICE,SYSTEM,COMP_DATE,SELLER_ID,BUYER_ID,STATUS,PD_PHOTO) values ('deli_3','그래픽카드',to_date('0022-06-15','YYYY-MM-DD'),'test2','RTX2060 팔아요','택배거래',250000,'택배(경매)',null,'test2',null,'유찰됨','RTX2070.jpg');
Insert into COMFIT.PD_LIST_VIEW (PD_ID,CATEGORY_NAME,PD_REGIT_DATE,U_ID,PD_TITLE,DEAL_TYPE,PD_PRICE,SYSTEM,COMP_DATE,SELLER_ID,BUYER_ID,STATUS,PD_PHOTO) values ('deli_5','CPU',to_date('0022-06-16','YYYY-MM-DD'),'test2','i7 10700 팔아요','택배거래',350000,'택배(경매)',null,'test2',null,'유찰됨','i7 10700.jpg');
Insert into COMFIT.PD_LIST_VIEW (PD_ID,CATEGORY_NAME,PD_REGIT_DATE,U_ID,PD_TITLE,DEAL_TYPE,PD_PRICE,SYSTEM,COMP_DATE,SELLER_ID,BUYER_ID,STATUS,PD_PHOTO) values ('deli_6','마우스',to_date('0022-06-16','YYYY-MM-DD'),'test2','g304 마우스 팔아요','택배거래',24000,'택배(경매)',null,'test2',null,'유찰됨','g304.jpg');
Insert into COMFIT.PD_LIST_VIEW (PD_ID,CATEGORY_NAME,PD_REGIT_DATE,U_ID,PD_TITLE,DEAL_TYPE,PD_PRICE,SYSTEM,COMP_DATE,SELLER_ID,BUYER_ID,STATUS,PD_PHOTO) values ('deli_7','키보드',to_date('0022-06-16','YYYY-MM-DD'),'test2','한성gk893 팝니다','택배거래',95000,'택배(경매)',null,'test2',null,'유찰됨','한성gk893.jpg');
Insert into COMFIT.PD_LIST_VIEW (PD_ID,CATEGORY_NAME,PD_REGIT_DATE,U_ID,PD_TITLE,DEAL_TYPE,PD_PRICE,SYSTEM,COMP_DATE,SELLER_ID,BUYER_ID,STATUS,PD_PHOTO) values ('deli_9','그래픽카드',to_date('0022-06-16','YYYY-MM-DD'),'test2','asdasdasd','택배거래',300000,'택배(경매)',null,'test2',null,'유찰됨','rtx 3060.jpg');
Insert into COMFIT.PD_LIST_VIEW (PD_ID,CATEGORY_NAME,PD_REGIT_DATE,U_ID,PD_TITLE,DEAL_TYPE,PD_PRICE,SYSTEM,COMP_DATE,SELLER_ID,BUYER_ID,STATUS,PD_PHOTO) values ('deli_10','마우스',to_date('0022-06-16','YYYY-MM-DD'),'test2','맥스틸 마우스 팔아요','택배거래',20000,'택배(경매)',null,'test2',null,'유찰됨','맥스틸 마우스.jpg');
Insert into COMFIT.PD_LIST_VIEW (PD_ID,CATEGORY_NAME,PD_REGIT_DATE,U_ID,PD_TITLE,DEAL_TYPE,PD_PRICE,SYSTEM,COMP_DATE,SELLER_ID,BUYER_ID,STATUS,PD_PHOTO) values ('deli_11','그래픽카드',to_date('2022-06-16','YYYY-MM-DD'),'test2','이엠텍 gtx 1060 팔아요','택배거래',120000,'택배(경매)',null,'test2','test1','유찰됨','gtx 1060.jpg');
Insert into COMFIT.PD_LIST_VIEW (PD_ID,CATEGORY_NAME,PD_REGIT_DATE,U_ID,PD_TITLE,DEAL_TYPE,PD_PRICE,SYSTEM,COMP_DATE,SELLER_ID,BUYER_ID,STATUS,PD_PHOTO) values ('deli_12','CPU',to_date('2022-06-16','YYYY-MM-DD'),'test2','라이젠 5600','택배거래',350000,'택배(경매)',null,'test2','test45','거래중','라이젠5600.jpg');
Insert into COMFIT.PD_LIST_VIEW (PD_ID,CATEGORY_NAME,PD_REGIT_DATE,U_ID,PD_TITLE,DEAL_TYPE,PD_PRICE,SYSTEM,COMP_DATE,SELLER_ID,BUYER_ID,STATUS,PD_PHOTO) values ('deli_13','그래픽카드',to_date('2022-06-16','YYYY-MM-DD'),'test16','이엠텍 gtx 1060 팔아요','택배거래',130000,'택배(경매)',to_date('2022-06-20','YYYY-MM-DD'),'test16','test1','거래완료','gtx 1060.jpg');
Insert into COMFIT.PD_LIST_VIEW (PD_ID,CATEGORY_NAME,PD_REGIT_DATE,U_ID,PD_TITLE,DEAL_TYPE,PD_PRICE,SYSTEM,COMP_DATE,SELLER_ID,BUYER_ID,STATUS,PD_PHOTO) values ('deli_14','마우스',to_date('2022-06-16','YYYY-MM-DD'),'test16','로지텍 g102 팔아요','택배거래',5000,'택배(경매)',null,'test16',null,'유찰됨','g102.jpg');
Insert into COMFIT.PD_LIST_VIEW (PD_ID,CATEGORY_NAME,PD_REGIT_DATE,U_ID,PD_TITLE,DEAL_TYPE,PD_PRICE,SYSTEM,COMP_DATE,SELLER_ID,BUYER_ID,STATUS,PD_PHOTO) values ('deli_15','마우스',to_date('2022-06-16','YYYY-MM-DD'),'test16','로지텍 g102 팔아요','택배거래',5500,'택배(경매)',null,'test16','test1','유찰됨','g102.jpg');
Insert into COMFIT.PD_LIST_VIEW (PD_ID,CATEGORY_NAME,PD_REGIT_DATE,U_ID,PD_TITLE,DEAL_TYPE,PD_PRICE,SYSTEM,COMP_DATE,SELLER_ID,BUYER_ID,STATUS,PD_PHOTO) values ('deli_25','그래픽카드',to_date('2022-06-20','YYYY-MM-DD'),'test1','그래픽카드 완전싸게','택배거래',700000,'택배(경매)',to_date('2022-06-20','YYYY-MM-DD'),'test1','test2','거래완료','30403142620.20220103161730.jpg');
Insert into COMFIT.PD_LIST_VIEW (PD_ID,CATEGORY_NAME,PD_REGIT_DATE,U_ID,PD_TITLE,DEAL_TYPE,PD_PRICE,SYSTEM,COMP_DATE,SELLER_ID,BUYER_ID,STATUS,PD_PHOTO) values ('deli_20','그래픽카드',to_date('2022-06-17','YYYY-MM-DD'),'test1','wddwwdwddwwdwd','택배거래',1029000,'택배(경매)',to_date('2022-06-19','YYYY-MM-DD'),'test1','test33','구매확정대기중','RTX2070.jpg');
Insert into COMFIT.PD_LIST_VIEW (PD_ID,CATEGORY_NAME,PD_REGIT_DATE,U_ID,PD_TITLE,DEAL_TYPE,PD_PRICE,SYSTEM,COMP_DATE,SELLER_ID,BUYER_ID,STATUS,PD_PHOTO) values ('dire_41','키보드',to_date('2022-06-18','YYYY-MM-DD'),'test43','마닉 키보드 팔아요','직거래',30000,'직거래(제안거래)',to_date('2022-06-18','YYYY-MM-DD'),'test43','test2','판매확정대기중','20612627710.20191022173313.jpg');
Insert into COMFIT.PD_LIST_VIEW (PD_ID,CATEGORY_NAME,PD_REGIT_DATE,U_ID,PD_TITLE,DEAL_TYPE,PD_PRICE,SYSTEM,COMP_DATE,SELLER_ID,BUYER_ID,STATUS,PD_PHOTO) values ('dire_42','그래픽카드',to_date('2022-06-18','YYYY-MM-DD'),'test36','이엠텍 gtx 1060 팔아요','직거래',123123,'직거래(제안거래)',to_date('2022-06-18','YYYY-MM-DD'),'test36','test2','구매확정대기중','gtx 1060.jpg');
Insert into COMFIT.PD_LIST_VIEW (PD_ID,CATEGORY_NAME,PD_REGIT_DATE,U_ID,PD_TITLE,DEAL_TYPE,PD_PRICE,SYSTEM,COMP_DATE,SELLER_ID,BUYER_ID,STATUS,PD_PHOTO) values ('dire_7','그래픽카드',to_date('2022-06-17','YYYY-MM-DD'),'test2','RTX2070 싸게팜','직거래',30000,'직거래(제안거래)',null,'test2','test33','제안거래중','RTX2070.jpg');
Insert into COMFIT.PD_LIST_VIEW (PD_ID,CATEGORY_NAME,PD_REGIT_DATE,U_ID,PD_TITLE,DEAL_TYPE,PD_PRICE,SYSTEM,COMP_DATE,SELLER_ID,BUYER_ID,STATUS,PD_PHOTO) values ('dire_5','그래픽카드',to_date('2022-06-17','YYYY-MM-DD'),'test2','RTX2070 싸게팜','직거래',1000000,'직거래(제안거래)',null,'test2',null,'제안대기중','RTX2070.jpg');
Insert into COMFIT.PD_LIST_VIEW (PD_ID,CATEGORY_NAME,PD_REGIT_DATE,U_ID,PD_TITLE,DEAL_TYPE,PD_PRICE,SYSTEM,COMP_DATE,SELLER_ID,BUYER_ID,STATUS,PD_PHOTO) values ('dire_50','모니터',to_date('2022-06-20','YYYY-MM-DD'),'test37','모니터 팝니다','직거래',200000,'직거래(제안거래)',null,'test37',null,'제안대기중','apple-touch-icon.png');
Insert into COMFIT.PD_LIST_VIEW (PD_ID,CATEGORY_NAME,PD_REGIT_DATE,U_ID,PD_TITLE,DEAL_TYPE,PD_PRICE,SYSTEM,COMP_DATE,SELLER_ID,BUYER_ID,STATUS,PD_PHOTO) values ('dire_16','RAM',to_date('2022-06-17','YYYY-MM-DD'),'test1','삼성 램 4gb 팔아요!','직거래',0,'직거래(제안거래)',null,'test1','test36','제안거래중','램.jpg');
Insert into COMFIT.PD_LIST_VIEW (PD_ID,CATEGORY_NAME,PD_REGIT_DATE,U_ID,PD_TITLE,DEAL_TYPE,PD_PRICE,SYSTEM,COMP_DATE,SELLER_ID,BUYER_ID,STATUS,PD_PHOTO) values ('dire_51','노트북',to_date('2022-06-20','YYYY-MM-DD'),'test48','맥북 개싸게팜','직거래',1300000,'직거래(제안거래)',to_date('2022-06-20','YYYY-MM-DD'),'test48','test1','거래완료','macbook2.jpeg');
Insert into COMFIT.PD_LIST_VIEW (PD_ID,CATEGORY_NAME,PD_REGIT_DATE,U_ID,PD_TITLE,DEAL_TYPE,PD_PRICE,SYSTEM,COMP_DATE,SELLER_ID,BUYER_ID,STATUS,PD_PHOTO) values ('dire_10','마우스',to_date('2022-06-17','YYYY-MM-DD'),'test1','G304 마우스 팝니다','직거래',28000,'직거래(제안거래)',to_date('2022-06-19','YYYY-MM-DD'),'test1','test47','거래완료','g304.jpg');
Insert into COMFIT.PD_LIST_VIEW (PD_ID,CATEGORY_NAME,PD_REGIT_DATE,U_ID,PD_TITLE,DEAL_TYPE,PD_PRICE,SYSTEM,COMP_DATE,SELLER_ID,BUYER_ID,STATUS,PD_PHOTO) values ('dire_1','그래픽카드',to_date('2022-06-10','YYYY-MM-DD'),'test1','NVIDIA 그래픽카드 개급처','직거래',950000,'직거래(제안거래)',to_date('2022-06-10','YYYY-MM-DD'),'test1','test2','거래완료','rtx 3060.jpg');
Insert into COMFIT.PD_LIST_VIEW (PD_ID,CATEGORY_NAME,PD_REGIT_DATE,U_ID,PD_TITLE,DEAL_TYPE,PD_PRICE,SYSTEM,COMP_DATE,SELLER_ID,BUYER_ID,STATUS,PD_PHOTO) values ('dire_17','노트북',to_date('2022-06-17','YYYY-MM-DD'),'test1','노트북 싸게팝니다','직거래',687000,'직거래(제안거래)',null,'test1',null,'제안대기중','노트북.jpg');
Insert into COMFIT.PD_LIST_VIEW (PD_ID,CATEGORY_NAME,PD_REGIT_DATE,U_ID,PD_TITLE,DEAL_TYPE,PD_PRICE,SYSTEM,COMP_DATE,SELLER_ID,BUYER_ID,STATUS,PD_PHOTO) values ('dire_34','그래픽카드',to_date('2022-06-17','YYYY-MM-DD'),'test36','이엠텍 gtx 1060 팔아요','직거래',222222,'직거래(제안거래)',null,'test36',null,'제안대기중','gtx 1060.jpg');
Insert into COMFIT.PD_LIST_VIEW (PD_ID,CATEGORY_NAME,PD_REGIT_DATE,U_ID,PD_TITLE,DEAL_TYPE,PD_PRICE,SYSTEM,COMP_DATE,SELLER_ID,BUYER_ID,STATUS,PD_PHOTO) values ('dire_43','PC케이스',to_date('2022-06-19','YYYY-MM-DD'),'test36','데이븐 카이저 케이스 급쳐 합니다.','직거래',30000,'직거래(제안거래)',to_date('2022-06-19','YYYY-MM-DD'),'test36','test1','거래완료','데이븐케이스.jpg');
Insert into COMFIT.PD_LIST_VIEW (PD_ID,CATEGORY_NAME,PD_REGIT_DATE,U_ID,PD_TITLE,DEAL_TYPE,PD_PRICE,SYSTEM,COMP_DATE,SELLER_ID,BUYER_ID,STATUS,PD_PHOTO) values ('dire_45','파워서플라이',to_date('2022-06-19','YYYY-MM-DD'),'test45','fsp 파워 500w 새제품 팝니다','직거래',140000,'직거래(제안거래)',to_date('2022-06-19','YYYY-MM-DD'),'test45','test1','거래완료','파워.jpg');
Insert into COMFIT.PD_LIST_VIEW (PD_ID,CATEGORY_NAME,PD_REGIT_DATE,U_ID,PD_TITLE,DEAL_TYPE,PD_PRICE,SYSTEM,COMP_DATE,SELLER_ID,BUYER_ID,STATUS,PD_PHOTO) values ('dire_44','SSD',to_date('2022-06-19','YYYY-MM-DD'),'test1','삼성 m.2 ssd 1tb 970 쌔거 팝니다','직거래',200000,'직거래(제안거래)',to_date('2022-06-19','YYYY-MM-DD'),'test1','test36','거래완료','14266774952.20200629164635.jpg');
Insert into COMFIT.PD_LIST_VIEW (PD_ID,CATEGORY_NAME,PD_REGIT_DATE,U_ID,PD_TITLE,DEAL_TYPE,PD_PRICE,SYSTEM,COMP_DATE,SELLER_ID,BUYER_ID,STATUS,PD_PHOTO) values ('dire_49','노트북',to_date('2022-06-20','YYYY-MM-DD'),'test2','노트북 팔아요','직거래',800000,'직거래(제안거래)',to_date('2022-06-20','YYYY-MM-DD'),'test2','test1','거래완료','31302646618.202203141855182.jpg');
Insert into COMFIT.PD_LIST_VIEW (PD_ID,CATEGORY_NAME,PD_REGIT_DATE,U_ID,PD_TITLE,DEAL_TYPE,PD_PRICE,SYSTEM,COMP_DATE,SELLER_ID,BUYER_ID,STATUS,PD_PHOTO) values ('dire_2','키보드',to_date('2022-06-17','YYYY-MM-DD'),'test2','새거같은 레오폴드 키보드 판매','직거래',855500,'직거래(제안거래)',null,'test2','test2','다른제안이채택됨','FC900R.jpg');
REM INSERTING into COMFIT.PD_LIST_VIEW_TEST
SET DEFINE OFF;
Insert into COMFIT.PD_LIST_VIEW_TEST (PD_ID,CATEGORY_NAME,PD_REGIT_DATE,U_ID,PD_TITLE,DEAL_TYPE,DEAL_STATUS,PD_PRICE,SYSTEM,TIME,COMP_DATE,SELLER_ID,BUYER_ID,ADDRESS,STATUS) values ('dire_50','모니터',to_date('2022-06-20','YYYY-MM-DD'),'test37','모니터 팝니다','직거래','거래중',200000,'직거래(제안거래)',null,null,'test37',null,' ','제안대기중');
Insert into COMFIT.PD_LIST_VIEW_TEST (PD_ID,CATEGORY_NAME,PD_REGIT_DATE,U_ID,PD_TITLE,DEAL_TYPE,DEAL_STATUS,PD_PRICE,SYSTEM,TIME,COMP_DATE,SELLER_ID,BUYER_ID,ADDRESS,STATUS) values ('dire_42','그래픽카드',to_date('2022-06-18','YYYY-MM-DD'),'test36','이엠텍 gtx 1060 팔아요','직거래','거래중',123123,'직거래(제안거래)',to_date('2022-06-19','YYYY-MM-DD'),to_date('2022-06-18','YYYY-MM-DD'),'test36','test2','인천 계양구 작전동 411 ZZ','구매확정대기중');
Insert into COMFIT.PD_LIST_VIEW_TEST (PD_ID,CATEGORY_NAME,PD_REGIT_DATE,U_ID,PD_TITLE,DEAL_TYPE,DEAL_STATUS,PD_PRICE,SYSTEM,TIME,COMP_DATE,SELLER_ID,BUYER_ID,ADDRESS,STATUS) values ('dire_41','키보드',to_date('2022-06-18','YYYY-MM-DD'),'test43','마닉 키보드 팔아요','직거래','거래중',30000,'직거래(제안거래)',to_date('2022-06-21','YYYY-MM-DD'),to_date('2022-06-18','YYYY-MM-DD'),'test43','test2','경기 성남시 분당구 판교동 584-1 하이여','판매확정대기중');
Insert into COMFIT.PD_LIST_VIEW_TEST (PD_ID,CATEGORY_NAME,PD_REGIT_DATE,U_ID,PD_TITLE,DEAL_TYPE,DEAL_STATUS,PD_PRICE,SYSTEM,TIME,COMP_DATE,SELLER_ID,BUYER_ID,ADDRESS,STATUS) values ('dire_34','그래픽카드',to_date('2022-06-17','YYYY-MM-DD'),'test36','이엠텍 gtx 1060 팔아요','직거래','거래중',222222,'직거래(제안거래)',null,null,'test36',null,' ','제안대기중');
Insert into COMFIT.PD_LIST_VIEW_TEST (PD_ID,CATEGORY_NAME,PD_REGIT_DATE,U_ID,PD_TITLE,DEAL_TYPE,DEAL_STATUS,PD_PRICE,SYSTEM,TIME,COMP_DATE,SELLER_ID,BUYER_ID,ADDRESS,STATUS) values ('deli_20','그래픽카드',to_date('2022-06-17','YYYY-MM-DD'),'test1','wddwwdwddwwdwd','택배거래','거래중',1029000,'택배(경매)',null,to_date('2022-06-19','YYYY-MM-DD'),'test1','test33','경기 화성시 우정읍 3.1만세로 1 ㅋㅋ','구매확정대기중');
Insert into COMFIT.PD_LIST_VIEW_TEST (PD_ID,CATEGORY_NAME,PD_REGIT_DATE,U_ID,PD_TITLE,DEAL_TYPE,DEAL_STATUS,PD_PRICE,SYSTEM,TIME,COMP_DATE,SELLER_ID,BUYER_ID,ADDRESS,STATUS) values ('dire_17','노트북',to_date('2022-06-17','YYYY-MM-DD'),'test1','노트북 싸게팝니다','직거래','거래중',687000,'직거래(제안거래)',null,null,'test1',null,' ','제안대기중');
Insert into COMFIT.PD_LIST_VIEW_TEST (PD_ID,CATEGORY_NAME,PD_REGIT_DATE,U_ID,PD_TITLE,DEAL_TYPE,DEAL_STATUS,PD_PRICE,SYSTEM,TIME,COMP_DATE,SELLER_ID,BUYER_ID,ADDRESS,STATUS) values ('dire_16','RAM',to_date('2022-06-17','YYYY-MM-DD'),'test1','삼성 램 4gb 팔아요!','직거래','거래중',0,'직거래(제안거래)',to_date('2022-06-17','YYYY-MM-DD'),null,'test1','test36','서울 마포구 합정동 404 123','제안거래중');
Insert into COMFIT.PD_LIST_VIEW_TEST (PD_ID,CATEGORY_NAME,PD_REGIT_DATE,U_ID,PD_TITLE,DEAL_TYPE,DEAL_STATUS,PD_PRICE,SYSTEM,TIME,COMP_DATE,SELLER_ID,BUYER_ID,ADDRESS,STATUS) values ('dire_7','그래픽카드',to_date('2022-06-17','YYYY-MM-DD'),'test2','RTX2070 싸게팜','직거래','거래중',30000,'직거래(제안거래)',to_date('2022-06-21','YYYY-MM-DD'),null,'test2','test33','서울 마포구 합정동 55-1 잔디밭','제안거래중');
Insert into COMFIT.PD_LIST_VIEW_TEST (PD_ID,CATEGORY_NAME,PD_REGIT_DATE,U_ID,PD_TITLE,DEAL_TYPE,DEAL_STATUS,PD_PRICE,SYSTEM,TIME,COMP_DATE,SELLER_ID,BUYER_ID,ADDRESS,STATUS) values ('dire_5','그래픽카드',to_date('2022-06-17','YYYY-MM-DD'),'test2','RTX2070 싸게팜','직거래','거래중',1000000,'직거래(제안거래)',null,null,'test2',null,' ','제안대기중');
Insert into COMFIT.PD_LIST_VIEW_TEST (PD_ID,CATEGORY_NAME,PD_REGIT_DATE,U_ID,PD_TITLE,DEAL_TYPE,DEAL_STATUS,PD_PRICE,SYSTEM,TIME,COMP_DATE,SELLER_ID,BUYER_ID,ADDRESS,STATUS) values ('dire_2','키보드',to_date('2022-06-17','YYYY-MM-DD'),'test2','새거같은 레오폴드 키보드 판매','직거래','거래중',855500,'직거래(제안거래)',to_date('2022-06-18','YYYY-MM-DD'),null,'test2','test2','서울 도봉구 우이천로 39길 10 우이성당 앞','다른제안이채택됨');
Insert into COMFIT.PD_LIST_VIEW_TEST (PD_ID,CATEGORY_NAME,PD_REGIT_DATE,U_ID,PD_TITLE,DEAL_TYPE,DEAL_STATUS,PD_PRICE,SYSTEM,TIME,COMP_DATE,SELLER_ID,BUYER_ID,ADDRESS,STATUS) values ('deli_15','마우스',to_date('2022-06-16','YYYY-MM-DD'),'test16','로지텍 g102 팔아요','택배거래','거래중',5500,'택배(경매)',null,null,'test16','test1','서울 서대문구 가재울로 6 (남가좌동) 빌딩 3층','유찰됨');
Insert into COMFIT.PD_LIST_VIEW_TEST (PD_ID,CATEGORY_NAME,PD_REGIT_DATE,U_ID,PD_TITLE,DEAL_TYPE,DEAL_STATUS,PD_PRICE,SYSTEM,TIME,COMP_DATE,SELLER_ID,BUYER_ID,ADDRESS,STATUS) values ('deli_14','마우스',to_date('2022-06-16','YYYY-MM-DD'),'test16','로지텍 g102 팔아요','택배거래','거래중',5000,'택배(경매)',null,null,'test16',null,' ','유찰됨');
Insert into COMFIT.PD_LIST_VIEW_TEST (PD_ID,CATEGORY_NAME,PD_REGIT_DATE,U_ID,PD_TITLE,DEAL_TYPE,DEAL_STATUS,PD_PRICE,SYSTEM,TIME,COMP_DATE,SELLER_ID,BUYER_ID,ADDRESS,STATUS) values ('deli_12','CPU',to_date('2022-06-16','YYYY-MM-DD'),'test2','라이젠 5600','택배거래','거래중',350000,'택배(경매)',null,null,'test2','test45','인천 계양구 계양대로 지하 73 (작전동) 1번출구','거래중');
Insert into COMFIT.PD_LIST_VIEW_TEST (PD_ID,CATEGORY_NAME,PD_REGIT_DATE,U_ID,PD_TITLE,DEAL_TYPE,DEAL_STATUS,PD_PRICE,SYSTEM,TIME,COMP_DATE,SELLER_ID,BUYER_ID,ADDRESS,STATUS) values ('deli_11','그래픽카드',to_date('2022-06-16','YYYY-MM-DD'),'test2','이엠텍 gtx 1060 팔아요','택배거래','거래중',120000,'택배(경매)',null,null,'test2','test1','인천 중구 어딘가 으슥한곳','유찰됨');
Insert into COMFIT.PD_LIST_VIEW_TEST (PD_ID,CATEGORY_NAME,PD_REGIT_DATE,U_ID,PD_TITLE,DEAL_TYPE,DEAL_STATUS,PD_PRICE,SYSTEM,TIME,COMP_DATE,SELLER_ID,BUYER_ID,ADDRESS,STATUS) values ('deli_2','마우스',to_date('2022-06-14','YYYY-MM-DD'),'test3','레이저 마우스 급처','택배거래','거래중',20000,'택배(경매)',null,null,'test3',null,' ','유찰됨');
Insert into COMFIT.PD_LIST_VIEW_TEST (PD_ID,CATEGORY_NAME,PD_REGIT_DATE,U_ID,PD_TITLE,DEAL_TYPE,DEAL_STATUS,PD_PRICE,SYSTEM,TIME,COMP_DATE,SELLER_ID,BUYER_ID,ADDRESS,STATUS) values ('deli_9','그래픽카드',to_date('0022-06-16','YYYY-MM-DD'),'test2','asdasdasd','택배거래','거래중',300000,'택배(경매)',null,null,'test2',null,' ','유찰됨');
Insert into COMFIT.PD_LIST_VIEW_TEST (PD_ID,CATEGORY_NAME,PD_REGIT_DATE,U_ID,PD_TITLE,DEAL_TYPE,DEAL_STATUS,PD_PRICE,SYSTEM,TIME,COMP_DATE,SELLER_ID,BUYER_ID,ADDRESS,STATUS) values ('deli_6','마우스',to_date('0022-06-16','YYYY-MM-DD'),'test2','g304 마우스 팔아요','택배거래','거래중',24000,'택배(경매)',null,null,'test2',null,' ','유찰됨');
Insert into COMFIT.PD_LIST_VIEW_TEST (PD_ID,CATEGORY_NAME,PD_REGIT_DATE,U_ID,PD_TITLE,DEAL_TYPE,DEAL_STATUS,PD_PRICE,SYSTEM,TIME,COMP_DATE,SELLER_ID,BUYER_ID,ADDRESS,STATUS) values ('deli_5','CPU',to_date('0022-06-16','YYYY-MM-DD'),'test2','i7 10700 팔아요','택배거래','거래중',350000,'택배(경매)',null,null,'test2',null,' ','유찰됨');
Insert into COMFIT.PD_LIST_VIEW_TEST (PD_ID,CATEGORY_NAME,PD_REGIT_DATE,U_ID,PD_TITLE,DEAL_TYPE,DEAL_STATUS,PD_PRICE,SYSTEM,TIME,COMP_DATE,SELLER_ID,BUYER_ID,ADDRESS,STATUS) values ('deli_4','모니터',to_date('0022-06-16','YYYY-MM-DD'),'test2','27GN750 모니터 팔아요','택배거래','거래중',300000,'택배(경매)',null,null,'test2',null,' ','유찰됨');
Insert into COMFIT.PD_LIST_VIEW_TEST (PD_ID,CATEGORY_NAME,PD_REGIT_DATE,U_ID,PD_TITLE,DEAL_TYPE,DEAL_STATUS,PD_PRICE,SYSTEM,TIME,COMP_DATE,SELLER_ID,BUYER_ID,ADDRESS,STATUS) values ('deli_10','마우스',to_date('0022-06-16','YYYY-MM-DD'),'test2','맥스틸 마우스 팔아요','택배거래','거래중',20000,'택배(경매)',null,null,'test2',null,' ','유찰됨');
Insert into COMFIT.PD_LIST_VIEW_TEST (PD_ID,CATEGORY_NAME,PD_REGIT_DATE,U_ID,PD_TITLE,DEAL_TYPE,DEAL_STATUS,PD_PRICE,SYSTEM,TIME,COMP_DATE,SELLER_ID,BUYER_ID,ADDRESS,STATUS) values ('deli_7','키보드',to_date('0022-06-16','YYYY-MM-DD'),'test2','한성gk893 팝니다','택배거래','거래중',95000,'택배(경매)',null,null,'test2',null,' ','유찰됨');
Insert into COMFIT.PD_LIST_VIEW_TEST (PD_ID,CATEGORY_NAME,PD_REGIT_DATE,U_ID,PD_TITLE,DEAL_TYPE,DEAL_STATUS,PD_PRICE,SYSTEM,TIME,COMP_DATE,SELLER_ID,BUYER_ID,ADDRESS,STATUS) values ('deli_3','그래픽카드',to_date('0022-06-15','YYYY-MM-DD'),'test2','RTX2060 팔아요','택배거래','거래중',250000,'택배(경매)',null,null,'test2',null,' ','유찰됨');
Insert into COMFIT.PD_LIST_VIEW_TEST (PD_ID,CATEGORY_NAME,PD_REGIT_DATE,U_ID,PD_TITLE,DEAL_TYPE,DEAL_STATUS,PD_PRICE,SYSTEM,TIME,COMP_DATE,SELLER_ID,BUYER_ID,ADDRESS,STATUS) values ('dire_51','노트북',to_date('2022-06-20','YYYY-MM-DD'),'test48','맥북 개싸게팜','직거래','거래완료',1300000,'직거래(제안거래)',to_date('2022-06-21','YYYY-MM-DD'),to_date('2022-06-20','YYYY-MM-DD'),'test48','test1','서울 마포구 동교동 159-11 홍대입구역 1번출구','거래완료');
Insert into COMFIT.PD_LIST_VIEW_TEST (PD_ID,CATEGORY_NAME,PD_REGIT_DATE,U_ID,PD_TITLE,DEAL_TYPE,DEAL_STATUS,PD_PRICE,SYSTEM,TIME,COMP_DATE,SELLER_ID,BUYER_ID,ADDRESS,STATUS) values ('deli_25','그래픽카드',to_date('2022-06-20','YYYY-MM-DD'),'test1','그래픽카드 완전싸게','택배거래','거래완료',700000,'택배(경매)',null,to_date('2022-06-20','YYYY-MM-DD'),'test1','test2','대전 동구 판교1길 3 (판암동) 빌딩 3층 405호','거래완료');
Insert into COMFIT.PD_LIST_VIEW_TEST (PD_ID,CATEGORY_NAME,PD_REGIT_DATE,U_ID,PD_TITLE,DEAL_TYPE,DEAL_STATUS,PD_PRICE,SYSTEM,TIME,COMP_DATE,SELLER_ID,BUYER_ID,ADDRESS,STATUS) values ('dire_49','노트북',to_date('2022-06-20','YYYY-MM-DD'),'test2','노트북 팔아요','직거래','거래완료',800000,'직거래(제안거래)',to_date('2022-06-24','YYYY-MM-DD'),to_date('2022-06-20','YYYY-MM-DD'),'test2','test1','서울 마포구 동교동 155-6 홍대입구 1번 출구','거래완료');
Insert into COMFIT.PD_LIST_VIEW_TEST (PD_ID,CATEGORY_NAME,PD_REGIT_DATE,U_ID,PD_TITLE,DEAL_TYPE,DEAL_STATUS,PD_PRICE,SYSTEM,TIME,COMP_DATE,SELLER_ID,BUYER_ID,ADDRESS,STATUS) values ('dire_45','파워서플라이',to_date('2022-06-19','YYYY-MM-DD'),'test45','fsp 파워 500w 새제품 팝니다','직거래','거래완료',140000,'직거래(제안거래)',to_date('2022-06-21','YYYY-MM-DD'),to_date('2022-06-19','YYYY-MM-DD'),'test45','test1','인천 계양구 작전동 878 작전역 4번출구 앞','거래완료');
Insert into COMFIT.PD_LIST_VIEW_TEST (PD_ID,CATEGORY_NAME,PD_REGIT_DATE,U_ID,PD_TITLE,DEAL_TYPE,DEAL_STATUS,PD_PRICE,SYSTEM,TIME,COMP_DATE,SELLER_ID,BUYER_ID,ADDRESS,STATUS) values ('dire_44','SSD',to_date('2022-06-19','YYYY-MM-DD'),'test1','삼성 m.2 ssd 1tb 970 쌔거 팝니다','직거래','거래완료',200000,'직거래(제안거래)',to_date('2022-06-21','YYYY-MM-DD'),to_date('2022-06-19','YYYY-MM-DD'),'test1','test36','인천 계양구 계산동 1079-1 계양구청 입구','거래완료');
Insert into COMFIT.PD_LIST_VIEW_TEST (PD_ID,CATEGORY_NAME,PD_REGIT_DATE,U_ID,PD_TITLE,DEAL_TYPE,DEAL_STATUS,PD_PRICE,SYSTEM,TIME,COMP_DATE,SELLER_ID,BUYER_ID,ADDRESS,STATUS) values ('dire_43','PC케이스',to_date('2022-06-19','YYYY-MM-DD'),'test36','데이븐 카이저 케이스 급쳐 합니다.','직거래','거래완료',30000,'직거래(제안거래)',to_date('2022-06-24','YYYY-MM-DD'),to_date('2022-06-19','YYYY-MM-DD'),'test36','test1','인천 계양구 작전동 878 작전역 1번출구','거래완료');
Insert into COMFIT.PD_LIST_VIEW_TEST (PD_ID,CATEGORY_NAME,PD_REGIT_DATE,U_ID,PD_TITLE,DEAL_TYPE,DEAL_STATUS,PD_PRICE,SYSTEM,TIME,COMP_DATE,SELLER_ID,BUYER_ID,ADDRESS,STATUS) values ('dire_10','마우스',to_date('2022-06-17','YYYY-MM-DD'),'test1','G304 마우스 팝니다','직거래','거래완료',28000,'직거래(제안거래)',to_date('2022-06-20','YYYY-MM-DD'),to_date('2022-06-19','YYYY-MM-DD'),'test1','test47','서울 마포구 합정동 414 합정역 근처','거래완료');
Insert into COMFIT.PD_LIST_VIEW_TEST (PD_ID,CATEGORY_NAME,PD_REGIT_DATE,U_ID,PD_TITLE,DEAL_TYPE,DEAL_STATUS,PD_PRICE,SYSTEM,TIME,COMP_DATE,SELLER_ID,BUYER_ID,ADDRESS,STATUS) values ('deli_13','그래픽카드',to_date('2022-06-16','YYYY-MM-DD'),'test16','이엠텍 gtx 1060 팔아요','택배거래','거래완료',130000,'택배(경매)',null,to_date('2022-06-20','YYYY-MM-DD'),'test16','test1','서울 마포구 가양대로 2 (상암동) 빌딩 2층 205호','거래완료');
Insert into COMFIT.PD_LIST_VIEW_TEST (PD_ID,CATEGORY_NAME,PD_REGIT_DATE,U_ID,PD_TITLE,DEAL_TYPE,DEAL_STATUS,PD_PRICE,SYSTEM,TIME,COMP_DATE,SELLER_ID,BUYER_ID,ADDRESS,STATUS) values ('deli_1','CPU',to_date('2022-06-10','YYYY-MM-DD'),'test2','i-7 8700 저렴하게 판매','택배거래','거래완료',155000,'택배(경매)',null,to_date('2022-06-10','YYYY-MM-DD'),'test2','test1','서울특별시 마포구 월드컵북로 21 2층 풍성빌딩','거래완료');
Insert into COMFIT.PD_LIST_VIEW_TEST (PD_ID,CATEGORY_NAME,PD_REGIT_DATE,U_ID,PD_TITLE,DEAL_TYPE,DEAL_STATUS,PD_PRICE,SYSTEM,TIME,COMP_DATE,SELLER_ID,BUYER_ID,ADDRESS,STATUS) values ('dire_1','그래픽카드',to_date('2022-06-10','YYYY-MM-DD'),'test1','NVIDIA 그래픽카드 개급처','직거래','거래완료',950000,'직거래(제안거래)',to_date('2022-06-12','YYYY-MM-DD'),to_date('2022-06-10','YYYY-MM-DD'),'test1','test2','서울 도봉구 우이천로 50길 40 우림슈퍼앞','거래완료');
REM INSERTING into COMFIT.PRODUCTLIST_VIEW
SET DEFINE OFF;
Insert into COMFIT.PRODUCTLIST_VIEW (PD_ID,CATEGORY_NAME,PD_REGIT_DATE,U_ID,PD_TITLE,DEAL_TYPE,DEAL_STATUS,PD_PRICE,SYSTEM,TIME,COMP_DATE,SELLER_ID,BUYER_ID,ADDRESS,STATUS) values ('dire_50','모니터',to_date('2022-06-20','YYYY-MM-DD'),'test37','모니터 팝니다','직거래','거래중',null,'직거래(제안거래)',null,null,'test37',null,' ','제안대기중');
Insert into COMFIT.PRODUCTLIST_VIEW (PD_ID,CATEGORY_NAME,PD_REGIT_DATE,U_ID,PD_TITLE,DEAL_TYPE,DEAL_STATUS,PD_PRICE,SYSTEM,TIME,COMP_DATE,SELLER_ID,BUYER_ID,ADDRESS,STATUS) values ('dire_42','그래픽카드',to_date('2022-06-18','YYYY-MM-DD'),'test36','이엠텍 gtx 1060 팔아요','직거래','거래중',123123,'직거래(제안거래)',to_date('2022-06-19','YYYY-MM-DD'),to_date('2022-06-18','YYYY-MM-DD'),'test36','test2','인천 계양구 작전동 411 ZZ','구매확정대기중');
Insert into COMFIT.PRODUCTLIST_VIEW (PD_ID,CATEGORY_NAME,PD_REGIT_DATE,U_ID,PD_TITLE,DEAL_TYPE,DEAL_STATUS,PD_PRICE,SYSTEM,TIME,COMP_DATE,SELLER_ID,BUYER_ID,ADDRESS,STATUS) values ('dire_41','키보드',to_date('2022-06-18','YYYY-MM-DD'),'test43','마닉 키보드 팔아요','직거래','거래중',30000,'직거래(제안거래)',to_date('2022-06-21','YYYY-MM-DD'),to_date('2022-06-18','YYYY-MM-DD'),'test43','test2','경기 성남시 분당구 판교동 584-1 하이여','판매확정대기중');
Insert into COMFIT.PRODUCTLIST_VIEW (PD_ID,CATEGORY_NAME,PD_REGIT_DATE,U_ID,PD_TITLE,DEAL_TYPE,DEAL_STATUS,PD_PRICE,SYSTEM,TIME,COMP_DATE,SELLER_ID,BUYER_ID,ADDRESS,STATUS) values ('dire_34','그래픽카드',to_date('2022-06-17','YYYY-MM-DD'),'test36','이엠텍 gtx 1060 팔아요','직거래','거래중',null,'직거래(제안거래)',null,null,'test36',null,' ','제안대기중');
Insert into COMFIT.PRODUCTLIST_VIEW (PD_ID,CATEGORY_NAME,PD_REGIT_DATE,U_ID,PD_TITLE,DEAL_TYPE,DEAL_STATUS,PD_PRICE,SYSTEM,TIME,COMP_DATE,SELLER_ID,BUYER_ID,ADDRESS,STATUS) values ('deli_20','그래픽카드',to_date('2022-06-17','YYYY-MM-DD'),'test1','wddwwdwddwwdwd','택배거래','거래중',1029000,'택배(경매)',null,to_date('2022-06-19','YYYY-MM-DD'),'test1','test33','경기 화성시 우정읍 3.1만세로 1 ㅋㅋ','구매확정대기중');
Insert into COMFIT.PRODUCTLIST_VIEW (PD_ID,CATEGORY_NAME,PD_REGIT_DATE,U_ID,PD_TITLE,DEAL_TYPE,DEAL_STATUS,PD_PRICE,SYSTEM,TIME,COMP_DATE,SELLER_ID,BUYER_ID,ADDRESS,STATUS) values ('dire_17','노트북',to_date('2022-06-17','YYYY-MM-DD'),'test1','노트북 싸게팝니다','직거래','거래중',null,'직거래(제안거래)',null,null,'test1',null,' ','제안대기중');
Insert into COMFIT.PRODUCTLIST_VIEW (PD_ID,CATEGORY_NAME,PD_REGIT_DATE,U_ID,PD_TITLE,DEAL_TYPE,DEAL_STATUS,PD_PRICE,SYSTEM,TIME,COMP_DATE,SELLER_ID,BUYER_ID,ADDRESS,STATUS) values ('dire_16','RAM',to_date('2022-06-17','YYYY-MM-DD'),'test1','삼성 램 4gb 팔아요!','직거래','거래중',0,'직거래(제안거래)',to_date('2022-06-17','YYYY-MM-DD'),null,'test1','test36','서울 마포구 합정동 404 123','제안거래중');
Insert into COMFIT.PRODUCTLIST_VIEW (PD_ID,CATEGORY_NAME,PD_REGIT_DATE,U_ID,PD_TITLE,DEAL_TYPE,DEAL_STATUS,PD_PRICE,SYSTEM,TIME,COMP_DATE,SELLER_ID,BUYER_ID,ADDRESS,STATUS) values ('dire_7','그래픽카드',to_date('2022-06-17','YYYY-MM-DD'),'test2','RTX2070 싸게팜','직거래','거래중',30000,'직거래(제안거래)',to_date('2022-06-21','YYYY-MM-DD'),null,'test2','test33','서울 마포구 합정동 55-1 잔디밭','제안거래중');
Insert into COMFIT.PRODUCTLIST_VIEW (PD_ID,CATEGORY_NAME,PD_REGIT_DATE,U_ID,PD_TITLE,DEAL_TYPE,DEAL_STATUS,PD_PRICE,SYSTEM,TIME,COMP_DATE,SELLER_ID,BUYER_ID,ADDRESS,STATUS) values ('dire_5','그래픽카드',to_date('2022-06-17','YYYY-MM-DD'),'test2','RTX2070 싸게팜','직거래','거래중',null,'직거래(제안거래)',null,null,'test2',null,' ','제안대기중');
Insert into COMFIT.PRODUCTLIST_VIEW (PD_ID,CATEGORY_NAME,PD_REGIT_DATE,U_ID,PD_TITLE,DEAL_TYPE,DEAL_STATUS,PD_PRICE,SYSTEM,TIME,COMP_DATE,SELLER_ID,BUYER_ID,ADDRESS,STATUS) values ('dire_2','키보드',to_date('2022-06-17','YYYY-MM-DD'),'test2','새거같은 레오폴드 키보드 판매','직거래','거래중',855500,'직거래(제안거래)',to_date('2022-06-18','YYYY-MM-DD'),null,'test2','test2','서울 도봉구 우이천로 39길 10 우이성당 앞','다른제안이채택됨');
Insert into COMFIT.PRODUCTLIST_VIEW (PD_ID,CATEGORY_NAME,PD_REGIT_DATE,U_ID,PD_TITLE,DEAL_TYPE,DEAL_STATUS,PD_PRICE,SYSTEM,TIME,COMP_DATE,SELLER_ID,BUYER_ID,ADDRESS,STATUS) values ('deli_15','마우스',to_date('2022-06-16','YYYY-MM-DD'),'test16','로지텍 g102 팔아요','택배거래','거래중',5500,'택배(경매)',null,null,'test16','test1','서울 서대문구 가재울로 6 (남가좌동) 빌딩 3층','유찰됨');
Insert into COMFIT.PRODUCTLIST_VIEW (PD_ID,CATEGORY_NAME,PD_REGIT_DATE,U_ID,PD_TITLE,DEAL_TYPE,DEAL_STATUS,PD_PRICE,SYSTEM,TIME,COMP_DATE,SELLER_ID,BUYER_ID,ADDRESS,STATUS) values ('deli_14','마우스',to_date('2022-06-16','YYYY-MM-DD'),'test16','로지텍 g102 팔아요','택배거래','거래중',5000,'택배(경매)',null,null,'test16',null,' ','유찰됨');
Insert into COMFIT.PRODUCTLIST_VIEW (PD_ID,CATEGORY_NAME,PD_REGIT_DATE,U_ID,PD_TITLE,DEAL_TYPE,DEAL_STATUS,PD_PRICE,SYSTEM,TIME,COMP_DATE,SELLER_ID,BUYER_ID,ADDRESS,STATUS) values ('deli_12','CPU',to_date('2022-06-16','YYYY-MM-DD'),'test2','라이젠 5600','택배거래','거래중',350000,'택배(경매)',null,null,'test2','test45','인천 계양구 계양대로 지하 73 (작전동) 1번출구','거래중');
Insert into COMFIT.PRODUCTLIST_VIEW (PD_ID,CATEGORY_NAME,PD_REGIT_DATE,U_ID,PD_TITLE,DEAL_TYPE,DEAL_STATUS,PD_PRICE,SYSTEM,TIME,COMP_DATE,SELLER_ID,BUYER_ID,ADDRESS,STATUS) values ('deli_11','그래픽카드',to_date('2022-06-16','YYYY-MM-DD'),'test2','이엠텍 gtx 1060 팔아요','택배거래','거래중',120000,'택배(경매)',null,null,'test2','test1','인천 중구 어딘가 으슥한곳','유찰됨');
Insert into COMFIT.PRODUCTLIST_VIEW (PD_ID,CATEGORY_NAME,PD_REGIT_DATE,U_ID,PD_TITLE,DEAL_TYPE,DEAL_STATUS,PD_PRICE,SYSTEM,TIME,COMP_DATE,SELLER_ID,BUYER_ID,ADDRESS,STATUS) values ('deli_2','마우스',to_date('2022-06-14','YYYY-MM-DD'),'test3','레이저 마우스 급처','택배거래','거래중',20000,'택배(경매)',null,null,'test3',null,' ','유찰됨');
Insert into COMFIT.PRODUCTLIST_VIEW (PD_ID,CATEGORY_NAME,PD_REGIT_DATE,U_ID,PD_TITLE,DEAL_TYPE,DEAL_STATUS,PD_PRICE,SYSTEM,TIME,COMP_DATE,SELLER_ID,BUYER_ID,ADDRESS,STATUS) values ('deli_9','그래픽카드',to_date('0022-06-16','YYYY-MM-DD'),'test2','asdasdasd','택배거래','거래중',300000,'택배(경매)',null,null,'test2',null,' ','유찰됨');
Insert into COMFIT.PRODUCTLIST_VIEW (PD_ID,CATEGORY_NAME,PD_REGIT_DATE,U_ID,PD_TITLE,DEAL_TYPE,DEAL_STATUS,PD_PRICE,SYSTEM,TIME,COMP_DATE,SELLER_ID,BUYER_ID,ADDRESS,STATUS) values ('deli_6','마우스',to_date('0022-06-16','YYYY-MM-DD'),'test2','g304 마우스 팔아요','택배거래','거래중',24000,'택배(경매)',null,null,'test2',null,' ','유찰됨');
Insert into COMFIT.PRODUCTLIST_VIEW (PD_ID,CATEGORY_NAME,PD_REGIT_DATE,U_ID,PD_TITLE,DEAL_TYPE,DEAL_STATUS,PD_PRICE,SYSTEM,TIME,COMP_DATE,SELLER_ID,BUYER_ID,ADDRESS,STATUS) values ('deli_5','CPU',to_date('0022-06-16','YYYY-MM-DD'),'test2','i7 10700 팔아요','택배거래','거래중',350000,'택배(경매)',null,null,'test2',null,' ','유찰됨');
Insert into COMFIT.PRODUCTLIST_VIEW (PD_ID,CATEGORY_NAME,PD_REGIT_DATE,U_ID,PD_TITLE,DEAL_TYPE,DEAL_STATUS,PD_PRICE,SYSTEM,TIME,COMP_DATE,SELLER_ID,BUYER_ID,ADDRESS,STATUS) values ('deli_4','모니터',to_date('0022-06-16','YYYY-MM-DD'),'test2','27GN750 모니터 팔아요','택배거래','거래중',300000,'택배(경매)',null,null,'test2',null,' ','유찰됨');
Insert into COMFIT.PRODUCTLIST_VIEW (PD_ID,CATEGORY_NAME,PD_REGIT_DATE,U_ID,PD_TITLE,DEAL_TYPE,DEAL_STATUS,PD_PRICE,SYSTEM,TIME,COMP_DATE,SELLER_ID,BUYER_ID,ADDRESS,STATUS) values ('deli_10','마우스',to_date('0022-06-16','YYYY-MM-DD'),'test2','맥스틸 마우스 팔아요','택배거래','거래중',20000,'택배(경매)',null,null,'test2',null,' ','유찰됨');
Insert into COMFIT.PRODUCTLIST_VIEW (PD_ID,CATEGORY_NAME,PD_REGIT_DATE,U_ID,PD_TITLE,DEAL_TYPE,DEAL_STATUS,PD_PRICE,SYSTEM,TIME,COMP_DATE,SELLER_ID,BUYER_ID,ADDRESS,STATUS) values ('deli_7','키보드',to_date('0022-06-16','YYYY-MM-DD'),'test2','한성gk893 팝니다','택배거래','거래중',95000,'택배(경매)',null,null,'test2',null,' ','유찰됨');
Insert into COMFIT.PRODUCTLIST_VIEW (PD_ID,CATEGORY_NAME,PD_REGIT_DATE,U_ID,PD_TITLE,DEAL_TYPE,DEAL_STATUS,PD_PRICE,SYSTEM,TIME,COMP_DATE,SELLER_ID,BUYER_ID,ADDRESS,STATUS) values ('deli_3','그래픽카드',to_date('0022-06-15','YYYY-MM-DD'),'test2','RTX2060 팔아요','택배거래','거래중',250000,'택배(경매)',null,null,'test2',null,' ','유찰됨');
Insert into COMFIT.PRODUCTLIST_VIEW (PD_ID,CATEGORY_NAME,PD_REGIT_DATE,U_ID,PD_TITLE,DEAL_TYPE,DEAL_STATUS,PD_PRICE,SYSTEM,TIME,COMP_DATE,SELLER_ID,BUYER_ID,ADDRESS,STATUS) values ('dire_51','노트북',to_date('2022-06-20','YYYY-MM-DD'),'test48','맥북 개싸게팜','직거래','거래완료',1300000,'직거래(제안거래)',to_date('2022-06-21','YYYY-MM-DD'),to_date('2022-06-20','YYYY-MM-DD'),'test48','test1','서울 마포구 동교동 159-11 홍대입구역 1번출구','거래완료');
Insert into COMFIT.PRODUCTLIST_VIEW (PD_ID,CATEGORY_NAME,PD_REGIT_DATE,U_ID,PD_TITLE,DEAL_TYPE,DEAL_STATUS,PD_PRICE,SYSTEM,TIME,COMP_DATE,SELLER_ID,BUYER_ID,ADDRESS,STATUS) values ('deli_25','그래픽카드',to_date('2022-06-20','YYYY-MM-DD'),'test1','그래픽카드 완전싸게','택배거래','거래완료',700000,'택배(경매)',null,to_date('2022-06-20','YYYY-MM-DD'),'test1','test2','대전 동구 판교1길 3 (판암동) 빌딩 3층 405호','거래완료');
Insert into COMFIT.PRODUCTLIST_VIEW (PD_ID,CATEGORY_NAME,PD_REGIT_DATE,U_ID,PD_TITLE,DEAL_TYPE,DEAL_STATUS,PD_PRICE,SYSTEM,TIME,COMP_DATE,SELLER_ID,BUYER_ID,ADDRESS,STATUS) values ('dire_49','노트북',to_date('2022-06-20','YYYY-MM-DD'),'test2','노트북 팔아요','직거래','거래완료',800000,'직거래(제안거래)',to_date('2022-06-24','YYYY-MM-DD'),to_date('2022-06-20','YYYY-MM-DD'),'test2','test1','서울 마포구 동교동 155-6 홍대입구 1번 출구','거래완료');
Insert into COMFIT.PRODUCTLIST_VIEW (PD_ID,CATEGORY_NAME,PD_REGIT_DATE,U_ID,PD_TITLE,DEAL_TYPE,DEAL_STATUS,PD_PRICE,SYSTEM,TIME,COMP_DATE,SELLER_ID,BUYER_ID,ADDRESS,STATUS) values ('dire_45','파워서플라이',to_date('2022-06-19','YYYY-MM-DD'),'test45','fsp 파워 500w 새제품 팝니다','직거래','거래완료',140000,'직거래(제안거래)',to_date('2022-06-21','YYYY-MM-DD'),to_date('2022-06-19','YYYY-MM-DD'),'test45','test1','인천 계양구 작전동 878 작전역 4번출구 앞','거래완료');
Insert into COMFIT.PRODUCTLIST_VIEW (PD_ID,CATEGORY_NAME,PD_REGIT_DATE,U_ID,PD_TITLE,DEAL_TYPE,DEAL_STATUS,PD_PRICE,SYSTEM,TIME,COMP_DATE,SELLER_ID,BUYER_ID,ADDRESS,STATUS) values ('dire_44','SSD',to_date('2022-06-19','YYYY-MM-DD'),'test1','삼성 m.2 ssd 1tb 970 쌔거 팝니다','직거래','거래완료',200000,'직거래(제안거래)',to_date('2022-06-21','YYYY-MM-DD'),to_date('2022-06-19','YYYY-MM-DD'),'test1','test36','인천 계양구 계산동 1079-1 계양구청 입구','거래완료');
Insert into COMFIT.PRODUCTLIST_VIEW (PD_ID,CATEGORY_NAME,PD_REGIT_DATE,U_ID,PD_TITLE,DEAL_TYPE,DEAL_STATUS,PD_PRICE,SYSTEM,TIME,COMP_DATE,SELLER_ID,BUYER_ID,ADDRESS,STATUS) values ('dire_43','PC케이스',to_date('2022-06-19','YYYY-MM-DD'),'test36','데이븐 카이저 케이스 급쳐 합니다.','직거래','거래완료',30000,'직거래(제안거래)',to_date('2022-06-24','YYYY-MM-DD'),to_date('2022-06-19','YYYY-MM-DD'),'test36','test1','인천 계양구 작전동 878 작전역 1번출구','거래완료');
Insert into COMFIT.PRODUCTLIST_VIEW (PD_ID,CATEGORY_NAME,PD_REGIT_DATE,U_ID,PD_TITLE,DEAL_TYPE,DEAL_STATUS,PD_PRICE,SYSTEM,TIME,COMP_DATE,SELLER_ID,BUYER_ID,ADDRESS,STATUS) values ('dire_10','마우스',to_date('2022-06-17','YYYY-MM-DD'),'test1','G304 마우스 팝니다','직거래','거래완료',28000,'직거래(제안거래)',to_date('2022-06-20','YYYY-MM-DD'),to_date('2022-06-19','YYYY-MM-DD'),'test1','test47','서울 마포구 합정동 414 합정역 근처','거래완료');
Insert into COMFIT.PRODUCTLIST_VIEW (PD_ID,CATEGORY_NAME,PD_REGIT_DATE,U_ID,PD_TITLE,DEAL_TYPE,DEAL_STATUS,PD_PRICE,SYSTEM,TIME,COMP_DATE,SELLER_ID,BUYER_ID,ADDRESS,STATUS) values ('deli_13','그래픽카드',to_date('2022-06-16','YYYY-MM-DD'),'test16','이엠텍 gtx 1060 팔아요','택배거래','거래완료',130000,'택배(경매)',null,to_date('2022-06-20','YYYY-MM-DD'),'test16','test1','서울 마포구 가양대로 2 (상암동) 빌딩 2층 205호','거래완료');
Insert into COMFIT.PRODUCTLIST_VIEW (PD_ID,CATEGORY_NAME,PD_REGIT_DATE,U_ID,PD_TITLE,DEAL_TYPE,DEAL_STATUS,PD_PRICE,SYSTEM,TIME,COMP_DATE,SELLER_ID,BUYER_ID,ADDRESS,STATUS) values ('deli_1','CPU',to_date('2022-06-10','YYYY-MM-DD'),'test2','i-7 8700 저렴하게 판매','택배거래','거래완료',155000,'택배(경매)',null,to_date('2022-06-10','YYYY-MM-DD'),'test2','test1','서울특별시 마포구 월드컵북로 21 2층 풍성빌딩','거래완료');
Insert into COMFIT.PRODUCTLIST_VIEW (PD_ID,CATEGORY_NAME,PD_REGIT_DATE,U_ID,PD_TITLE,DEAL_TYPE,DEAL_STATUS,PD_PRICE,SYSTEM,TIME,COMP_DATE,SELLER_ID,BUYER_ID,ADDRESS,STATUS) values ('dire_1','그래픽카드',to_date('2022-06-10','YYYY-MM-DD'),'test1','NVIDIA 그래픽카드 개급처','직거래','거래완료',950000,'직거래(제안거래)',to_date('2022-06-12','YYYY-MM-DD'),to_date('2022-06-10','YYYY-MM-DD'),'test1','test2','서울 도봉구 우이천로 50길 40 우림슈퍼앞','거래완료');
REM INSERTING into COMFIT.PRODUCT_LIST_VIEW
SET DEFINE OFF;
Insert into COMFIT.PRODUCT_LIST_VIEW (PD_ID,CATEGORY_NAME,PD_REGIT_DATE,U_ID,PD_TITLE,DEAL_TYPE,DEAL_STATUS) values ('dire_50','모니터',to_date('2022-06-20','YYYY-MM-DD'),'test37','모니터 팝니다','직거래','거래중');
Insert into COMFIT.PRODUCT_LIST_VIEW (PD_ID,CATEGORY_NAME,PD_REGIT_DATE,U_ID,PD_TITLE,DEAL_TYPE,DEAL_STATUS) values ('dire_42','그래픽카드',to_date('2022-06-18','YYYY-MM-DD'),'test36','이엠텍 gtx 1060 팔아요','직거래','거래중');
Insert into COMFIT.PRODUCT_LIST_VIEW (PD_ID,CATEGORY_NAME,PD_REGIT_DATE,U_ID,PD_TITLE,DEAL_TYPE,DEAL_STATUS) values ('dire_41','키보드',to_date('2022-06-18','YYYY-MM-DD'),'test43','마닉 키보드 팔아요','직거래','거래중');
Insert into COMFIT.PRODUCT_LIST_VIEW (PD_ID,CATEGORY_NAME,PD_REGIT_DATE,U_ID,PD_TITLE,DEAL_TYPE,DEAL_STATUS) values ('dire_34','그래픽카드',to_date('2022-06-17','YYYY-MM-DD'),'test36','이엠텍 gtx 1060 팔아요','직거래','거래중');
Insert into COMFIT.PRODUCT_LIST_VIEW (PD_ID,CATEGORY_NAME,PD_REGIT_DATE,U_ID,PD_TITLE,DEAL_TYPE,DEAL_STATUS) values ('deli_20','그래픽카드',to_date('2022-06-17','YYYY-MM-DD'),'test1','wddwwdwddwwdwd','택배거래','거래중');
Insert into COMFIT.PRODUCT_LIST_VIEW (PD_ID,CATEGORY_NAME,PD_REGIT_DATE,U_ID,PD_TITLE,DEAL_TYPE,DEAL_STATUS) values ('dire_17','노트북',to_date('2022-06-17','YYYY-MM-DD'),'test1','노트북 싸게팝니다','직거래','거래중');
Insert into COMFIT.PRODUCT_LIST_VIEW (PD_ID,CATEGORY_NAME,PD_REGIT_DATE,U_ID,PD_TITLE,DEAL_TYPE,DEAL_STATUS) values ('dire_16','RAM',to_date('2022-06-17','YYYY-MM-DD'),'test1','삼성 램 4gb 팔아요!','직거래','거래중');
Insert into COMFIT.PRODUCT_LIST_VIEW (PD_ID,CATEGORY_NAME,PD_REGIT_DATE,U_ID,PD_TITLE,DEAL_TYPE,DEAL_STATUS) values ('dire_7','그래픽카드',to_date('2022-06-17','YYYY-MM-DD'),'test2','RTX2070 싸게팜','직거래','거래중');
Insert into COMFIT.PRODUCT_LIST_VIEW (PD_ID,CATEGORY_NAME,PD_REGIT_DATE,U_ID,PD_TITLE,DEAL_TYPE,DEAL_STATUS) values ('dire_5','그래픽카드',to_date('2022-06-17','YYYY-MM-DD'),'test2','RTX2070 싸게팜','직거래','거래중');
Insert into COMFIT.PRODUCT_LIST_VIEW (PD_ID,CATEGORY_NAME,PD_REGIT_DATE,U_ID,PD_TITLE,DEAL_TYPE,DEAL_STATUS) values ('dire_2','키보드',to_date('2022-06-17','YYYY-MM-DD'),'test2','새거같은 레오폴드 키보드 판매','직거래','거래중');
Insert into COMFIT.PRODUCT_LIST_VIEW (PD_ID,CATEGORY_NAME,PD_REGIT_DATE,U_ID,PD_TITLE,DEAL_TYPE,DEAL_STATUS) values ('deli_15','마우스',to_date('2022-06-16','YYYY-MM-DD'),'test16','로지텍 g102 팔아요','택배거래','거래중');
Insert into COMFIT.PRODUCT_LIST_VIEW (PD_ID,CATEGORY_NAME,PD_REGIT_DATE,U_ID,PD_TITLE,DEAL_TYPE,DEAL_STATUS) values ('deli_14','마우스',to_date('2022-06-16','YYYY-MM-DD'),'test16','로지텍 g102 팔아요','택배거래','거래중');
Insert into COMFIT.PRODUCT_LIST_VIEW (PD_ID,CATEGORY_NAME,PD_REGIT_DATE,U_ID,PD_TITLE,DEAL_TYPE,DEAL_STATUS) values ('deli_12','CPU',to_date('2022-06-16','YYYY-MM-DD'),'test2','라이젠 5600','택배거래','거래중');
Insert into COMFIT.PRODUCT_LIST_VIEW (PD_ID,CATEGORY_NAME,PD_REGIT_DATE,U_ID,PD_TITLE,DEAL_TYPE,DEAL_STATUS) values ('deli_11','그래픽카드',to_date('2022-06-16','YYYY-MM-DD'),'test2','이엠텍 gtx 1060 팔아요','택배거래','거래중');
Insert into COMFIT.PRODUCT_LIST_VIEW (PD_ID,CATEGORY_NAME,PD_REGIT_DATE,U_ID,PD_TITLE,DEAL_TYPE,DEAL_STATUS) values ('deli_2','마우스',to_date('2022-06-14','YYYY-MM-DD'),'test3','레이저 마우스 급처','택배거래','거래중');
Insert into COMFIT.PRODUCT_LIST_VIEW (PD_ID,CATEGORY_NAME,PD_REGIT_DATE,U_ID,PD_TITLE,DEAL_TYPE,DEAL_STATUS) values ('deli_5','CPU',to_date('0022-06-16','YYYY-MM-DD'),'test2','i7 10700 팔아요','택배거래','거래중');
Insert into COMFIT.PRODUCT_LIST_VIEW (PD_ID,CATEGORY_NAME,PD_REGIT_DATE,U_ID,PD_TITLE,DEAL_TYPE,DEAL_STATUS) values ('deli_9','그래픽카드',to_date('0022-06-16','YYYY-MM-DD'),'test2','asdasdasd','택배거래','거래중');
Insert into COMFIT.PRODUCT_LIST_VIEW (PD_ID,CATEGORY_NAME,PD_REGIT_DATE,U_ID,PD_TITLE,DEAL_TYPE,DEAL_STATUS) values ('deli_10','마우스',to_date('0022-06-16','YYYY-MM-DD'),'test2','맥스틸 마우스 팔아요','택배거래','거래중');
Insert into COMFIT.PRODUCT_LIST_VIEW (PD_ID,CATEGORY_NAME,PD_REGIT_DATE,U_ID,PD_TITLE,DEAL_TYPE,DEAL_STATUS) values ('deli_6','마우스',to_date('0022-06-16','YYYY-MM-DD'),'test2','g304 마우스 팔아요','택배거래','거래중');
Insert into COMFIT.PRODUCT_LIST_VIEW (PD_ID,CATEGORY_NAME,PD_REGIT_DATE,U_ID,PD_TITLE,DEAL_TYPE,DEAL_STATUS) values ('deli_4','모니터',to_date('0022-06-16','YYYY-MM-DD'),'test2','27GN750 모니터 팔아요','택배거래','거래중');
Insert into COMFIT.PRODUCT_LIST_VIEW (PD_ID,CATEGORY_NAME,PD_REGIT_DATE,U_ID,PD_TITLE,DEAL_TYPE,DEAL_STATUS) values ('deli_7','키보드',to_date('0022-06-16','YYYY-MM-DD'),'test2','한성gk893 팝니다','택배거래','거래중');
Insert into COMFIT.PRODUCT_LIST_VIEW (PD_ID,CATEGORY_NAME,PD_REGIT_DATE,U_ID,PD_TITLE,DEAL_TYPE,DEAL_STATUS) values ('deli_3','그래픽카드',to_date('0022-06-15','YYYY-MM-DD'),'test2','RTX2060 팔아요','택배거래','거래중');
Insert into COMFIT.PRODUCT_LIST_VIEW (PD_ID,CATEGORY_NAME,PD_REGIT_DATE,U_ID,PD_TITLE,DEAL_TYPE,DEAL_STATUS) values ('dire_51','노트북',to_date('2022-06-20','YYYY-MM-DD'),'test48','맥북 개싸게팜','직거래','거래완료');
Insert into COMFIT.PRODUCT_LIST_VIEW (PD_ID,CATEGORY_NAME,PD_REGIT_DATE,U_ID,PD_TITLE,DEAL_TYPE,DEAL_STATUS) values ('deli_25','그래픽카드',to_date('2022-06-20','YYYY-MM-DD'),'test1','그래픽카드 완전싸게','택배거래','거래완료');
Insert into COMFIT.PRODUCT_LIST_VIEW (PD_ID,CATEGORY_NAME,PD_REGIT_DATE,U_ID,PD_TITLE,DEAL_TYPE,DEAL_STATUS) values ('dire_49','노트북',to_date('2022-06-20','YYYY-MM-DD'),'test2','노트북 팔아요','직거래','거래완료');
Insert into COMFIT.PRODUCT_LIST_VIEW (PD_ID,CATEGORY_NAME,PD_REGIT_DATE,U_ID,PD_TITLE,DEAL_TYPE,DEAL_STATUS) values ('dire_45','파워서플라이',to_date('2022-06-19','YYYY-MM-DD'),'test45','fsp 파워 500w 새제품 팝니다','직거래','거래완료');
Insert into COMFIT.PRODUCT_LIST_VIEW (PD_ID,CATEGORY_NAME,PD_REGIT_DATE,U_ID,PD_TITLE,DEAL_TYPE,DEAL_STATUS) values ('dire_44','SSD',to_date('2022-06-19','YYYY-MM-DD'),'test1','삼성 m.2 ssd 1tb 970 쌔거 팝니다','직거래','거래완료');
Insert into COMFIT.PRODUCT_LIST_VIEW (PD_ID,CATEGORY_NAME,PD_REGIT_DATE,U_ID,PD_TITLE,DEAL_TYPE,DEAL_STATUS) values ('dire_43','PC케이스',to_date('2022-06-19','YYYY-MM-DD'),'test36','데이븐 카이저 케이스 급쳐 합니다.','직거래','거래완료');
Insert into COMFIT.PRODUCT_LIST_VIEW (PD_ID,CATEGORY_NAME,PD_REGIT_DATE,U_ID,PD_TITLE,DEAL_TYPE,DEAL_STATUS) values ('dire_10','마우스',to_date('2022-06-17','YYYY-MM-DD'),'test1','G304 마우스 팝니다','직거래','거래완료');
Insert into COMFIT.PRODUCT_LIST_VIEW (PD_ID,CATEGORY_NAME,PD_REGIT_DATE,U_ID,PD_TITLE,DEAL_TYPE,DEAL_STATUS) values ('deli_13','그래픽카드',to_date('2022-06-16','YYYY-MM-DD'),'test16','이엠텍 gtx 1060 팔아요','택배거래','거래완료');
Insert into COMFIT.PRODUCT_LIST_VIEW (PD_ID,CATEGORY_NAME,PD_REGIT_DATE,U_ID,PD_TITLE,DEAL_TYPE,DEAL_STATUS) values ('deli_1','CPU',to_date('2022-06-10','YYYY-MM-DD'),'test2','i-7 8700 저렴하게 판매','택배거래','거래완료');
Insert into COMFIT.PRODUCT_LIST_VIEW (PD_ID,CATEGORY_NAME,PD_REGIT_DATE,U_ID,PD_TITLE,DEAL_TYPE,DEAL_STATUS) values ('dire_1','그래픽카드',to_date('2022-06-10','YYYY-MM-DD'),'test1','NVIDIA 그래픽카드 개급처','직거래','거래완료');
REM INSERTING into COMFIT.PRODUCT_LIST_VIEW2
SET DEFINE OFF;
Insert into COMFIT.PRODUCT_LIST_VIEW2 (PD_ID,CATEGORY_NAME,PD_REGIT_DATE,U_ID,PD_TITLE,DEAL_TYPE,PD_PRICE,SYSTEM,COMP_DATE,SELLER_ID,BUYER_ID,STATUS,PD_PHOTO,BLIND) values ('deli_2','마우스',to_date('2022-06-14','YYYY-MM-DD'),'test3','레이저 마우스 급처','택배거래',20000,'택배(경매)',null,'test3',null,'유찰됨','맥스틸 마우스.jpg','NOT');
Insert into COMFIT.PRODUCT_LIST_VIEW2 (PD_ID,CATEGORY_NAME,PD_REGIT_DATE,U_ID,PD_TITLE,DEAL_TYPE,PD_PRICE,SYSTEM,COMP_DATE,SELLER_ID,BUYER_ID,STATUS,PD_PHOTO,BLIND) values ('deli_1','CPU',to_date('2022-06-10','YYYY-MM-DD'),'test2','i-7 8700 저렴하게 판매','택배거래',155000,'택배(경매)',to_date('2022-06-10','YYYY-MM-DD'),'test2','test1','거래완료','i7 10700.jpg','BLIND');
Insert into COMFIT.PRODUCT_LIST_VIEW2 (PD_ID,CATEGORY_NAME,PD_REGIT_DATE,U_ID,PD_TITLE,DEAL_TYPE,PD_PRICE,SYSTEM,COMP_DATE,SELLER_ID,BUYER_ID,STATUS,PD_PHOTO,BLIND) values ('deli_4','모니터',to_date('0022-06-16','YYYY-MM-DD'),'test2','27GN750 모니터 팔아요','택배거래',300000,'택배(경매)',null,'test2',null,'유찰됨','27GN750.jpg','NOT');
Insert into COMFIT.PRODUCT_LIST_VIEW2 (PD_ID,CATEGORY_NAME,PD_REGIT_DATE,U_ID,PD_TITLE,DEAL_TYPE,PD_PRICE,SYSTEM,COMP_DATE,SELLER_ID,BUYER_ID,STATUS,PD_PHOTO,BLIND) values ('deli_3','그래픽카드',to_date('0022-06-15','YYYY-MM-DD'),'test2','RTX2060 팔아요','택배거래',250000,'택배(경매)',null,'test2',null,'유찰됨','RTX2070.jpg','NOT');
Insert into COMFIT.PRODUCT_LIST_VIEW2 (PD_ID,CATEGORY_NAME,PD_REGIT_DATE,U_ID,PD_TITLE,DEAL_TYPE,PD_PRICE,SYSTEM,COMP_DATE,SELLER_ID,BUYER_ID,STATUS,PD_PHOTO,BLIND) values ('deli_5','CPU',to_date('0022-06-16','YYYY-MM-DD'),'test2','i7 10700 팔아요','택배거래',350000,'택배(경매)',null,'test2',null,'유찰됨','i7 10700.jpg','NOT');
Insert into COMFIT.PRODUCT_LIST_VIEW2 (PD_ID,CATEGORY_NAME,PD_REGIT_DATE,U_ID,PD_TITLE,DEAL_TYPE,PD_PRICE,SYSTEM,COMP_DATE,SELLER_ID,BUYER_ID,STATUS,PD_PHOTO,BLIND) values ('deli_6','마우스',to_date('0022-06-16','YYYY-MM-DD'),'test2','g304 마우스 팔아요','택배거래',24000,'택배(경매)',null,'test2',null,'유찰됨','g304.jpg','NOT');
Insert into COMFIT.PRODUCT_LIST_VIEW2 (PD_ID,CATEGORY_NAME,PD_REGIT_DATE,U_ID,PD_TITLE,DEAL_TYPE,PD_PRICE,SYSTEM,COMP_DATE,SELLER_ID,BUYER_ID,STATUS,PD_PHOTO,BLIND) values ('deli_7','키보드',to_date('0022-06-16','YYYY-MM-DD'),'test2','한성gk893 팝니다','택배거래',95000,'택배(경매)',null,'test2',null,'유찰됨','한성gk893.jpg','NOT');
Insert into COMFIT.PRODUCT_LIST_VIEW2 (PD_ID,CATEGORY_NAME,PD_REGIT_DATE,U_ID,PD_TITLE,DEAL_TYPE,PD_PRICE,SYSTEM,COMP_DATE,SELLER_ID,BUYER_ID,STATUS,PD_PHOTO,BLIND) values ('deli_9','그래픽카드',to_date('0022-06-16','YYYY-MM-DD'),'test2','asdasdasd','택배거래',300000,'택배(경매)',null,'test2',null,'유찰됨','rtx 3060.jpg','NOT');
Insert into COMFIT.PRODUCT_LIST_VIEW2 (PD_ID,CATEGORY_NAME,PD_REGIT_DATE,U_ID,PD_TITLE,DEAL_TYPE,PD_PRICE,SYSTEM,COMP_DATE,SELLER_ID,BUYER_ID,STATUS,PD_PHOTO,BLIND) values ('deli_10','마우스',to_date('0022-06-16','YYYY-MM-DD'),'test2','맥스틸 마우스 팔아요','택배거래',20000,'택배(경매)',null,'test2',null,'유찰됨','맥스틸 마우스.jpg','NOT');
Insert into COMFIT.PRODUCT_LIST_VIEW2 (PD_ID,CATEGORY_NAME,PD_REGIT_DATE,U_ID,PD_TITLE,DEAL_TYPE,PD_PRICE,SYSTEM,COMP_DATE,SELLER_ID,BUYER_ID,STATUS,PD_PHOTO,BLIND) values ('deli_11','그래픽카드',to_date('2022-06-16','YYYY-MM-DD'),'test2','이엠텍 gtx 1060 팔아요','택배거래',120000,'택배(경매)',null,'test2','test1','유찰됨','gtx 1060.jpg','NOT');
Insert into COMFIT.PRODUCT_LIST_VIEW2 (PD_ID,CATEGORY_NAME,PD_REGIT_DATE,U_ID,PD_TITLE,DEAL_TYPE,PD_PRICE,SYSTEM,COMP_DATE,SELLER_ID,BUYER_ID,STATUS,PD_PHOTO,BLIND) values ('deli_12','CPU',to_date('2022-06-16','YYYY-MM-DD'),'test2','라이젠 5600','택배거래',350000,'택배(경매)',null,'test2','test45','거래중','라이젠5600.jpg','NOT');
Insert into COMFIT.PRODUCT_LIST_VIEW2 (PD_ID,CATEGORY_NAME,PD_REGIT_DATE,U_ID,PD_TITLE,DEAL_TYPE,PD_PRICE,SYSTEM,COMP_DATE,SELLER_ID,BUYER_ID,STATUS,PD_PHOTO,BLIND) values ('deli_13','그래픽카드',to_date('2022-06-16','YYYY-MM-DD'),'test16','이엠텍 gtx 1060 팔아요','택배거래',130000,'택배(경매)',to_date('2022-06-20','YYYY-MM-DD'),'test16','test1','거래완료','gtx 1060.jpg','NOT');
Insert into COMFIT.PRODUCT_LIST_VIEW2 (PD_ID,CATEGORY_NAME,PD_REGIT_DATE,U_ID,PD_TITLE,DEAL_TYPE,PD_PRICE,SYSTEM,COMP_DATE,SELLER_ID,BUYER_ID,STATUS,PD_PHOTO,BLIND) values ('deli_14','마우스',to_date('2022-06-16','YYYY-MM-DD'),'test16','로지텍 g102 팔아요','택배거래',5000,'택배(경매)',null,'test16',null,'유찰됨','g102.jpg','NOT');
Insert into COMFIT.PRODUCT_LIST_VIEW2 (PD_ID,CATEGORY_NAME,PD_REGIT_DATE,U_ID,PD_TITLE,DEAL_TYPE,PD_PRICE,SYSTEM,COMP_DATE,SELLER_ID,BUYER_ID,STATUS,PD_PHOTO,BLIND) values ('deli_15','마우스',to_date('2022-06-16','YYYY-MM-DD'),'test16','로지텍 g102 팔아요','택배거래',5500,'택배(경매)',null,'test16','test1','유찰됨','g102.jpg','NOT');
Insert into COMFIT.PRODUCT_LIST_VIEW2 (PD_ID,CATEGORY_NAME,PD_REGIT_DATE,U_ID,PD_TITLE,DEAL_TYPE,PD_PRICE,SYSTEM,COMP_DATE,SELLER_ID,BUYER_ID,STATUS,PD_PHOTO,BLIND) values ('deli_25','그래픽카드',to_date('2022-06-20','YYYY-MM-DD'),'test1','그래픽카드 완전싸게','택배거래',700000,'택배(경매)',to_date('2022-06-20','YYYY-MM-DD'),'test1','test2','거래완료','30403142620.20220103161730.jpg','NOT');
Insert into COMFIT.PRODUCT_LIST_VIEW2 (PD_ID,CATEGORY_NAME,PD_REGIT_DATE,U_ID,PD_TITLE,DEAL_TYPE,PD_PRICE,SYSTEM,COMP_DATE,SELLER_ID,BUYER_ID,STATUS,PD_PHOTO,BLIND) values ('deli_20','그래픽카드',to_date('2022-06-17','YYYY-MM-DD'),'test1','wddwwdwddwwdwd','택배거래',1029000,'택배(경매)',to_date('2022-06-19','YYYY-MM-DD'),'test1','test33','구매확정대기중','RTX2070.jpg','NOT');
Insert into COMFIT.PRODUCT_LIST_VIEW2 (PD_ID,CATEGORY_NAME,PD_REGIT_DATE,U_ID,PD_TITLE,DEAL_TYPE,PD_PRICE,SYSTEM,COMP_DATE,SELLER_ID,BUYER_ID,STATUS,PD_PHOTO,BLIND) values ('dire_41','키보드',to_date('2022-06-18','YYYY-MM-DD'),'test43','마닉 키보드 팔아요','직거래',30000,'직거래(제안거래)',to_date('2022-06-18','YYYY-MM-DD'),'test43','test2','판매확정대기중','20612627710.20191022173313.jpg','NOT');
Insert into COMFIT.PRODUCT_LIST_VIEW2 (PD_ID,CATEGORY_NAME,PD_REGIT_DATE,U_ID,PD_TITLE,DEAL_TYPE,PD_PRICE,SYSTEM,COMP_DATE,SELLER_ID,BUYER_ID,STATUS,PD_PHOTO,BLIND) values ('dire_42','그래픽카드',to_date('2022-06-18','YYYY-MM-DD'),'test36','이엠텍 gtx 1060 팔아요','직거래',123123,'직거래(제안거래)',to_date('2022-06-18','YYYY-MM-DD'),'test36','test2','구매확정대기중','gtx 1060.jpg','NOT');
Insert into COMFIT.PRODUCT_LIST_VIEW2 (PD_ID,CATEGORY_NAME,PD_REGIT_DATE,U_ID,PD_TITLE,DEAL_TYPE,PD_PRICE,SYSTEM,COMP_DATE,SELLER_ID,BUYER_ID,STATUS,PD_PHOTO,BLIND) values ('dire_7','그래픽카드',to_date('2022-06-17','YYYY-MM-DD'),'test2','RTX2070 싸게팜','직거래',30000,'직거래(제안거래)',null,'test2','test33','제안거래중','RTX2070.jpg','NOT');
Insert into COMFIT.PRODUCT_LIST_VIEW2 (PD_ID,CATEGORY_NAME,PD_REGIT_DATE,U_ID,PD_TITLE,DEAL_TYPE,PD_PRICE,SYSTEM,COMP_DATE,SELLER_ID,BUYER_ID,STATUS,PD_PHOTO,BLIND) values ('dire_5','그래픽카드',to_date('2022-06-17','YYYY-MM-DD'),'test2','RTX2070 싸게팜','직거래',1000000,'직거래(제안거래)',null,'test2',null,'제안대기중','RTX2070.jpg','NOT');
Insert into COMFIT.PRODUCT_LIST_VIEW2 (PD_ID,CATEGORY_NAME,PD_REGIT_DATE,U_ID,PD_TITLE,DEAL_TYPE,PD_PRICE,SYSTEM,COMP_DATE,SELLER_ID,BUYER_ID,STATUS,PD_PHOTO,BLIND) values ('dire_50','모니터',to_date('2022-06-20','YYYY-MM-DD'),'test37','모니터 팝니다','직거래',200000,'직거래(제안거래)',null,'test37',null,'제안대기중','apple-touch-icon.png','NOT');
Insert into COMFIT.PRODUCT_LIST_VIEW2 (PD_ID,CATEGORY_NAME,PD_REGIT_DATE,U_ID,PD_TITLE,DEAL_TYPE,PD_PRICE,SYSTEM,COMP_DATE,SELLER_ID,BUYER_ID,STATUS,PD_PHOTO,BLIND) values ('dire_16','RAM',to_date('2022-06-17','YYYY-MM-DD'),'test1','삼성 램 4gb 팔아요!','직거래',0,'직거래(제안거래)',null,'test1','test36','제안거래중','램.jpg','NOT');
Insert into COMFIT.PRODUCT_LIST_VIEW2 (PD_ID,CATEGORY_NAME,PD_REGIT_DATE,U_ID,PD_TITLE,DEAL_TYPE,PD_PRICE,SYSTEM,COMP_DATE,SELLER_ID,BUYER_ID,STATUS,PD_PHOTO,BLIND) values ('dire_51','노트북',to_date('2022-06-20','YYYY-MM-DD'),'test48','맥북 개싸게팜','직거래',1300000,'직거래(제안거래)',to_date('2022-06-20','YYYY-MM-DD'),'test48','test1','거래완료','macbook2.jpeg','NOT');
Insert into COMFIT.PRODUCT_LIST_VIEW2 (PD_ID,CATEGORY_NAME,PD_REGIT_DATE,U_ID,PD_TITLE,DEAL_TYPE,PD_PRICE,SYSTEM,COMP_DATE,SELLER_ID,BUYER_ID,STATUS,PD_PHOTO,BLIND) values ('dire_10','마우스',to_date('2022-06-17','YYYY-MM-DD'),'test1','G304 마우스 팝니다','직거래',28000,'직거래(제안거래)',to_date('2022-06-19','YYYY-MM-DD'),'test1','test47','거래완료','g304.jpg','NOT');
Insert into COMFIT.PRODUCT_LIST_VIEW2 (PD_ID,CATEGORY_NAME,PD_REGIT_DATE,U_ID,PD_TITLE,DEAL_TYPE,PD_PRICE,SYSTEM,COMP_DATE,SELLER_ID,BUYER_ID,STATUS,PD_PHOTO,BLIND) values ('dire_1','그래픽카드',to_date('2022-06-10','YYYY-MM-DD'),'test1','NVIDIA 그래픽카드 개급처','직거래',950000,'직거래(제안거래)',to_date('2022-06-10','YYYY-MM-DD'),'test1','test2','거래완료','rtx 3060.jpg','BLIND');
Insert into COMFIT.PRODUCT_LIST_VIEW2 (PD_ID,CATEGORY_NAME,PD_REGIT_DATE,U_ID,PD_TITLE,DEAL_TYPE,PD_PRICE,SYSTEM,COMP_DATE,SELLER_ID,BUYER_ID,STATUS,PD_PHOTO,BLIND) values ('dire_17','노트북',to_date('2022-06-17','YYYY-MM-DD'),'test1','노트북 싸게팝니다','직거래',687000,'직거래(제안거래)',null,'test1',null,'제안대기중','노트북.jpg','NOT');
Insert into COMFIT.PRODUCT_LIST_VIEW2 (PD_ID,CATEGORY_NAME,PD_REGIT_DATE,U_ID,PD_TITLE,DEAL_TYPE,PD_PRICE,SYSTEM,COMP_DATE,SELLER_ID,BUYER_ID,STATUS,PD_PHOTO,BLIND) values ('dire_34','그래픽카드',to_date('2022-06-17','YYYY-MM-DD'),'test36','이엠텍 gtx 1060 팔아요','직거래',222222,'직거래(제안거래)',null,'test36',null,'제안대기중','gtx 1060.jpg','NOT');
Insert into COMFIT.PRODUCT_LIST_VIEW2 (PD_ID,CATEGORY_NAME,PD_REGIT_DATE,U_ID,PD_TITLE,DEAL_TYPE,PD_PRICE,SYSTEM,COMP_DATE,SELLER_ID,BUYER_ID,STATUS,PD_PHOTO,BLIND) values ('dire_43','PC케이스',to_date('2022-06-19','YYYY-MM-DD'),'test36','데이븐 카이저 케이스 급쳐 합니다.','직거래',30000,'직거래(제안거래)',to_date('2022-06-19','YYYY-MM-DD'),'test36','test1','거래완료','데이븐케이스.jpg','NOT');
Insert into COMFIT.PRODUCT_LIST_VIEW2 (PD_ID,CATEGORY_NAME,PD_REGIT_DATE,U_ID,PD_TITLE,DEAL_TYPE,PD_PRICE,SYSTEM,COMP_DATE,SELLER_ID,BUYER_ID,STATUS,PD_PHOTO,BLIND) values ('dire_45','파워서플라이',to_date('2022-06-19','YYYY-MM-DD'),'test45','fsp 파워 500w 새제품 팝니다','직거래',140000,'직거래(제안거래)',to_date('2022-06-19','YYYY-MM-DD'),'test45','test1','거래완료','파워.jpg','NOT');
Insert into COMFIT.PRODUCT_LIST_VIEW2 (PD_ID,CATEGORY_NAME,PD_REGIT_DATE,U_ID,PD_TITLE,DEAL_TYPE,PD_PRICE,SYSTEM,COMP_DATE,SELLER_ID,BUYER_ID,STATUS,PD_PHOTO,BLIND) values ('dire_44','SSD',to_date('2022-06-19','YYYY-MM-DD'),'test1','삼성 m.2 ssd 1tb 970 쌔거 팝니다','직거래',200000,'직거래(제안거래)',to_date('2022-06-19','YYYY-MM-DD'),'test1','test36','거래완료','14266774952.20200629164635.jpg','NOT');
Insert into COMFIT.PRODUCT_LIST_VIEW2 (PD_ID,CATEGORY_NAME,PD_REGIT_DATE,U_ID,PD_TITLE,DEAL_TYPE,PD_PRICE,SYSTEM,COMP_DATE,SELLER_ID,BUYER_ID,STATUS,PD_PHOTO,BLIND) values ('dire_49','노트북',to_date('2022-06-20','YYYY-MM-DD'),'test2','노트북 팔아요','직거래',800000,'직거래(제안거래)',to_date('2022-06-20','YYYY-MM-DD'),'test2','test1','거래완료','31302646618.202203141855182.jpg','NOT');
Insert into COMFIT.PRODUCT_LIST_VIEW2 (PD_ID,CATEGORY_NAME,PD_REGIT_DATE,U_ID,PD_TITLE,DEAL_TYPE,PD_PRICE,SYSTEM,COMP_DATE,SELLER_ID,BUYER_ID,STATUS,PD_PHOTO,BLIND) values ('dire_2','키보드',to_date('2022-06-17','YYYY-MM-DD'),'test2','새거같은 레오폴드 키보드 판매','직거래',855500,'직거래(제안거래)',null,'test2','test2','다른제안이채택됨','FC900R.jpg','NOT');
REM INSERTING into COMFIT.PRODUCT_REPORT_VIEW
SET DEFINE OFF;
Insert into COMFIT.PRODUCT_REPORT_VIEW (REPOTED,PD_ID,REPOTER,REP_CONTENTS,HANDLE,REP_DATE,HAN_DATE,BLIND) values ('test1','dire_1','test2','허위내용으로 신고합니다.',null,to_date('2022-06-12','YYYY-MM-DD'),null,'BLIND');
Insert into COMFIT.PRODUCT_REPORT_VIEW (REPOTED,PD_ID,REPOTER,REP_CONTENTS,HANDLE,REP_DATE,HAN_DATE,BLIND) values ('test2','deli_1','test1','유해한 내용 업로드',2,to_date('2022-06-11','YYYY-MM-DD'),to_date('2022-06-11','YYYY-MM-DD'),'BLIND');
REM INSERTING into COMFIT.SELECT_CHECK_VIEW
SET DEFINE OFF;
Insert into COMFIT.SELECT_CHECK_VIEW (PD_ID,SUGGEST_CODE) values ('dire_1','suggest_1');
Insert into COMFIT.SELECT_CHECK_VIEW (PD_ID,SUGGEST_CODE) values ('dire_42','suggest_11');
Insert into COMFIT.SELECT_CHECK_VIEW (PD_ID,SUGGEST_CODE) values ('dire_41','suggest_12');
Insert into COMFIT.SELECT_CHECK_VIEW (PD_ID,SUGGEST_CODE) values ('dire_2','suggest_9');
Insert into COMFIT.SELECT_CHECK_VIEW (PD_ID,SUGGEST_CODE) values ('dire_43','suggest_14');
Insert into COMFIT.SELECT_CHECK_VIEW (PD_ID,SUGGEST_CODE) values ('dire_44','suggest_15');
Insert into COMFIT.SELECT_CHECK_VIEW (PD_ID,SUGGEST_CODE) values ('dire_45','suggest_16');
Insert into COMFIT.SELECT_CHECK_VIEW (PD_ID,SUGGEST_CODE) values ('dire_10','suggest_19');
Insert into COMFIT.SELECT_CHECK_VIEW (PD_ID,SUGGEST_CODE) values ('dire_49','suggest_20');
Insert into COMFIT.SELECT_CHECK_VIEW (PD_ID,SUGGEST_CODE) values ('dire_51','suggest_21');
REM INSERTING into COMFIT.SUGGEST_LIST_REALVIEW
SET DEFINE OFF;
Insert into COMFIT.SUGGEST_LIST_REALVIEW (SUGGEST_CODE,U_NICKNAME,PRICE,SUGGEST_TIME,SUGGEST_PLACE,PLACE_DETAIL,SUGGEST_DATE,DIRE_PD_ID,PROFILE) values ('suggest_21','삭이오',1300000,to_date('2022-06-21','YYYY-MM-DD'),'서울 마포구 동교동 159-11','홍대입구역 1번출구',to_date('2022-06-20','YYYY-MM-DD'),'dire_51','KakaoTalk_20220620_120047826.jpg');
Insert into COMFIT.SUGGEST_LIST_REALVIEW (SUGGEST_CODE,U_NICKNAME,PRICE,SUGGEST_TIME,SUGGEST_PLACE,PLACE_DETAIL,SUGGEST_DATE,DIRE_PD_ID,PROFILE) values ('suggest_20','삭이오',800000,to_date('2022-06-24','YYYY-MM-DD'),'서울 마포구 동교동 155-6','홍대입구 1번 출구',to_date('2022-06-20','YYYY-MM-DD'),'dire_49','KakaoTalk_20220620_120047826.jpg');
Insert into COMFIT.SUGGEST_LIST_REALVIEW (SUGGEST_CODE,U_NICKNAME,PRICE,SUGGEST_TIME,SUGGEST_PLACE,PLACE_DETAIL,SUGGEST_DATE,DIRE_PD_ID,PROFILE) values ('suggest_16','삭이오',140000,to_date('2022-06-21','YYYY-MM-DD'),'인천 계양구 작전동 878','작전역 4번출구 앞',to_date('2022-06-19','YYYY-MM-DD'),'dire_45','KakaoTalk_20220620_120047826.jpg');
Insert into COMFIT.SUGGEST_LIST_REALVIEW (SUGGEST_CODE,U_NICKNAME,PRICE,SUGGEST_TIME,SUGGEST_PLACE,PLACE_DETAIL,SUGGEST_DATE,DIRE_PD_ID,PROFILE) values ('suggest_14','삭이오',30000,to_date('2022-06-24','YYYY-MM-DD'),'인천 계양구 작전동 878','작전역 1번출구',to_date('2022-06-19','YYYY-MM-DD'),'dire_43','KakaoTalk_20220620_120047826.jpg');
Insert into COMFIT.SUGGEST_LIST_REALVIEW (SUGGEST_CODE,U_NICKNAME,PRICE,SUGGEST_TIME,SUGGEST_PLACE,PLACE_DETAIL,SUGGEST_DATE,DIRE_PD_ID,PROFILE) values ('suggest_9','삭이오',3312,to_date('2022-06-20','YYYY-MM-DD'),'서울 강북구 수유동 240-38','13123',to_date('2022-06-17','YYYY-MM-DD'),'dire_2','KakaoTalk_20220620_120047826.jpg');
Insert into COMFIT.SUGGEST_LIST_REALVIEW (SUGGEST_CODE,U_NICKNAME,PRICE,SUGGEST_TIME,SUGGEST_PLACE,PLACE_DETAIL,SUGGEST_DATE,DIRE_PD_ID,PROFILE) values ('suggest_10','민성킴의활약',200000,to_date('2022-06-19','YYYY-MM-DD'),'인천 청천','공장',to_date('2022-06-18','YYYY-MM-DD'),'dire_42','내프로필.jpg');
Insert into COMFIT.SUGGEST_LIST_REALVIEW (SUGGEST_CODE,U_NICKNAME,PRICE,SUGGEST_TIME,SUGGEST_PLACE,PLACE_DETAIL,SUGGEST_DATE,DIRE_PD_ID,PROFILE) values ('suggest_12','민성킴의활약',30000,to_date('2022-06-21','YYYY-MM-DD'),'경기 성남시 분당구 판교동 584-1','하이여',to_date('2022-06-18','YYYY-MM-DD'),'dire_41','내프로필.jpg');
Insert into COMFIT.SUGGEST_LIST_REALVIEW (SUGGEST_CODE,U_NICKNAME,PRICE,SUGGEST_TIME,SUGGEST_PLACE,PLACE_DETAIL,SUGGEST_DATE,DIRE_PD_ID,PROFILE) values ('suggest_11','민성킴의활약',123123,to_date('2022-06-19','YYYY-MM-DD'),'인천 계양구 작전동 411','ZZ',to_date('2022-06-18','YYYY-MM-DD'),'dire_42','내프로필.jpg');
Insert into COMFIT.SUGGEST_LIST_REALVIEW (SUGGEST_CODE,U_NICKNAME,PRICE,SUGGEST_TIME,SUGGEST_PLACE,PLACE_DETAIL,SUGGEST_DATE,DIRE_PD_ID,PROFILE) values ('suggest_3','민성킴의활약',855500,to_date('2022-06-18','YYYY-MM-DD'),'서울 도봉구 우이천로 39길 10','우이성당 앞',to_date('2022-06-17','YYYY-MM-DD'),'dire_2','내프로필.jpg');
Insert into COMFIT.SUGGEST_LIST_REALVIEW (SUGGEST_CODE,U_NICKNAME,PRICE,SUGGEST_TIME,SUGGEST_PLACE,PLACE_DETAIL,SUGGEST_DATE,DIRE_PD_ID,PROFILE) values ('suggest_1','민성킴의활약',950000,to_date('2022-06-12','YYYY-MM-DD'),'서울 도봉구 우이천로 50길 40','우림슈퍼앞',to_date('2022-06-10','YYYY-MM-DD'),'dire_1','내프로필.jpg');
Insert into COMFIT.SUGGEST_LIST_REALVIEW (SUGGEST_CODE,U_NICKNAME,PRICE,SUGGEST_TIME,SUGGEST_PLACE,PLACE_DETAIL,SUGGEST_DATE,DIRE_PD_ID,PROFILE) values ('suggest_18','아시발꿈',8000,to_date('2022-06-19','YYYY-MM-DD'),'서울 마포구 합정동 55-1','마포새빛문화숩 편의점 앞',to_date('2022-06-19','YYYY-MM-DD'),'dire_16','defaultprofil.jpg');
Insert into COMFIT.SUGGEST_LIST_REALVIEW (SUGGEST_CODE,U_NICKNAME,PRICE,SUGGEST_TIME,SUGGEST_PLACE,PLACE_DETAIL,SUGGEST_DATE,DIRE_PD_ID,PROFILE) values ('suggest_17','아시발꿈',30000,to_date('2022-06-21','YYYY-MM-DD'),'서울 마포구 합정동 55-1','잔디밭',to_date('2022-06-19','YYYY-MM-DD'),'dire_7','defaultprofil.jpg');
Insert into COMFIT.SUGGEST_LIST_REALVIEW (SUGGEST_CODE,U_NICKNAME,PRICE,SUGGEST_TIME,SUGGEST_PLACE,PLACE_DETAIL,SUGGEST_DATE,DIRE_PD_ID,PROFILE) values ('suggest_15','김깐득2',200000,to_date('2022-06-21','YYYY-MM-DD'),'인천 계양구 계산동 1079-1','계양구청 입구',to_date('2022-06-19','YYYY-MM-DD'),'dire_44','970282641.jpg');
Insert into COMFIT.SUGGEST_LIST_REALVIEW (SUGGEST_CODE,U_NICKNAME,PRICE,SUGGEST_TIME,SUGGEST_PLACE,PLACE_DETAIL,SUGGEST_DATE,DIRE_PD_ID,PROFILE) values ('suggest_13','김깐득2',0,to_date('2022-06-17','YYYY-MM-DD'),'서울 마포구 합정동 404','123',to_date('2022-06-18','YYYY-MM-DD'),'dire_16','970282641.jpg');
Insert into COMFIT.SUGGEST_LIST_REALVIEW (SUGGEST_CODE,U_NICKNAME,PRICE,SUGGEST_TIME,SUGGEST_PLACE,PLACE_DETAIL,SUGGEST_DATE,DIRE_PD_ID,PROFILE) values ('suggest_19','굿바이',28000,to_date('2022-06-20','YYYY-MM-DD'),'서울 마포구 합정동 414','합정역 근처',to_date('2022-06-19','YYYY-MM-DD'),'dire_10','defaultprofil.jpg');
REM INSERTING into COMFIT.SUGGEST_SELECTEDCOUNT_VIEW
SET DEFINE OFF;
Insert into COMFIT.SUGGEST_SELECTEDCOUNT_VIEW (SUGGEST_CODE,SUGGEST_PRICE,SUGGEST_TIME,SUGGEST_DATE,SUGGEST_PLACE,PLACE_DETAIL,U_ID,DIRE_PD_ID,ALARM_CODE,SELECTEDCOUNT) values ('suggest_1',950000,to_date('2022-06-12','YYYY-MM-DD'),to_date('2022-06-10','YYYY-MM-DD'),'서울 도봉구 우이천로 50길 40','우림슈퍼앞','test2','dire_1',1,1);
Insert into COMFIT.SUGGEST_SELECTEDCOUNT_VIEW (SUGGEST_CODE,SUGGEST_PRICE,SUGGEST_TIME,SUGGEST_DATE,SUGGEST_PLACE,PLACE_DETAIL,U_ID,DIRE_PD_ID,ALARM_CODE,SELECTEDCOUNT) values ('suggest_3',855500,to_date('2022-06-18','YYYY-MM-DD'),to_date('2022-06-17','YYYY-MM-DD'),'서울 도봉구 우이천로 39길 10','우이성당 앞','test2','dire_2',1,0);
Insert into COMFIT.SUGGEST_SELECTEDCOUNT_VIEW (SUGGEST_CODE,SUGGEST_PRICE,SUGGEST_TIME,SUGGEST_DATE,SUGGEST_PLACE,PLACE_DETAIL,U_ID,DIRE_PD_ID,ALARM_CODE,SELECTEDCOUNT) values ('suggest_11',123123,to_date('2022-06-19','YYYY-MM-DD'),to_date('2022-06-18','YYYY-MM-DD'),'인천 계양구 작전동 411','ZZ','test2','dire_42',1,1);
Insert into COMFIT.SUGGEST_SELECTEDCOUNT_VIEW (SUGGEST_CODE,SUGGEST_PRICE,SUGGEST_TIME,SUGGEST_DATE,SUGGEST_PLACE,PLACE_DETAIL,U_ID,DIRE_PD_ID,ALARM_CODE,SELECTEDCOUNT) values ('suggest_12',30000,to_date('2022-06-21','YYYY-MM-DD'),to_date('2022-06-18','YYYY-MM-DD'),'경기 성남시 분당구 판교동 584-1','하이여','test2','dire_41',1,1);
Insert into COMFIT.SUGGEST_SELECTEDCOUNT_VIEW (SUGGEST_CODE,SUGGEST_PRICE,SUGGEST_TIME,SUGGEST_DATE,SUGGEST_PLACE,PLACE_DETAIL,U_ID,DIRE_PD_ID,ALARM_CODE,SELECTEDCOUNT) values ('suggest_9',3312,to_date('2022-06-20','YYYY-MM-DD'),to_date('2022-06-17','YYYY-MM-DD'),'서울 강북구 수유동 240-38','13123','test1','dire_2',1,1);
Insert into COMFIT.SUGGEST_SELECTEDCOUNT_VIEW (SUGGEST_CODE,SUGGEST_PRICE,SUGGEST_TIME,SUGGEST_DATE,SUGGEST_PLACE,PLACE_DETAIL,U_ID,DIRE_PD_ID,ALARM_CODE,SELECTEDCOUNT) values ('suggest_10',200000,to_date('2022-06-19','YYYY-MM-DD'),to_date('2022-06-18','YYYY-MM-DD'),'인천 청천','공장','test2','dire_42',1,0);
Insert into COMFIT.SUGGEST_SELECTEDCOUNT_VIEW (SUGGEST_CODE,SUGGEST_PRICE,SUGGEST_TIME,SUGGEST_DATE,SUGGEST_PLACE,PLACE_DETAIL,U_ID,DIRE_PD_ID,ALARM_CODE,SELECTEDCOUNT) values ('suggest_13',0,to_date('2022-06-17','YYYY-MM-DD'),to_date('2022-06-18','YYYY-MM-DD'),'서울 마포구 합정동 404','123','test36','dire_16',1,0);
Insert into COMFIT.SUGGEST_SELECTEDCOUNT_VIEW (SUGGEST_CODE,SUGGEST_PRICE,SUGGEST_TIME,SUGGEST_DATE,SUGGEST_PLACE,PLACE_DETAIL,U_ID,DIRE_PD_ID,ALARM_CODE,SELECTEDCOUNT) values ('suggest_14',30000,to_date('2022-06-24','YYYY-MM-DD'),to_date('2022-06-19','YYYY-MM-DD'),'인천 계양구 작전동 878','작전역 1번출구','test1','dire_43',1,1);
Insert into COMFIT.SUGGEST_SELECTEDCOUNT_VIEW (SUGGEST_CODE,SUGGEST_PRICE,SUGGEST_TIME,SUGGEST_DATE,SUGGEST_PLACE,PLACE_DETAIL,U_ID,DIRE_PD_ID,ALARM_CODE,SELECTEDCOUNT) values ('suggest_15',200000,to_date('2022-06-21','YYYY-MM-DD'),to_date('2022-06-19','YYYY-MM-DD'),'인천 계양구 계산동 1079-1','계양구청 입구','test36','dire_44',1,1);
Insert into COMFIT.SUGGEST_SELECTEDCOUNT_VIEW (SUGGEST_CODE,SUGGEST_PRICE,SUGGEST_TIME,SUGGEST_DATE,SUGGEST_PLACE,PLACE_DETAIL,U_ID,DIRE_PD_ID,ALARM_CODE,SELECTEDCOUNT) values ('suggest_16',140000,to_date('2022-06-21','YYYY-MM-DD'),to_date('2022-06-19','YYYY-MM-DD'),'인천 계양구 작전동 878','작전역 4번출구 앞','test1','dire_45',1,1);
Insert into COMFIT.SUGGEST_SELECTEDCOUNT_VIEW (SUGGEST_CODE,SUGGEST_PRICE,SUGGEST_TIME,SUGGEST_DATE,SUGGEST_PLACE,PLACE_DETAIL,U_ID,DIRE_PD_ID,ALARM_CODE,SELECTEDCOUNT) values ('suggest_17',30000,to_date('2022-06-21','YYYY-MM-DD'),to_date('2022-06-19','YYYY-MM-DD'),'서울 마포구 합정동 55-1','잔디밭','test33','dire_7',1,0);
Insert into COMFIT.SUGGEST_SELECTEDCOUNT_VIEW (SUGGEST_CODE,SUGGEST_PRICE,SUGGEST_TIME,SUGGEST_DATE,SUGGEST_PLACE,PLACE_DETAIL,U_ID,DIRE_PD_ID,ALARM_CODE,SELECTEDCOUNT) values ('suggest_18',8000,to_date('2022-06-19','YYYY-MM-DD'),to_date('2022-06-19','YYYY-MM-DD'),'서울 마포구 합정동 55-1','마포새빛문화숩 편의점 앞','test33','dire_16',1,0);
Insert into COMFIT.SUGGEST_SELECTEDCOUNT_VIEW (SUGGEST_CODE,SUGGEST_PRICE,SUGGEST_TIME,SUGGEST_DATE,SUGGEST_PLACE,PLACE_DETAIL,U_ID,DIRE_PD_ID,ALARM_CODE,SELECTEDCOUNT) values ('suggest_19',28000,to_date('2022-06-20','YYYY-MM-DD'),to_date('2022-06-19','YYYY-MM-DD'),'서울 마포구 합정동 414','합정역 근처','test47','dire_10',1,1);
Insert into COMFIT.SUGGEST_SELECTEDCOUNT_VIEW (SUGGEST_CODE,SUGGEST_PRICE,SUGGEST_TIME,SUGGEST_DATE,SUGGEST_PLACE,PLACE_DETAIL,U_ID,DIRE_PD_ID,ALARM_CODE,SELECTEDCOUNT) values ('suggest_20',800000,to_date('2022-06-24','YYYY-MM-DD'),to_date('2022-06-20','YYYY-MM-DD'),'서울 마포구 동교동 155-6','홍대입구 1번 출구','test1','dire_49',1,1);
Insert into COMFIT.SUGGEST_SELECTEDCOUNT_VIEW (SUGGEST_CODE,SUGGEST_PRICE,SUGGEST_TIME,SUGGEST_DATE,SUGGEST_PLACE,PLACE_DETAIL,U_ID,DIRE_PD_ID,ALARM_CODE,SELECTEDCOUNT) values ('suggest_21',1300000,to_date('2022-06-21','YYYY-MM-DD'),to_date('2022-06-20','YYYY-MM-DD'),'서울 마포구 동교동 159-11','홍대입구역 1번출구','test1','dire_51',1,1);
REM INSERTING into COMFIT.TEST01_VIEW
SET DEFINE OFF;
Insert into COMFIT.TEST01_VIEW (DELI_PD_NUM,PD_REGIT_DATE,PD_TITLE,DELI_PD_ID,U_ID,PD_STATUS,CATEGORY_NAME,PD_NAME,PD_MAKER_ID,B_U_ID,BID_PRICE,BID_DATE,ADDRESS,BUY_COMP_DATE,SELL_COMP_DATE,PD_DELI_NUM,BS_ID) values ('12',to_date('2022-06-16','YYYY-MM-DD'),'라이젠 5600','택배거래','test2','거래중','CPU','라이젠5600','maker_2','test36',310000,to_date('2022-06-19','YYYY-MM-DD'),'인천 계양구 새벌로112번길 12 (효성동, 현대4차아파트)405동 1703호',null,null,null,'유찰');
Insert into COMFIT.TEST01_VIEW (DELI_PD_NUM,PD_REGIT_DATE,PD_TITLE,DELI_PD_ID,U_ID,PD_STATUS,CATEGORY_NAME,PD_NAME,PD_MAKER_ID,B_U_ID,BID_PRICE,BID_DATE,ADDRESS,BUY_COMP_DATE,SELL_COMP_DATE,PD_DELI_NUM,BS_ID) values ('12',to_date('2022-06-16','YYYY-MM-DD'),'라이젠 5600','택배거래','test2','거래중','CPU','라이젠5600','maker_2','test45',350000,to_date('2022-06-19','YYYY-MM-DD'),'인천 계양구 계양대로 지하 73 (작전동)1번출구',null,null,null,'낙찰');
Insert into COMFIT.TEST01_VIEW (DELI_PD_NUM,PD_REGIT_DATE,PD_TITLE,DELI_PD_ID,U_ID,PD_STATUS,CATEGORY_NAME,PD_NAME,PD_MAKER_ID,B_U_ID,BID_PRICE,BID_DATE,ADDRESS,BUY_COMP_DATE,SELL_COMP_DATE,PD_DELI_NUM,BS_ID) values ('1',to_date('2022-06-10','YYYY-MM-DD'),'i-7 8700 저렴하게 판매','택배거래','test2','거래완료','CPU','intel I-7 8700','maker_1','test1',155000,to_date('2022-06-10','YYYY-MM-DD'),'서울특별시 마포구 월드컵북로 212층 풍성빌딩',to_date('2022-06-10','YYYY-MM-DD'),to_date('2022-06-10','YYYY-MM-DD'),'12345678901','낙찰');
Insert into COMFIT.TEST01_VIEW (DELI_PD_NUM,PD_REGIT_DATE,PD_TITLE,DELI_PD_ID,U_ID,PD_STATUS,CATEGORY_NAME,PD_NAME,PD_MAKER_ID,B_U_ID,BID_PRICE,BID_DATE,ADDRESS,BUY_COMP_DATE,SELL_COMP_DATE,PD_DELI_NUM,BS_ID) values ('5',to_date('0022-06-16','YYYY-MM-DD'),'i7 10700 팔아요','택배거래','test2','거래중','CPU','i7 10700','maker_1',null,null,null,null,null,null,null,'유찰');
Insert into COMFIT.TEST01_VIEW (DELI_PD_NUM,PD_REGIT_DATE,PD_TITLE,DELI_PD_ID,U_ID,PD_STATUS,CATEGORY_NAME,PD_NAME,PD_MAKER_ID,B_U_ID,BID_PRICE,BID_DATE,ADDRESS,BUY_COMP_DATE,SELL_COMP_DATE,PD_DELI_NUM,BS_ID) values ('1',to_date('2022-06-10','YYYY-MM-DD'),'i-7 8700 저렴하게 판매','택배거래','test2','거래중','CPU','intel I-7 8700','maker_1','test3',152000,to_date('2022-06-10','YYYY-MM-DD'),'인천광역시 중구 신포동신흥초등학교',null,null,null,'유찰');
Insert into COMFIT.TEST01_VIEW (DELI_PD_NUM,PD_REGIT_DATE,PD_TITLE,DELI_PD_ID,U_ID,PD_STATUS,CATEGORY_NAME,PD_NAME,PD_MAKER_ID,B_U_ID,BID_PRICE,BID_DATE,ADDRESS,BUY_COMP_DATE,SELL_COMP_DATE,PD_DELI_NUM,BS_ID) values ('1',to_date('2022-06-10','YYYY-MM-DD'),'i-7 8700 저렴하게 판매','택배거래','test2','거래중','CPU','intel I-7 8700','maker_1','test2',156000,to_date('2022-06-19','YYYY-MM-DD'),'인천광역시 중구 신포2동아파트앞삼거리',null,null,null,'유찰');
Insert into COMFIT.TEST01_VIEW (DELI_PD_NUM,PD_REGIT_DATE,PD_TITLE,DELI_PD_ID,U_ID,PD_STATUS,CATEGORY_NAME,PD_NAME,PD_MAKER_ID,B_U_ID,BID_PRICE,BID_DATE,ADDRESS,BUY_COMP_DATE,SELL_COMP_DATE,PD_DELI_NUM,BS_ID) values ('3',to_date('0022-06-15','YYYY-MM-DD'),'RTX2060 팔아요','택배거래','test2','거래중','그래픽카드','RTX2060','maker_20',null,null,null,null,null,null,null,'유찰');
Insert into COMFIT.TEST01_VIEW (DELI_PD_NUM,PD_REGIT_DATE,PD_TITLE,DELI_PD_ID,U_ID,PD_STATUS,CATEGORY_NAME,PD_NAME,PD_MAKER_ID,B_U_ID,BID_PRICE,BID_DATE,ADDRESS,BUY_COMP_DATE,SELL_COMP_DATE,PD_DELI_NUM,BS_ID) values ('20',to_date('2022-06-17','YYYY-MM-DD'),'wddwwdwddwwdwd','택배거래','test1','거래중','그래픽카드','RTX2070','maker_18','test33',1029000,to_date('2022-06-19','YYYY-MM-DD'),'경기 화성시 우정읍 3.1만세로 1ㅋㅋ',null,to_date('2022-06-19','YYYY-MM-DD'),'1515','낙찰');
Insert into COMFIT.TEST01_VIEW (DELI_PD_NUM,PD_REGIT_DATE,PD_TITLE,DELI_PD_ID,U_ID,PD_STATUS,CATEGORY_NAME,PD_NAME,PD_MAKER_ID,B_U_ID,BID_PRICE,BID_DATE,ADDRESS,BUY_COMP_DATE,SELL_COMP_DATE,PD_DELI_NUM,BS_ID) values ('13',to_date('2022-06-16','YYYY-MM-DD'),'이엠텍 gtx 1060 팔아요','택배거래','test16','거래완료','그래픽카드','gtx 1060','maker_16','test1',130000,to_date('2022-06-20','YYYY-MM-DD'),'서울 마포구 가양대로 2 (상암동)빌딩 2층 205호',to_date('2022-06-20','YYYY-MM-DD'),to_date('2022-06-20','YYYY-MM-DD'),'0002989381','낙찰');
Insert into COMFIT.TEST01_VIEW (DELI_PD_NUM,PD_REGIT_DATE,PD_TITLE,DELI_PD_ID,U_ID,PD_STATUS,CATEGORY_NAME,PD_NAME,PD_MAKER_ID,B_U_ID,BID_PRICE,BID_DATE,ADDRESS,BUY_COMP_DATE,SELL_COMP_DATE,PD_DELI_NUM,BS_ID) values ('11',to_date('2022-06-16','YYYY-MM-DD'),'이엠텍 gtx 1060 팔아요','택배거래','test2','거래중','그래픽카드','gtx 1060','maker_16','test1',120000,to_date('2022-06-18','YYYY-MM-DD'),'인천 중구 어딘가으슥한곳',null,null,null,'유찰');
Insert into COMFIT.TEST01_VIEW (DELI_PD_NUM,PD_REGIT_DATE,PD_TITLE,DELI_PD_ID,U_ID,PD_STATUS,CATEGORY_NAME,PD_NAME,PD_MAKER_ID,B_U_ID,BID_PRICE,BID_DATE,ADDRESS,BUY_COMP_DATE,SELL_COMP_DATE,PD_DELI_NUM,BS_ID) values ('25',to_date('2022-06-20','YYYY-MM-DD'),'그래픽카드 완전싸게','택배거래','test1','거래완료','그래픽카드','그래픽카드','maker_15','test2',700000,to_date('2022-06-20','YYYY-MM-DD'),'대전 동구 판교1길 3 (판암동)빌딩 3층 405호',to_date('2022-06-20','YYYY-MM-DD'),to_date('2022-06-20','YYYY-MM-DD'),'0002989381','낙찰');
Insert into COMFIT.TEST01_VIEW (DELI_PD_NUM,PD_REGIT_DATE,PD_TITLE,DELI_PD_ID,U_ID,PD_STATUS,CATEGORY_NAME,PD_NAME,PD_MAKER_ID,B_U_ID,BID_PRICE,BID_DATE,ADDRESS,BUY_COMP_DATE,SELL_COMP_DATE,PD_DELI_NUM,BS_ID) values ('9',to_date('0022-06-16','YYYY-MM-DD'),'asdasdasd','택배거래','test2','거래중','그래픽카드','rtx 3060','maker_15',null,null,null,null,null,null,null,'유찰');
Insert into COMFIT.TEST01_VIEW (DELI_PD_NUM,PD_REGIT_DATE,PD_TITLE,DELI_PD_ID,U_ID,PD_STATUS,CATEGORY_NAME,PD_NAME,PD_MAKER_ID,B_U_ID,BID_PRICE,BID_DATE,ADDRESS,BUY_COMP_DATE,SELL_COMP_DATE,PD_DELI_NUM,BS_ID) values ('7',to_date('0022-06-16','YYYY-MM-DD'),'한성gk893 팝니다','택배거래','test2','거래중','키보드','한성gk893','maker_66',null,null,null,null,null,null,null,'유찰');
Insert into COMFIT.TEST01_VIEW (DELI_PD_NUM,PD_REGIT_DATE,PD_TITLE,DELI_PD_ID,U_ID,PD_STATUS,CATEGORY_NAME,PD_NAME,PD_MAKER_ID,B_U_ID,BID_PRICE,BID_DATE,ADDRESS,BUY_COMP_DATE,SELL_COMP_DATE,PD_DELI_NUM,BS_ID) values ('2',to_date('2022-06-14','YYYY-MM-DD'),'레이저 마우스 급처','택배거래','test3','거래중','마우스','레이저 바이퍼','maker_122',null,null,null,null,null,null,null,'유찰');
Insert into COMFIT.TEST01_VIEW (DELI_PD_NUM,PD_REGIT_DATE,PD_TITLE,DELI_PD_ID,U_ID,PD_STATUS,CATEGORY_NAME,PD_NAME,PD_MAKER_ID,B_U_ID,BID_PRICE,BID_DATE,ADDRESS,BUY_COMP_DATE,SELL_COMP_DATE,PD_DELI_NUM,BS_ID) values ('10',to_date('0022-06-16','YYYY-MM-DD'),'맥스틸 마우스 팔아요','택배거래','test2','거래중','마우스','맥스틸 마우스','maker_75',null,null,null,null,null,null,null,'유찰');
Insert into COMFIT.TEST01_VIEW (DELI_PD_NUM,PD_REGIT_DATE,PD_TITLE,DELI_PD_ID,U_ID,PD_STATUS,CATEGORY_NAME,PD_NAME,PD_MAKER_ID,B_U_ID,BID_PRICE,BID_DATE,ADDRESS,BUY_COMP_DATE,SELL_COMP_DATE,PD_DELI_NUM,BS_ID) values ('14',to_date('2022-06-16','YYYY-MM-DD'),'로지텍 g102 팔아요','택배거래','test16','거래중','마우스','g102','maker_71',null,null,null,null,null,null,null,'유찰');
Insert into COMFIT.TEST01_VIEW (DELI_PD_NUM,PD_REGIT_DATE,PD_TITLE,DELI_PD_ID,U_ID,PD_STATUS,CATEGORY_NAME,PD_NAME,PD_MAKER_ID,B_U_ID,BID_PRICE,BID_DATE,ADDRESS,BUY_COMP_DATE,SELL_COMP_DATE,PD_DELI_NUM,BS_ID) values ('6',to_date('0022-06-16','YYYY-MM-DD'),'g304 마우스 팔아요','택배거래','test2','거래중','마우스','g304','maker_71',null,null,null,null,null,null,null,'유찰');
Insert into COMFIT.TEST01_VIEW (DELI_PD_NUM,PD_REGIT_DATE,PD_TITLE,DELI_PD_ID,U_ID,PD_STATUS,CATEGORY_NAME,PD_NAME,PD_MAKER_ID,B_U_ID,BID_PRICE,BID_DATE,ADDRESS,BUY_COMP_DATE,SELL_COMP_DATE,PD_DELI_NUM,BS_ID) values ('15',to_date('2022-06-16','YYYY-MM-DD'),'로지텍 g102 팔아요','택배거래','test16','거래중','마우스','g102','maker_71','test1',5500,to_date('2022-06-20','YYYY-MM-DD'),'서울 서대문구 가재울로 6 (남가좌동)빌딩 3층',null,null,null,'유찰');
Insert into COMFIT.TEST01_VIEW (DELI_PD_NUM,PD_REGIT_DATE,PD_TITLE,DELI_PD_ID,U_ID,PD_STATUS,CATEGORY_NAME,PD_NAME,PD_MAKER_ID,B_U_ID,BID_PRICE,BID_DATE,ADDRESS,BUY_COMP_DATE,SELL_COMP_DATE,PD_DELI_NUM,BS_ID) values ('4',to_date('0022-06-16','YYYY-MM-DD'),'27GN750 모니터 팔아요','택배거래','test2','거래중','모니터','27GN750','maker_79',null,null,null,null,null,null,null,'유찰');
REM INSERTING into COMFIT.TOTAL_DEAL_VIEW
SET DEFINE OFF;
Insert into COMFIT.TOTAL_DEAL_VIEW (DELI_PD_ID,CATEGORY_NAME,PD_REGIT_DATE,U_ID,PD_TITLE,DEAL_TYPE,DEAL_STATUS) values ('1','CPU',to_date('2022-06-10','YYYY-MM-DD'),'test2','i-7 8700 저렴하게 판매','택배거래','거래완료');
Insert into COMFIT.TOTAL_DEAL_VIEW (DELI_PD_ID,CATEGORY_NAME,PD_REGIT_DATE,U_ID,PD_TITLE,DEAL_TYPE,DEAL_STATUS) values ('1','CPU',to_date('2022-06-10','YYYY-MM-DD'),'test2','i-7 8700 저렴하게 판매','택배거래','거래중');
Insert into COMFIT.TOTAL_DEAL_VIEW (DELI_PD_ID,CATEGORY_NAME,PD_REGIT_DATE,U_ID,PD_TITLE,DEAL_TYPE,DEAL_STATUS) values ('1','그래픽카드',to_date('2022-06-10','YYYY-MM-DD'),'test1','NVIDIA 그래픽카드 개급처','직거래','거래완료');
Insert into COMFIT.TOTAL_DEAL_VIEW (DELI_PD_ID,CATEGORY_NAME,PD_REGIT_DATE,U_ID,PD_TITLE,DEAL_TYPE,DEAL_STATUS) values ('10','마우스',to_date('0022-06-16','YYYY-MM-DD'),'test2','맥스틸 마우스 팔아요','택배거래','거래중');
Insert into COMFIT.TOTAL_DEAL_VIEW (DELI_PD_ID,CATEGORY_NAME,PD_REGIT_DATE,U_ID,PD_TITLE,DEAL_TYPE,DEAL_STATUS) values ('10','마우스',to_date('2022-06-17','YYYY-MM-DD'),'test1','G304 마우스 팝니다','직거래','거래완료');
Insert into COMFIT.TOTAL_DEAL_VIEW (DELI_PD_ID,CATEGORY_NAME,PD_REGIT_DATE,U_ID,PD_TITLE,DEAL_TYPE,DEAL_STATUS) values ('11','그래픽카드',to_date('2022-06-16','YYYY-MM-DD'),'test2','이엠텍 gtx 1060 팔아요','택배거래','거래중');
Insert into COMFIT.TOTAL_DEAL_VIEW (DELI_PD_ID,CATEGORY_NAME,PD_REGIT_DATE,U_ID,PD_TITLE,DEAL_TYPE,DEAL_STATUS) values ('12','CPU',to_date('2022-06-16','YYYY-MM-DD'),'test2','라이젠 5600','택배거래','거래중');
Insert into COMFIT.TOTAL_DEAL_VIEW (DELI_PD_ID,CATEGORY_NAME,PD_REGIT_DATE,U_ID,PD_TITLE,DEAL_TYPE,DEAL_STATUS) values ('13','그래픽카드',to_date('2022-06-16','YYYY-MM-DD'),'test16','이엠텍 gtx 1060 팔아요','택배거래','거래완료');
Insert into COMFIT.TOTAL_DEAL_VIEW (DELI_PD_ID,CATEGORY_NAME,PD_REGIT_DATE,U_ID,PD_TITLE,DEAL_TYPE,DEAL_STATUS) values ('14','마우스',to_date('2022-06-16','YYYY-MM-DD'),'test16','로지텍 g102 팔아요','택배거래','거래중');
Insert into COMFIT.TOTAL_DEAL_VIEW (DELI_PD_ID,CATEGORY_NAME,PD_REGIT_DATE,U_ID,PD_TITLE,DEAL_TYPE,DEAL_STATUS) values ('15','마우스',to_date('2022-06-16','YYYY-MM-DD'),'test16','로지텍 g102 팔아요','택배거래','거래중');
Insert into COMFIT.TOTAL_DEAL_VIEW (DELI_PD_ID,CATEGORY_NAME,PD_REGIT_DATE,U_ID,PD_TITLE,DEAL_TYPE,DEAL_STATUS) values ('16','RAM',to_date('2022-06-17','YYYY-MM-DD'),'test1','삼성 램 4gb 팔아요!','직거래','거래중');
Insert into COMFIT.TOTAL_DEAL_VIEW (DELI_PD_ID,CATEGORY_NAME,PD_REGIT_DATE,U_ID,PD_TITLE,DEAL_TYPE,DEAL_STATUS) values ('2','마우스',to_date('2022-06-14','YYYY-MM-DD'),'test3','레이저 마우스 급처','택배거래','거래중');
Insert into COMFIT.TOTAL_DEAL_VIEW (DELI_PD_ID,CATEGORY_NAME,PD_REGIT_DATE,U_ID,PD_TITLE,DEAL_TYPE,DEAL_STATUS) values ('2','키보드',to_date('2022-06-17','YYYY-MM-DD'),'test2','새거같은 레오폴드 키보드 판매','직거래','거래중');
Insert into COMFIT.TOTAL_DEAL_VIEW (DELI_PD_ID,CATEGORY_NAME,PD_REGIT_DATE,U_ID,PD_TITLE,DEAL_TYPE,DEAL_STATUS) values ('20','그래픽카드',to_date('2022-06-17','YYYY-MM-DD'),'test1','wddwwdwddwwdwd','택배거래','거래중');
Insert into COMFIT.TOTAL_DEAL_VIEW (DELI_PD_ID,CATEGORY_NAME,PD_REGIT_DATE,U_ID,PD_TITLE,DEAL_TYPE,DEAL_STATUS) values ('25','그래픽카드',to_date('2022-06-20','YYYY-MM-DD'),'test1','그래픽카드 완전싸게','택배거래','거래완료');
Insert into COMFIT.TOTAL_DEAL_VIEW (DELI_PD_ID,CATEGORY_NAME,PD_REGIT_DATE,U_ID,PD_TITLE,DEAL_TYPE,DEAL_STATUS) values ('3','그래픽카드',to_date('0022-06-15','YYYY-MM-DD'),'test2','RTX2060 팔아요','택배거래','거래중');
Insert into COMFIT.TOTAL_DEAL_VIEW (DELI_PD_ID,CATEGORY_NAME,PD_REGIT_DATE,U_ID,PD_TITLE,DEAL_TYPE,DEAL_STATUS) values ('4','모니터',to_date('0022-06-16','YYYY-MM-DD'),'test2','27GN750 모니터 팔아요','택배거래','거래중');
Insert into COMFIT.TOTAL_DEAL_VIEW (DELI_PD_ID,CATEGORY_NAME,PD_REGIT_DATE,U_ID,PD_TITLE,DEAL_TYPE,DEAL_STATUS) values ('41','키보드',to_date('2022-06-18','YYYY-MM-DD'),'test43','마닉 키보드 팔아요','직거래','거래중');
Insert into COMFIT.TOTAL_DEAL_VIEW (DELI_PD_ID,CATEGORY_NAME,PD_REGIT_DATE,U_ID,PD_TITLE,DEAL_TYPE,DEAL_STATUS) values ('42','그래픽카드',to_date('2022-06-18','YYYY-MM-DD'),'test36','이엠텍 gtx 1060 팔아요','직거래','거래중');
Insert into COMFIT.TOTAL_DEAL_VIEW (DELI_PD_ID,CATEGORY_NAME,PD_REGIT_DATE,U_ID,PD_TITLE,DEAL_TYPE,DEAL_STATUS) values ('43','PC케이스',to_date('2022-06-19','YYYY-MM-DD'),'test36','데이븐 카이저 케이스 급쳐 합니다.','직거래','거래완료');
Insert into COMFIT.TOTAL_DEAL_VIEW (DELI_PD_ID,CATEGORY_NAME,PD_REGIT_DATE,U_ID,PD_TITLE,DEAL_TYPE,DEAL_STATUS) values ('44','SSD',to_date('2022-06-19','YYYY-MM-DD'),'test1','삼성 m.2 ssd 1tb 970 쌔거 팝니다','직거래','거래완료');
Insert into COMFIT.TOTAL_DEAL_VIEW (DELI_PD_ID,CATEGORY_NAME,PD_REGIT_DATE,U_ID,PD_TITLE,DEAL_TYPE,DEAL_STATUS) values ('45','파워서플라이',to_date('2022-06-19','YYYY-MM-DD'),'test45','fsp 파워 500w 새제품 팝니다','직거래','거래완료');
Insert into COMFIT.TOTAL_DEAL_VIEW (DELI_PD_ID,CATEGORY_NAME,PD_REGIT_DATE,U_ID,PD_TITLE,DEAL_TYPE,DEAL_STATUS) values ('49','노트북',to_date('2022-06-20','YYYY-MM-DD'),'test2','노트북 팔아요','직거래','거래완료');
Insert into COMFIT.TOTAL_DEAL_VIEW (DELI_PD_ID,CATEGORY_NAME,PD_REGIT_DATE,U_ID,PD_TITLE,DEAL_TYPE,DEAL_STATUS) values ('5','CPU',to_date('0022-06-16','YYYY-MM-DD'),'test2','i7 10700 팔아요','택배거래','거래중');
Insert into COMFIT.TOTAL_DEAL_VIEW (DELI_PD_ID,CATEGORY_NAME,PD_REGIT_DATE,U_ID,PD_TITLE,DEAL_TYPE,DEAL_STATUS) values ('51','노트북',to_date('2022-06-20','YYYY-MM-DD'),'test48','맥북 개싸게팜','직거래','거래완료');
Insert into COMFIT.TOTAL_DEAL_VIEW (DELI_PD_ID,CATEGORY_NAME,PD_REGIT_DATE,U_ID,PD_TITLE,DEAL_TYPE,DEAL_STATUS) values ('6','마우스',to_date('0022-06-16','YYYY-MM-DD'),'test2','g304 마우스 팔아요','택배거래','거래중');
Insert into COMFIT.TOTAL_DEAL_VIEW (DELI_PD_ID,CATEGORY_NAME,PD_REGIT_DATE,U_ID,PD_TITLE,DEAL_TYPE,DEAL_STATUS) values ('7','그래픽카드',to_date('2022-06-17','YYYY-MM-DD'),'test2','RTX2070 싸게팜','직거래','거래중');
Insert into COMFIT.TOTAL_DEAL_VIEW (DELI_PD_ID,CATEGORY_NAME,PD_REGIT_DATE,U_ID,PD_TITLE,DEAL_TYPE,DEAL_STATUS) values ('7','키보드',to_date('0022-06-16','YYYY-MM-DD'),'test2','한성gk893 팝니다','택배거래','거래중');
Insert into COMFIT.TOTAL_DEAL_VIEW (DELI_PD_ID,CATEGORY_NAME,PD_REGIT_DATE,U_ID,PD_TITLE,DEAL_TYPE,DEAL_STATUS) values ('9','그래픽카드',to_date('0022-06-16','YYYY-MM-DD'),'test2','asdasdasd','택배거래','거래중');
REM INSERTING into COMFIT.TOTAL_DIRECT_VIEW
SET DEFINE OFF;
Insert into COMFIT.TOTAL_DIRECT_VIEW (PD_NUM,PD_REGIT_DATE,PD_TITLE,DEAL_TYPE,U_ID,DEAL_STATUS,SELLER_CODE,BUYER_CODE,SELL_OK,BUY_OK,SUGGEST_PRICE) values ('1',to_date('2022-06-10','YYYY-MM-DD'),'NVIDIA 그래픽카드 개급처','직거래','test1','거래완료','def456','abc123','y','y',950000);
Insert into COMFIT.TOTAL_DIRECT_VIEW (PD_NUM,PD_REGIT_DATE,PD_TITLE,DEAL_TYPE,U_ID,DEAL_STATUS,SELLER_CODE,BUYER_CODE,SELL_OK,BUY_OK,SUGGEST_PRICE) values ('2',to_date('2022-06-17','YYYY-MM-DD'),'새거같은 레오폴드 키보드 판매','직거래','test2','거래중','WGJ5Z2ZZoksyoxbo','MZHU5MDYATHUCJBG','n','y',3312);
Insert into COMFIT.TOTAL_DIRECT_VIEW (PD_NUM,PD_REGIT_DATE,PD_TITLE,DEAL_TYPE,U_ID,DEAL_STATUS,SELLER_CODE,BUYER_CODE,SELL_OK,BUY_OK,SUGGEST_PRICE) values ('41',to_date('2022-06-18','YYYY-MM-DD'),'마닉 키보드 팔아요','직거래','test43','거래중','C0BKQGRZvhuyhpme','805RLDYGTUWXABZF','n','y',30000);
Insert into COMFIT.TOTAL_DIRECT_VIEW (PD_NUM,PD_REGIT_DATE,PD_TITLE,DEAL_TYPE,U_ID,DEAL_STATUS,SELLER_CODE,BUYER_CODE,SELL_OK,BUY_OK,SUGGEST_PRICE) values ('44',to_date('2022-06-19','YYYY-MM-DD'),'삼성 m.2 ssd 1tb 970 쌔거 팝니다','직거래','test1','거래완료','PABIAM1Jdfxvpiap','8O0C149KZDRSAZQQ','y','y',200000);
Insert into COMFIT.TOTAL_DIRECT_VIEW (PD_NUM,PD_REGIT_DATE,PD_TITLE,DEAL_TYPE,U_ID,DEAL_STATUS,SELLER_CODE,BUYER_CODE,SELL_OK,BUY_OK,SUGGEST_PRICE) values ('43',to_date('2022-06-19','YYYY-MM-DD'),'데이븐 카이저 케이스 급쳐 합니다.','직거래','test36','거래완료','YBXDUMGUdwcsbqbq','8AU3XNQBITDNBAAE','y','y',30000);
Insert into COMFIT.TOTAL_DIRECT_VIEW (PD_NUM,PD_REGIT_DATE,PD_TITLE,DEAL_TYPE,U_ID,DEAL_STATUS,SELLER_CODE,BUYER_CODE,SELL_OK,BUY_OK,SUGGEST_PRICE) values ('45',to_date('2022-06-19','YYYY-MM-DD'),'fsp 파워 500w 새제품 팝니다','직거래','test45','거래완료','KLDAC4CZpnpajrhf','IEGRNXL4ATUNLSFX','y','y',140000);
Insert into COMFIT.TOTAL_DIRECT_VIEW (PD_NUM,PD_REGIT_DATE,PD_TITLE,DEAL_TYPE,U_ID,DEAL_STATUS,SELLER_CODE,BUYER_CODE,SELL_OK,BUY_OK,SUGGEST_PRICE) values ('10',to_date('2022-06-17','YYYY-MM-DD'),'G304 마우스 팝니다','직거래','test1','거래완료','6QUD7FDNgepqdajj','8Q3YLM36CZKZEEHL','y','y',28000);
Insert into COMFIT.TOTAL_DIRECT_VIEW (PD_NUM,PD_REGIT_DATE,PD_TITLE,DEAL_TYPE,U_ID,DEAL_STATUS,SELLER_CODE,BUYER_CODE,SELL_OK,BUY_OK,SUGGEST_PRICE) values ('49',to_date('2022-06-20','YYYY-MM-DD'),'노트북 팔아요','직거래','test2','거래완료','DT6ZIBBMvgdocosm','RAJY9R5IDVZYHRIA','y','y',800000);
Insert into COMFIT.TOTAL_DIRECT_VIEW (PD_NUM,PD_REGIT_DATE,PD_TITLE,DEAL_TYPE,U_ID,DEAL_STATUS,SELLER_CODE,BUYER_CODE,SELL_OK,BUY_OK,SUGGEST_PRICE) values ('51',to_date('2022-06-20','YYYY-MM-DD'),'맥북 개싸게팜','직거래','test48','거래완료','CZECWW26oeijxabl','LNR5PJ7KTTQWELGY','y','y',1300000);
Insert into COMFIT.TOTAL_DIRECT_VIEW (PD_NUM,PD_REGIT_DATE,PD_TITLE,DEAL_TYPE,U_ID,DEAL_STATUS,SELLER_CODE,BUYER_CODE,SELL_OK,BUY_OK,SUGGEST_PRICE) values ('50',to_date('2022-06-20','YYYY-MM-DD'),'모니터 팝니다','직거래','test37','거래중',null,null,'n','n',null);
Insert into COMFIT.TOTAL_DIRECT_VIEW (PD_NUM,PD_REGIT_DATE,PD_TITLE,DEAL_TYPE,U_ID,DEAL_STATUS,SELLER_CODE,BUYER_CODE,SELL_OK,BUY_OK,SUGGEST_PRICE) values ('5',to_date('2022-06-17','YYYY-MM-DD'),'RTX2070 싸게팜','직거래','test2','거래중',null,null,'n','n',null);
Insert into COMFIT.TOTAL_DIRECT_VIEW (PD_NUM,PD_REGIT_DATE,PD_TITLE,DEAL_TYPE,U_ID,DEAL_STATUS,SELLER_CODE,BUYER_CODE,SELL_OK,BUY_OK,SUGGEST_PRICE) values ('34',to_date('2022-06-17','YYYY-MM-DD'),'이엠텍 gtx 1060 팔아요','직거래','test36','거래중',null,null,'n','n',null);
Insert into COMFIT.TOTAL_DIRECT_VIEW (PD_NUM,PD_REGIT_DATE,PD_TITLE,DEAL_TYPE,U_ID,DEAL_STATUS,SELLER_CODE,BUYER_CODE,SELL_OK,BUY_OK,SUGGEST_PRICE) values ('17',to_date('2022-06-17','YYYY-MM-DD'),'노트북 싸게팝니다','직거래','test1','거래중',null,null,'n','n',null);
Insert into COMFIT.TOTAL_DIRECT_VIEW (PD_NUM,PD_REGIT_DATE,PD_TITLE,DEAL_TYPE,U_ID,DEAL_STATUS,SELLER_CODE,BUYER_CODE,SELL_OK,BUY_OK,SUGGEST_PRICE) values ('16',to_date('2022-06-17','YYYY-MM-DD'),'삼성 램 4gb 팔아요!','직거래','test1','거래중',null,null,'n','n',0);
Insert into COMFIT.TOTAL_DIRECT_VIEW (PD_NUM,PD_REGIT_DATE,PD_TITLE,DEAL_TYPE,U_ID,DEAL_STATUS,SELLER_CODE,BUYER_CODE,SELL_OK,BUY_OK,SUGGEST_PRICE) values ('42',to_date('2022-06-18','YYYY-MM-DD'),'이엠텍 gtx 1060 팔아요','직거래','test36','거래중',null,null,'n','n',200000);
Insert into COMFIT.TOTAL_DIRECT_VIEW (PD_NUM,PD_REGIT_DATE,PD_TITLE,DEAL_TYPE,U_ID,DEAL_STATUS,SELLER_CODE,BUYER_CODE,SELL_OK,BUY_OK,SUGGEST_PRICE) values ('7',to_date('2022-06-17','YYYY-MM-DD'),'RTX2070 싸게팜','직거래','test2','거래중',null,null,'n','n',30000);
Insert into COMFIT.TOTAL_DIRECT_VIEW (PD_NUM,PD_REGIT_DATE,PD_TITLE,DEAL_TYPE,U_ID,DEAL_STATUS,SELLER_CODE,BUYER_CODE,SELL_OK,BUY_OK,SUGGEST_PRICE) values ('2',to_date('2022-06-17','YYYY-MM-DD'),'새거같은 레오폴드 키보드 판매','직거래','test2','거래중',null,null,'n','n',855500);
Insert into COMFIT.TOTAL_DIRECT_VIEW (PD_NUM,PD_REGIT_DATE,PD_TITLE,DEAL_TYPE,U_ID,DEAL_STATUS,SELLER_CODE,BUYER_CODE,SELL_OK,BUY_OK,SUGGEST_PRICE) values ('16',to_date('2022-06-17','YYYY-MM-DD'),'삼성 램 4gb 팔아요!','직거래','test1','거래중',null,null,'n','n',8000);
Insert into COMFIT.TOTAL_DIRECT_VIEW (PD_NUM,PD_REGIT_DATE,PD_TITLE,DEAL_TYPE,U_ID,DEAL_STATUS,SELLER_CODE,BUYER_CODE,SELL_OK,BUY_OK,SUGGEST_PRICE) values ('42',to_date('2022-06-18','YYYY-MM-DD'),'이엠텍 gtx 1060 팔아요','직거래','test36','거래중','JM7C7M8Nnumkopsr','YOZ36GDYTAHATEGA','y','n',123123);
REM INSERTING into COMFIT.TOTAL_DIRECT_VIEW2
SET DEFINE OFF;
Insert into COMFIT.TOTAL_DIRECT_VIEW2 (PD_NUM,CATEGORY_NAME,PD_NAME,MAKER_NAME,PD_HOPEPRICE,PD_HOPE_PLACE,HOPE_SATE,HOPE_TIME) values ('5','그래픽카드','RTX2070','갤럭시',1000000,'서울 마포구 독막로3길 17 (서교동)','2022-06-18 ~ 2022-06-21','16:00 PM ~ 19:00 PM');
Insert into COMFIT.TOTAL_DIRECT_VIEW2 (PD_NUM,CATEGORY_NAME,PD_NAME,MAKER_NAME,PD_HOPEPRICE,PD_HOPE_PLACE,HOPE_SATE,HOPE_TIME) values ('7','그래픽카드','RTX2070','갤럭시',1000000,'서울 마포구 독막로3길 13 (서교동)','2022-06-18 ~ 2022-06-21','16:00 PM ~ 19:00 PM');
Insert into COMFIT.TOTAL_DIRECT_VIEW2 (PD_NUM,CATEGORY_NAME,PD_NAME,MAKER_NAME,PD_HOPEPRICE,PD_HOPE_PLACE,HOPE_SATE,HOPE_TIME) values ('42','그래픽카드','민성 gtx1060','이엠텍',0,'인천 계양구 새벌로112번길 12 (효성동, 현대4차아파트)','2022-06-18 ~ 2022-06-19','16:00 PM ~ 22:00 PM');
Insert into COMFIT.TOTAL_DIRECT_VIEW2 (PD_NUM,CATEGORY_NAME,PD_NAME,MAKER_NAME,PD_HOPEPRICE,PD_HOPE_PLACE,HOPE_SATE,HOPE_TIME) values ('34','그래픽카드','gtx 1060','이엠텍',222222,'경남 창원시 성산구 창원대로 442 (대원동)','2022-06-17 ~ 2022-06-19','21:00 PM ~ 22:00 PM');
Insert into COMFIT.TOTAL_DIRECT_VIEW2 (PD_NUM,CATEGORY_NAME,PD_NAME,MAKER_NAME,PD_HOPEPRICE,PD_HOPE_PLACE,HOPE_SATE,HOPE_TIME) values ('1','그래픽카드','GeForce RTX 3060 Ti','엔비디아',1000000,'서울 도봉구 우이천로 50길 44','2022-06-17 ~ 2022-06-20','14:00 ~ 17:00');
Insert into COMFIT.TOTAL_DIRECT_VIEW2 (PD_NUM,CATEGORY_NAME,PD_NAME,MAKER_NAME,PD_HOPEPRICE,PD_HOPE_PLACE,HOPE_SATE,HOPE_TIME) values ('16','RAM','램','삼성전자',10000,'서울 마포구 독막로3길 13 (서교동)','2022-06-17 ~ 2022-06-19','16:00 PM ~ 20:00 PM');
Insert into COMFIT.TOTAL_DIRECT_VIEW2 (PD_NUM,CATEGORY_NAME,PD_NAME,MAKER_NAME,PD_HOPEPRICE,PD_HOPE_PLACE,HOPE_SATE,HOPE_TIME) values ('44','SSD','삼성 m.2 ssd 1tb 970','삼성전자',198000,'인천 계양구 경명대로 지하 1089 (계산동)','2022-06-20 ~ 2022-06-24','17:00 PM ~ 21:00 PM');
Insert into COMFIT.TOTAL_DIRECT_VIEW2 (PD_NUM,CATEGORY_NAME,PD_NAME,MAKER_NAME,PD_HOPEPRICE,PD_HOPE_PLACE,HOPE_SATE,HOPE_TIME) values ('43','PC케이스','데이븐 pc 케이스','데이븐',30000,'인천 계양구 새벌로112번길 12 (효성동, 현대4차아파트)','2022-06-19 ~ 2022-06-24','18:00 PM ~ 20:00 PM');
Insert into COMFIT.TOTAL_DIRECT_VIEW2 (PD_NUM,CATEGORY_NAME,PD_NAME,MAKER_NAME,PD_HOPEPRICE,PD_HOPE_PLACE,HOPE_SATE,HOPE_TIME) values ('45','파워서플라이','fsp 파워 500w','FSP',159000,'인천 계양구 새벌로112번길 12 (효성동, 현대4차아파트)','2022-06-20 ~ 2022-06-24','18:00 PM ~ 21:00 PM');
Insert into COMFIT.TOTAL_DIRECT_VIEW2 (PD_NUM,CATEGORY_NAME,PD_NAME,MAKER_NAME,PD_HOPEPRICE,PD_HOPE_PLACE,HOPE_SATE,HOPE_TIME) values ('2','키보드','FC900R','레오폴드',100000,'인천 송도 트리플스트리트','2022-06-18 ~ 2022-06-20','16:00 ~ 17:00');
Insert into COMFIT.TOTAL_DIRECT_VIEW2 (PD_NUM,CATEGORY_NAME,PD_NAME,MAKER_NAME,PD_HOPEPRICE,PD_HOPE_PLACE,HOPE_SATE,HOPE_TIME) values ('41','키보드','마이크로닉스 키보드','마이크로닉스',35000,'경기 성남시 분당구 서판교로 32 (판교동)','2022-06-19 ~ 2022-06-22','14:00 PM ~ 19:00 PM');
Insert into COMFIT.TOTAL_DIRECT_VIEW2 (PD_NUM,CATEGORY_NAME,PD_NAME,MAKER_NAME,PD_HOPEPRICE,PD_HOPE_PLACE,HOPE_SATE,HOPE_TIME) values ('10','마우스','G304','로지텍',25000,'서울 마포구 독막로3길 13 (서교동)','2022-06-18 ~ 2022-06-20','18:00 PM ~ 19:00 PM');
Insert into COMFIT.TOTAL_DIRECT_VIEW2 (PD_NUM,CATEGORY_NAME,PD_NAME,MAKER_NAME,PD_HOPEPRICE,PD_HOPE_PLACE,HOPE_SATE,HOPE_TIME) values ('50','모니터','모니터','삼성전자',200000,'서울 마포구 독막로3길 13 (서교동)','2022-06-20 ~ 2022-06-25','10:00 AM ~ 23:00 PM');
Insert into COMFIT.TOTAL_DIRECT_VIEW2 (PD_NUM,CATEGORY_NAME,PD_NAME,MAKER_NAME,PD_HOPEPRICE,PD_HOPE_PLACE,HOPE_SATE,HOPE_TIME) values ('17','노트북','lg','LG전자',687000,'서울 마포구 양화로 지하 160 (동교동)','2022-06-19 ~ 2022-06-22','8:00 AM ~ 21:00 PM');
Insert into COMFIT.TOTAL_DIRECT_VIEW2 (PD_NUM,CATEGORY_NAME,PD_NAME,MAKER_NAME,PD_HOPEPRICE,PD_HOPE_PLACE,HOPE_SATE,HOPE_TIME) values ('51','노트북','macbook','APPLE',1200000,'서울 마포구 양화로 지하 160 (동교동)','2022-06-20 ~ 2022-06-23','14:00 PM ~ 19:00 PM');
Insert into COMFIT.TOTAL_DIRECT_VIEW2 (PD_NUM,CATEGORY_NAME,PD_NAME,MAKER_NAME,PD_HOPEPRICE,PD_HOPE_PLACE,HOPE_SATE,HOPE_TIME) values ('49','노트북','노트북','삼성전자',800000,'서울 마포구 독막로3길 13 (서교동)','2022-06-20 ~ 2022-06-24','15:00 PM ~ 21:00 PM');
REM INSERTING into COMFIT.TOTAL_DIRECT_VIEW3
SET DEFINE OFF;
Insert into COMFIT.TOTAL_DIRECT_VIEW3 (PD_NUM,DIRE_PD_ID,U_ID,SUGGEST_PRICE,SUGGEST_TIME,HOPE_SATE) values ('1','dire_1','test2',950000,to_date('2022-06-12','YYYY-MM-DD'),'서울 도봉구 우이천로 50길 40우림슈퍼앞');
Insert into COMFIT.TOTAL_DIRECT_VIEW3 (PD_NUM,DIRE_PD_ID,U_ID,SUGGEST_PRICE,SUGGEST_TIME,HOPE_SATE) values ('42','dire_42','test2',123123,to_date('2022-06-19','YYYY-MM-DD'),'인천 계양구 작전동 411ZZ');
Insert into COMFIT.TOTAL_DIRECT_VIEW3 (PD_NUM,DIRE_PD_ID,U_ID,SUGGEST_PRICE,SUGGEST_TIME,HOPE_SATE) values ('41','dire_41','test2',30000,to_date('2022-06-21','YYYY-MM-DD'),'경기 성남시 분당구 판교동 584-1하이여');
Insert into COMFIT.TOTAL_DIRECT_VIEW3 (PD_NUM,DIRE_PD_ID,U_ID,SUGGEST_PRICE,SUGGEST_TIME,HOPE_SATE) values ('2','dire_2','test1',3312,to_date('2022-06-20','YYYY-MM-DD'),'서울 강북구 수유동 240-3813123');
Insert into COMFIT.TOTAL_DIRECT_VIEW3 (PD_NUM,DIRE_PD_ID,U_ID,SUGGEST_PRICE,SUGGEST_TIME,HOPE_SATE) values ('43','dire_43','test1',30000,to_date('2022-06-24','YYYY-MM-DD'),'인천 계양구 작전동 878작전역 1번출구');
Insert into COMFIT.TOTAL_DIRECT_VIEW3 (PD_NUM,DIRE_PD_ID,U_ID,SUGGEST_PRICE,SUGGEST_TIME,HOPE_SATE) values ('44','dire_44','test36',200000,to_date('2022-06-21','YYYY-MM-DD'),'인천 계양구 계산동 1079-1계양구청 입구');
Insert into COMFIT.TOTAL_DIRECT_VIEW3 (PD_NUM,DIRE_PD_ID,U_ID,SUGGEST_PRICE,SUGGEST_TIME,HOPE_SATE) values ('45','dire_45','test1',140000,to_date('2022-06-21','YYYY-MM-DD'),'인천 계양구 작전동 878작전역 4번출구 앞');
Insert into COMFIT.TOTAL_DIRECT_VIEW3 (PD_NUM,DIRE_PD_ID,U_ID,SUGGEST_PRICE,SUGGEST_TIME,HOPE_SATE) values ('10','dire_10','test47',28000,to_date('2022-06-20','YYYY-MM-DD'),'서울 마포구 합정동 414합정역 근처');
Insert into COMFIT.TOTAL_DIRECT_VIEW3 (PD_NUM,DIRE_PD_ID,U_ID,SUGGEST_PRICE,SUGGEST_TIME,HOPE_SATE) values ('49','dire_49','test1',800000,to_date('2022-06-24','YYYY-MM-DD'),'서울 마포구 동교동 155-6홍대입구 1번 출구');
Insert into COMFIT.TOTAL_DIRECT_VIEW3 (PD_NUM,DIRE_PD_ID,U_ID,SUGGEST_PRICE,SUGGEST_TIME,HOPE_SATE) values ('51','dire_51','test1',1300000,to_date('2022-06-21','YYYY-MM-DD'),'서울 마포구 동교동 159-11홍대입구역 1번출구');
REM INSERTING into COMFIT.TOTAL_DIRECT_VIEW4
SET DEFINE OFF;
Insert into COMFIT.TOTAL_DIRECT_VIEW4 (PD_NUM,DIRE_PD_ID,BUY_COMP_DATE,SUGGEST_PRICE,SUGGEST_TIME,HOPE_SATE) values ('1','dire_1',to_date('2022-06-10','YYYY-MM-DD'),950000,to_date('2022-06-12','YYYY-MM-DD'),'서울 도봉구 우이천로 50길 40우림슈퍼앞');
Insert into COMFIT.TOTAL_DIRECT_VIEW4 (PD_NUM,DIRE_PD_ID,BUY_COMP_DATE,SUGGEST_PRICE,SUGGEST_TIME,HOPE_SATE) values ('42','dire_42',null,123123,to_date('2022-06-19','YYYY-MM-DD'),'인천 계양구 작전동 411ZZ');
Insert into COMFIT.TOTAL_DIRECT_VIEW4 (PD_NUM,DIRE_PD_ID,BUY_COMP_DATE,SUGGEST_PRICE,SUGGEST_TIME,HOPE_SATE) values ('41','dire_41',to_date('2022-06-18','YYYY-MM-DD'),30000,to_date('2022-06-21','YYYY-MM-DD'),'경기 성남시 분당구 판교동 584-1하이여');
Insert into COMFIT.TOTAL_DIRECT_VIEW4 (PD_NUM,DIRE_PD_ID,BUY_COMP_DATE,SUGGEST_PRICE,SUGGEST_TIME,HOPE_SATE) values ('2','dire_2',to_date('2022-06-18','YYYY-MM-DD'),3312,to_date('2022-06-20','YYYY-MM-DD'),'서울 강북구 수유동 240-3813123');
Insert into COMFIT.TOTAL_DIRECT_VIEW4 (PD_NUM,DIRE_PD_ID,BUY_COMP_DATE,SUGGEST_PRICE,SUGGEST_TIME,HOPE_SATE) values ('43','dire_43',to_date('2022-06-19','YYYY-MM-DD'),30000,to_date('2022-06-24','YYYY-MM-DD'),'인천 계양구 작전동 878작전역 1번출구');
Insert into COMFIT.TOTAL_DIRECT_VIEW4 (PD_NUM,DIRE_PD_ID,BUY_COMP_DATE,SUGGEST_PRICE,SUGGEST_TIME,HOPE_SATE) values ('44','dire_44',to_date('2022-06-19','YYYY-MM-DD'),200000,to_date('2022-06-21','YYYY-MM-DD'),'인천 계양구 계산동 1079-1계양구청 입구');
Insert into COMFIT.TOTAL_DIRECT_VIEW4 (PD_NUM,DIRE_PD_ID,BUY_COMP_DATE,SUGGEST_PRICE,SUGGEST_TIME,HOPE_SATE) values ('45','dire_45',to_date('2022-06-19','YYYY-MM-DD'),140000,to_date('2022-06-21','YYYY-MM-DD'),'인천 계양구 작전동 878작전역 4번출구 앞');
Insert into COMFIT.TOTAL_DIRECT_VIEW4 (PD_NUM,DIRE_PD_ID,BUY_COMP_DATE,SUGGEST_PRICE,SUGGEST_TIME,HOPE_SATE) values ('10','dire_10',to_date('2022-06-19','YYYY-MM-DD'),28000,to_date('2022-06-20','YYYY-MM-DD'),'서울 마포구 합정동 414합정역 근처');
Insert into COMFIT.TOTAL_DIRECT_VIEW4 (PD_NUM,DIRE_PD_ID,BUY_COMP_DATE,SUGGEST_PRICE,SUGGEST_TIME,HOPE_SATE) values ('49','dire_49',to_date('2022-06-20','YYYY-MM-DD'),800000,to_date('2022-06-24','YYYY-MM-DD'),'서울 마포구 동교동 155-6홍대입구 1번 출구');
Insert into COMFIT.TOTAL_DIRECT_VIEW4 (PD_NUM,DIRE_PD_ID,BUY_COMP_DATE,SUGGEST_PRICE,SUGGEST_TIME,HOPE_SATE) values ('51','dire_51',to_date('2022-06-20','YYYY-MM-DD'),1300000,to_date('2022-06-21','YYYY-MM-DD'),'서울 마포구 동교동 159-11홍대입구역 1번출구');
REM INSERTING into COMFIT.TOTAL_DIRECT_VIEW5
SET DEFINE OFF;
Insert into COMFIT.TOTAL_DIRECT_VIEW5 (PD_NUM,S_U_ID,SUGGEST_DATE,SUGGEST_PRICE,DEAL_STATUS) values ('2','test2',to_date('2022-06-17','YYYY-MM-DD'),855500,'유찰');
Insert into COMFIT.TOTAL_DIRECT_VIEW5 (PD_NUM,S_U_ID,SUGGEST_DATE,SUGGEST_PRICE,DEAL_STATUS) values ('2','test1',to_date('2022-06-17','YYYY-MM-DD'),3312,'유찰');
Insert into COMFIT.TOTAL_DIRECT_VIEW5 (PD_NUM,S_U_ID,SUGGEST_DATE,SUGGEST_PRICE,DEAL_STATUS) values ('1','test2',to_date('2022-06-10','YYYY-MM-DD'),950000,'낙찰');
Insert into COMFIT.TOTAL_DIRECT_VIEW5 (PD_NUM,S_U_ID,SUGGEST_DATE,SUGGEST_PRICE,DEAL_STATUS) values ('16','test33',to_date('2022-06-19','YYYY-MM-DD'),8000,'유찰');
Insert into COMFIT.TOTAL_DIRECT_VIEW5 (PD_NUM,S_U_ID,SUGGEST_DATE,SUGGEST_PRICE,DEAL_STATUS) values ('16','test36',to_date('2022-06-18','YYYY-MM-DD'),0,'유찰');
Insert into COMFIT.TOTAL_DIRECT_VIEW5 (PD_NUM,S_U_ID,SUGGEST_DATE,SUGGEST_PRICE,DEAL_STATUS) values ('42','test2',to_date('2022-06-18','YYYY-MM-DD'),123123,'낙찰');
Insert into COMFIT.TOTAL_DIRECT_VIEW5 (PD_NUM,S_U_ID,SUGGEST_DATE,SUGGEST_PRICE,DEAL_STATUS) values ('42','test2',to_date('2022-06-18','YYYY-MM-DD'),200000,'유찰');
Insert into COMFIT.TOTAL_DIRECT_VIEW5 (PD_NUM,S_U_ID,SUGGEST_DATE,SUGGEST_PRICE,DEAL_STATUS) values ('7','test33',to_date('2022-06-19','YYYY-MM-DD'),30000,'유찰');
Insert into COMFIT.TOTAL_DIRECT_VIEW5 (PD_NUM,S_U_ID,SUGGEST_DATE,SUGGEST_PRICE,DEAL_STATUS) values ('43','test1',to_date('2022-06-19','YYYY-MM-DD'),30000,'낙찰');
Insert into COMFIT.TOTAL_DIRECT_VIEW5 (PD_NUM,S_U_ID,SUGGEST_DATE,SUGGEST_PRICE,DEAL_STATUS) values ('44','test36',to_date('2022-06-19','YYYY-MM-DD'),200000,'낙찰');
Insert into COMFIT.TOTAL_DIRECT_VIEW5 (PD_NUM,S_U_ID,SUGGEST_DATE,SUGGEST_PRICE,DEAL_STATUS) values ('10','test47',to_date('2022-06-19','YYYY-MM-DD'),28000,'낙찰');
Insert into COMFIT.TOTAL_DIRECT_VIEW5 (PD_NUM,S_U_ID,SUGGEST_DATE,SUGGEST_PRICE,DEAL_STATUS) values ('45','test1',to_date('2022-06-19','YYYY-MM-DD'),140000,'낙찰');
Insert into COMFIT.TOTAL_DIRECT_VIEW5 (PD_NUM,S_U_ID,SUGGEST_DATE,SUGGEST_PRICE,DEAL_STATUS) values ('49','test1',to_date('2022-06-20','YYYY-MM-DD'),800000,'낙찰');
Insert into COMFIT.TOTAL_DIRECT_VIEW5 (PD_NUM,S_U_ID,SUGGEST_DATE,SUGGEST_PRICE,DEAL_STATUS) values ('51','test1',to_date('2022-06-20','YYYY-MM-DD'),1300000,'낙찰');
Insert into COMFIT.TOTAL_DIRECT_VIEW5 (PD_NUM,S_U_ID,SUGGEST_DATE,SUGGEST_PRICE,DEAL_STATUS) values ('41','test2',to_date('2022-06-18','YYYY-MM-DD'),30000,'유찰');
REM INSERTING into COMFIT.TOTAL_PD_LIST_VIEW
SET DEFINE OFF;
Insert into COMFIT.TOTAL_PD_LIST_VIEW (PD_NUM,PD_ID,CATEGORY_NAME,PD_REGIT_DATE,U_ID,PD_TITLE,DEAL_TYPE,DEAL_STATUS) values ('51','dire_51','노트북',to_date('2022-06-20','YYYY-MM-DD'),'test48','맥북 개싸게팜','직거래','거래완료');
Insert into COMFIT.TOTAL_PD_LIST_VIEW (PD_NUM,PD_ID,CATEGORY_NAME,PD_REGIT_DATE,U_ID,PD_TITLE,DEAL_TYPE,DEAL_STATUS) values ('50','dire_50','모니터',to_date('2022-06-20','YYYY-MM-DD'),'test37','모니터 팝니다','직거래','거래중');
Insert into COMFIT.TOTAL_PD_LIST_VIEW (PD_NUM,PD_ID,CATEGORY_NAME,PD_REGIT_DATE,U_ID,PD_TITLE,DEAL_TYPE,DEAL_STATUS) values ('25','deli_25','그래픽카드',to_date('2022-06-20','YYYY-MM-DD'),'test1','그래픽카드 완전싸게','택배거래','거래완료');
Insert into COMFIT.TOTAL_PD_LIST_VIEW (PD_NUM,PD_ID,CATEGORY_NAME,PD_REGIT_DATE,U_ID,PD_TITLE,DEAL_TYPE,DEAL_STATUS) values ('49','dire_49','노트북',to_date('2022-06-20','YYYY-MM-DD'),'test2','노트북 팔아요','직거래','거래완료');
Insert into COMFIT.TOTAL_PD_LIST_VIEW (PD_NUM,PD_ID,CATEGORY_NAME,PD_REGIT_DATE,U_ID,PD_TITLE,DEAL_TYPE,DEAL_STATUS) values ('45','dire_45','파워서플라이',to_date('2022-06-19','YYYY-MM-DD'),'test45','fsp 파워 500w 새제품 팝니다','직거래','거래완료');
Insert into COMFIT.TOTAL_PD_LIST_VIEW (PD_NUM,PD_ID,CATEGORY_NAME,PD_REGIT_DATE,U_ID,PD_TITLE,DEAL_TYPE,DEAL_STATUS) values ('44','dire_44','SSD',to_date('2022-06-19','YYYY-MM-DD'),'test1','삼성 m.2 ssd 1tb 970 쌔거 팝니다','직거래','거래완료');
Insert into COMFIT.TOTAL_PD_LIST_VIEW (PD_NUM,PD_ID,CATEGORY_NAME,PD_REGIT_DATE,U_ID,PD_TITLE,DEAL_TYPE,DEAL_STATUS) values ('43','dire_43','PC케이스',to_date('2022-06-19','YYYY-MM-DD'),'test36','데이븐 카이저 케이스 급쳐 합니다.','직거래','거래완료');
Insert into COMFIT.TOTAL_PD_LIST_VIEW (PD_NUM,PD_ID,CATEGORY_NAME,PD_REGIT_DATE,U_ID,PD_TITLE,DEAL_TYPE,DEAL_STATUS) values ('42','dire_42','그래픽카드',to_date('2022-06-18','YYYY-MM-DD'),'test36','이엠텍 gtx 1060 팔아요','직거래','거래중');
Insert into COMFIT.TOTAL_PD_LIST_VIEW (PD_NUM,PD_ID,CATEGORY_NAME,PD_REGIT_DATE,U_ID,PD_TITLE,DEAL_TYPE,DEAL_STATUS) values ('42','dire_42','그래픽카드',to_date('2022-06-18','YYYY-MM-DD'),'test36','이엠텍 gtx 1060 팔아요','직거래','거래중');
Insert into COMFIT.TOTAL_PD_LIST_VIEW (PD_NUM,PD_ID,CATEGORY_NAME,PD_REGIT_DATE,U_ID,PD_TITLE,DEAL_TYPE,DEAL_STATUS) values ('41','dire_41','키보드',to_date('2022-06-18','YYYY-MM-DD'),'test43','마닉 키보드 팔아요','직거래','거래중');
Insert into COMFIT.TOTAL_PD_LIST_VIEW (PD_NUM,PD_ID,CATEGORY_NAME,PD_REGIT_DATE,U_ID,PD_TITLE,DEAL_TYPE,DEAL_STATUS) values ('34','dire_34','그래픽카드',to_date('2022-06-17','YYYY-MM-DD'),'test36','이엠텍 gtx 1060 팔아요','직거래','거래중');
Insert into COMFIT.TOTAL_PD_LIST_VIEW (PD_NUM,PD_ID,CATEGORY_NAME,PD_REGIT_DATE,U_ID,PD_TITLE,DEAL_TYPE,DEAL_STATUS) values ('20','deli_20','그래픽카드',to_date('2022-06-17','YYYY-MM-DD'),'test1','wddwwdwddwwdwd','택배거래','거래중');
Insert into COMFIT.TOTAL_PD_LIST_VIEW (PD_NUM,PD_ID,CATEGORY_NAME,PD_REGIT_DATE,U_ID,PD_TITLE,DEAL_TYPE,DEAL_STATUS) values ('17','dire_17','노트북',to_date('2022-06-17','YYYY-MM-DD'),'test1','노트북 싸게팝니다','직거래','거래중');
Insert into COMFIT.TOTAL_PD_LIST_VIEW (PD_NUM,PD_ID,CATEGORY_NAME,PD_REGIT_DATE,U_ID,PD_TITLE,DEAL_TYPE,DEAL_STATUS) values ('16','dire_16','RAM',to_date('2022-06-17','YYYY-MM-DD'),'test1','삼성 램 4gb 팔아요!','직거래','거래중');
Insert into COMFIT.TOTAL_PD_LIST_VIEW (PD_NUM,PD_ID,CATEGORY_NAME,PD_REGIT_DATE,U_ID,PD_TITLE,DEAL_TYPE,DEAL_STATUS) values ('16','dire_16','RAM',to_date('2022-06-17','YYYY-MM-DD'),'test1','삼성 램 4gb 팔아요!','직거래','거래중');
Insert into COMFIT.TOTAL_PD_LIST_VIEW (PD_NUM,PD_ID,CATEGORY_NAME,PD_REGIT_DATE,U_ID,PD_TITLE,DEAL_TYPE,DEAL_STATUS) values ('10','dire_10','마우스',to_date('2022-06-17','YYYY-MM-DD'),'test1','G304 마우스 팝니다','직거래','거래완료');
Insert into COMFIT.TOTAL_PD_LIST_VIEW (PD_NUM,PD_ID,CATEGORY_NAME,PD_REGIT_DATE,U_ID,PD_TITLE,DEAL_TYPE,DEAL_STATUS) values ('7','dire_7','그래픽카드',to_date('2022-06-17','YYYY-MM-DD'),'test2','RTX2070 싸게팜','직거래','거래중');
Insert into COMFIT.TOTAL_PD_LIST_VIEW (PD_NUM,PD_ID,CATEGORY_NAME,PD_REGIT_DATE,U_ID,PD_TITLE,DEAL_TYPE,DEAL_STATUS) values ('5','dire_5','그래픽카드',to_date('2022-06-17','YYYY-MM-DD'),'test2','RTX2070 싸게팜','직거래','거래중');
Insert into COMFIT.TOTAL_PD_LIST_VIEW (PD_NUM,PD_ID,CATEGORY_NAME,PD_REGIT_DATE,U_ID,PD_TITLE,DEAL_TYPE,DEAL_STATUS) values ('2','dire_2','키보드',to_date('2022-06-17','YYYY-MM-DD'),'test2','새거같은 레오폴드 키보드 판매','직거래','거래중');
Insert into COMFIT.TOTAL_PD_LIST_VIEW (PD_NUM,PD_ID,CATEGORY_NAME,PD_REGIT_DATE,U_ID,PD_TITLE,DEAL_TYPE,DEAL_STATUS) values ('2','dire_2','키보드',to_date('2022-06-17','YYYY-MM-DD'),'test2','새거같은 레오폴드 키보드 판매','직거래','거래중');
Insert into COMFIT.TOTAL_PD_LIST_VIEW (PD_NUM,PD_ID,CATEGORY_NAME,PD_REGIT_DATE,U_ID,PD_TITLE,DEAL_TYPE,DEAL_STATUS) values ('15','deli_15','마우스',to_date('2022-06-16','YYYY-MM-DD'),'test16','로지텍 g102 팔아요','택배거래','거래중');
Insert into COMFIT.TOTAL_PD_LIST_VIEW (PD_NUM,PD_ID,CATEGORY_NAME,PD_REGIT_DATE,U_ID,PD_TITLE,DEAL_TYPE,DEAL_STATUS) values ('14','deli_14','마우스',to_date('2022-06-16','YYYY-MM-DD'),'test16','로지텍 g102 팔아요','택배거래','거래중');
Insert into COMFIT.TOTAL_PD_LIST_VIEW (PD_NUM,PD_ID,CATEGORY_NAME,PD_REGIT_DATE,U_ID,PD_TITLE,DEAL_TYPE,DEAL_STATUS) values ('13','deli_13','그래픽카드',to_date('2022-06-16','YYYY-MM-DD'),'test16','이엠텍 gtx 1060 팔아요','택배거래','거래완료');
Insert into COMFIT.TOTAL_PD_LIST_VIEW (PD_NUM,PD_ID,CATEGORY_NAME,PD_REGIT_DATE,U_ID,PD_TITLE,DEAL_TYPE,DEAL_STATUS) values ('12','deli_12','CPU',to_date('2022-06-16','YYYY-MM-DD'),'test2','라이젠 5600','택배거래','거래중');
Insert into COMFIT.TOTAL_PD_LIST_VIEW (PD_NUM,PD_ID,CATEGORY_NAME,PD_REGIT_DATE,U_ID,PD_TITLE,DEAL_TYPE,DEAL_STATUS) values ('12','deli_12','CPU',to_date('2022-06-16','YYYY-MM-DD'),'test2','라이젠 5600','택배거래','거래중');
Insert into COMFIT.TOTAL_PD_LIST_VIEW (PD_NUM,PD_ID,CATEGORY_NAME,PD_REGIT_DATE,U_ID,PD_TITLE,DEAL_TYPE,DEAL_STATUS) values ('11','deli_11','그래픽카드',to_date('2022-06-16','YYYY-MM-DD'),'test2','이엠텍 gtx 1060 팔아요','택배거래','거래중');
Insert into COMFIT.TOTAL_PD_LIST_VIEW (PD_NUM,PD_ID,CATEGORY_NAME,PD_REGIT_DATE,U_ID,PD_TITLE,DEAL_TYPE,DEAL_STATUS) values ('2','deli_2','마우스',to_date('2022-06-14','YYYY-MM-DD'),'test3','레이저 마우스 급처','택배거래','거래중');
Insert into COMFIT.TOTAL_PD_LIST_VIEW (PD_NUM,PD_ID,CATEGORY_NAME,PD_REGIT_DATE,U_ID,PD_TITLE,DEAL_TYPE,DEAL_STATUS) values ('1','deli_1','CPU',to_date('2022-06-10','YYYY-MM-DD'),'test2','i-7 8700 저렴하게 판매','택배거래','거래완료');
Insert into COMFIT.TOTAL_PD_LIST_VIEW (PD_NUM,PD_ID,CATEGORY_NAME,PD_REGIT_DATE,U_ID,PD_TITLE,DEAL_TYPE,DEAL_STATUS) values ('1','deli_1','CPU',to_date('2022-06-10','YYYY-MM-DD'),'test2','i-7 8700 저렴하게 판매','택배거래','거래중');
Insert into COMFIT.TOTAL_PD_LIST_VIEW (PD_NUM,PD_ID,CATEGORY_NAME,PD_REGIT_DATE,U_ID,PD_TITLE,DEAL_TYPE,DEAL_STATUS) values ('1','deli_1','CPU',to_date('2022-06-10','YYYY-MM-DD'),'test2','i-7 8700 저렴하게 판매','택배거래','거래중');
Insert into COMFIT.TOTAL_PD_LIST_VIEW (PD_NUM,PD_ID,CATEGORY_NAME,PD_REGIT_DATE,U_ID,PD_TITLE,DEAL_TYPE,DEAL_STATUS) values ('1','dire_1','그래픽카드',to_date('2022-06-10','YYYY-MM-DD'),'test1','NVIDIA 그래픽카드 개급처','직거래','거래완료');
Insert into COMFIT.TOTAL_PD_LIST_VIEW (PD_NUM,PD_ID,CATEGORY_NAME,PD_REGIT_DATE,U_ID,PD_TITLE,DEAL_TYPE,DEAL_STATUS) values ('4','deli_4','모니터',to_date('0022-06-16','YYYY-MM-DD'),'test2','27GN750 모니터 팔아요','택배거래','거래중');
Insert into COMFIT.TOTAL_PD_LIST_VIEW (PD_NUM,PD_ID,CATEGORY_NAME,PD_REGIT_DATE,U_ID,PD_TITLE,DEAL_TYPE,DEAL_STATUS) values ('7','deli_7','키보드',to_date('0022-06-16','YYYY-MM-DD'),'test2','한성gk893 팝니다','택배거래','거래중');
Insert into COMFIT.TOTAL_PD_LIST_VIEW (PD_NUM,PD_ID,CATEGORY_NAME,PD_REGIT_DATE,U_ID,PD_TITLE,DEAL_TYPE,DEAL_STATUS) values ('10','deli_10','마우스',to_date('0022-06-16','YYYY-MM-DD'),'test2','맥스틸 마우스 팔아요','택배거래','거래중');
Insert into COMFIT.TOTAL_PD_LIST_VIEW (PD_NUM,PD_ID,CATEGORY_NAME,PD_REGIT_DATE,U_ID,PD_TITLE,DEAL_TYPE,DEAL_STATUS) values ('5','deli_5','CPU',to_date('0022-06-16','YYYY-MM-DD'),'test2','i7 10700 팔아요','택배거래','거래중');
Insert into COMFIT.TOTAL_PD_LIST_VIEW (PD_NUM,PD_ID,CATEGORY_NAME,PD_REGIT_DATE,U_ID,PD_TITLE,DEAL_TYPE,DEAL_STATUS) values ('6','deli_6','마우스',to_date('0022-06-16','YYYY-MM-DD'),'test2','g304 마우스 팔아요','택배거래','거래중');
Insert into COMFIT.TOTAL_PD_LIST_VIEW (PD_NUM,PD_ID,CATEGORY_NAME,PD_REGIT_DATE,U_ID,PD_TITLE,DEAL_TYPE,DEAL_STATUS) values ('9','deli_9','그래픽카드',to_date('0022-06-16','YYYY-MM-DD'),'test2','asdasdasd','택배거래','거래중');
Insert into COMFIT.TOTAL_PD_LIST_VIEW (PD_NUM,PD_ID,CATEGORY_NAME,PD_REGIT_DATE,U_ID,PD_TITLE,DEAL_TYPE,DEAL_STATUS) values ('3','deli_3','그래픽카드',to_date('0022-06-15','YYYY-MM-DD'),'test2','RTX2060 팔아요','택배거래','거래중');
REM INSERTING into COMFIT.TOTAL_PRODUCT_VIEW
SET DEFINE OFF;
Insert into COMFIT.TOTAL_PRODUCT_VIEW (PD_NUM,PD_ID,CATEGORY_NAME,PD_REGIT_DATE,U_ID,PD_TITLE,DEAL_TYPE,DEAL_STATUS) values ('12','deli','CPU',to_date('2022-06-16','YYYY-MM-DD'),'test2','라이젠 5600','택배거래','거래중');
Insert into COMFIT.TOTAL_PRODUCT_VIEW (PD_NUM,PD_ID,CATEGORY_NAME,PD_REGIT_DATE,U_ID,PD_TITLE,DEAL_TYPE,DEAL_STATUS) values ('12','deli','CPU',to_date('2022-06-16','YYYY-MM-DD'),'test2','라이젠 5600','택배거래','거래중');
Insert into COMFIT.TOTAL_PRODUCT_VIEW (PD_NUM,PD_ID,CATEGORY_NAME,PD_REGIT_DATE,U_ID,PD_TITLE,DEAL_TYPE,DEAL_STATUS) values ('1','deli','CPU',to_date('2022-06-10','YYYY-MM-DD'),'test2','i-7 8700 저렴하게 판매','택배거래','거래완료');
Insert into COMFIT.TOTAL_PRODUCT_VIEW (PD_NUM,PD_ID,CATEGORY_NAME,PD_REGIT_DATE,U_ID,PD_TITLE,DEAL_TYPE,DEAL_STATUS) values ('5','deli','CPU',to_date('0022-06-16','YYYY-MM-DD'),'test2','i7 10700 팔아요','택배거래','거래중');
Insert into COMFIT.TOTAL_PRODUCT_VIEW (PD_NUM,PD_ID,CATEGORY_NAME,PD_REGIT_DATE,U_ID,PD_TITLE,DEAL_TYPE,DEAL_STATUS) values ('1','deli','CPU',to_date('2022-06-10','YYYY-MM-DD'),'test2','i-7 8700 저렴하게 판매','택배거래','거래중');
Insert into COMFIT.TOTAL_PRODUCT_VIEW (PD_NUM,PD_ID,CATEGORY_NAME,PD_REGIT_DATE,U_ID,PD_TITLE,DEAL_TYPE,DEAL_STATUS) values ('1','deli','CPU',to_date('2022-06-10','YYYY-MM-DD'),'test2','i-7 8700 저렴하게 판매','택배거래','거래중');
Insert into COMFIT.TOTAL_PRODUCT_VIEW (PD_NUM,PD_ID,CATEGORY_NAME,PD_REGIT_DATE,U_ID,PD_TITLE,DEAL_TYPE,DEAL_STATUS) values ('3','deli','그래픽카드',to_date('0022-06-15','YYYY-MM-DD'),'test2','RTX2060 팔아요','택배거래','거래중');
Insert into COMFIT.TOTAL_PRODUCT_VIEW (PD_NUM,PD_ID,CATEGORY_NAME,PD_REGIT_DATE,U_ID,PD_TITLE,DEAL_TYPE,DEAL_STATUS) values ('20','deli','그래픽카드',to_date('2022-06-17','YYYY-MM-DD'),'test1','wddwwdwddwwdwd','택배거래','거래중');
Insert into COMFIT.TOTAL_PRODUCT_VIEW (PD_NUM,PD_ID,CATEGORY_NAME,PD_REGIT_DATE,U_ID,PD_TITLE,DEAL_TYPE,DEAL_STATUS) values ('13','deli','그래픽카드',to_date('2022-06-16','YYYY-MM-DD'),'test16','이엠텍 gtx 1060 팔아요','택배거래','거래완료');
Insert into COMFIT.TOTAL_PRODUCT_VIEW (PD_NUM,PD_ID,CATEGORY_NAME,PD_REGIT_DATE,U_ID,PD_TITLE,DEAL_TYPE,DEAL_STATUS) values ('11','deli','그래픽카드',to_date('2022-06-16','YYYY-MM-DD'),'test2','이엠텍 gtx 1060 팔아요','택배거래','거래중');
Insert into COMFIT.TOTAL_PRODUCT_VIEW (PD_NUM,PD_ID,CATEGORY_NAME,PD_REGIT_DATE,U_ID,PD_TITLE,DEAL_TYPE,DEAL_STATUS) values ('25','deli','그래픽카드',to_date('2022-06-20','YYYY-MM-DD'),'test1','그래픽카드 완전싸게','택배거래','거래완료');
Insert into COMFIT.TOTAL_PRODUCT_VIEW (PD_NUM,PD_ID,CATEGORY_NAME,PD_REGIT_DATE,U_ID,PD_TITLE,DEAL_TYPE,DEAL_STATUS) values ('9','deli','그래픽카드',to_date('0022-06-16','YYYY-MM-DD'),'test2','asdasdasd','택배거래','거래중');
Insert into COMFIT.TOTAL_PRODUCT_VIEW (PD_NUM,PD_ID,CATEGORY_NAME,PD_REGIT_DATE,U_ID,PD_TITLE,DEAL_TYPE,DEAL_STATUS) values ('7','deli','키보드',to_date('0022-06-16','YYYY-MM-DD'),'test2','한성gk893 팝니다','택배거래','거래중');
Insert into COMFIT.TOTAL_PRODUCT_VIEW (PD_NUM,PD_ID,CATEGORY_NAME,PD_REGIT_DATE,U_ID,PD_TITLE,DEAL_TYPE,DEAL_STATUS) values ('2','deli','마우스',to_date('2022-06-14','YYYY-MM-DD'),'test3','레이저 마우스 급처','택배거래','거래중');
Insert into COMFIT.TOTAL_PRODUCT_VIEW (PD_NUM,PD_ID,CATEGORY_NAME,PD_REGIT_DATE,U_ID,PD_TITLE,DEAL_TYPE,DEAL_STATUS) values ('10','deli','마우스',to_date('0022-06-16','YYYY-MM-DD'),'test2','맥스틸 마우스 팔아요','택배거래','거래중');
Insert into COMFIT.TOTAL_PRODUCT_VIEW (PD_NUM,PD_ID,CATEGORY_NAME,PD_REGIT_DATE,U_ID,PD_TITLE,DEAL_TYPE,DEAL_STATUS) values ('14','deli','마우스',to_date('2022-06-16','YYYY-MM-DD'),'test16','로지텍 g102 팔아요','택배거래','거래중');
Insert into COMFIT.TOTAL_PRODUCT_VIEW (PD_NUM,PD_ID,CATEGORY_NAME,PD_REGIT_DATE,U_ID,PD_TITLE,DEAL_TYPE,DEAL_STATUS) values ('6','deli','마우스',to_date('0022-06-16','YYYY-MM-DD'),'test2','g304 마우스 팔아요','택배거래','거래중');
Insert into COMFIT.TOTAL_PRODUCT_VIEW (PD_NUM,PD_ID,CATEGORY_NAME,PD_REGIT_DATE,U_ID,PD_TITLE,DEAL_TYPE,DEAL_STATUS) values ('15','deli','마우스',to_date('2022-06-16','YYYY-MM-DD'),'test16','로지텍 g102 팔아요','택배거래','거래중');
Insert into COMFIT.TOTAL_PRODUCT_VIEW (PD_NUM,PD_ID,CATEGORY_NAME,PD_REGIT_DATE,U_ID,PD_TITLE,DEAL_TYPE,DEAL_STATUS) values ('4','deli','모니터',to_date('0022-06-16','YYYY-MM-DD'),'test2','27GN750 모니터 팔아요','택배거래','거래중');
Insert into COMFIT.TOTAL_PRODUCT_VIEW (PD_NUM,PD_ID,CATEGORY_NAME,PD_REGIT_DATE,U_ID,PD_TITLE,DEAL_TYPE,DEAL_STATUS) values ('5','dire','그래픽카드',to_date('2022-06-17','YYYY-MM-DD'),'test2','RTX2070 싸게팜','직거래','거래중');
Insert into COMFIT.TOTAL_PRODUCT_VIEW (PD_NUM,PD_ID,CATEGORY_NAME,PD_REGIT_DATE,U_ID,PD_TITLE,DEAL_TYPE,DEAL_STATUS) values ('7','dire','그래픽카드',to_date('2022-06-17','YYYY-MM-DD'),'test2','RTX2070 싸게팜','직거래','거래중');
Insert into COMFIT.TOTAL_PRODUCT_VIEW (PD_NUM,PD_ID,CATEGORY_NAME,PD_REGIT_DATE,U_ID,PD_TITLE,DEAL_TYPE,DEAL_STATUS) values ('34','dire','그래픽카드',to_date('2022-06-17','YYYY-MM-DD'),'test36','이엠텍 gtx 1060 팔아요','직거래','거래중');
Insert into COMFIT.TOTAL_PRODUCT_VIEW (PD_NUM,PD_ID,CATEGORY_NAME,PD_REGIT_DATE,U_ID,PD_TITLE,DEAL_TYPE,DEAL_STATUS) values ('42','dire','그래픽카드',to_date('2022-06-18','YYYY-MM-DD'),'test36','이엠텍 gtx 1060 팔아요','직거래','거래중');
Insert into COMFIT.TOTAL_PRODUCT_VIEW (PD_NUM,PD_ID,CATEGORY_NAME,PD_REGIT_DATE,U_ID,PD_TITLE,DEAL_TYPE,DEAL_STATUS) values ('42','dire','그래픽카드',to_date('2022-06-18','YYYY-MM-DD'),'test36','이엠텍 gtx 1060 팔아요','직거래','거래중');
Insert into COMFIT.TOTAL_PRODUCT_VIEW (PD_NUM,PD_ID,CATEGORY_NAME,PD_REGIT_DATE,U_ID,PD_TITLE,DEAL_TYPE,DEAL_STATUS) values ('1','dire','그래픽카드',to_date('2022-06-10','YYYY-MM-DD'),'test1','NVIDIA 그래픽카드 개급처','직거래','거래완료');
Insert into COMFIT.TOTAL_PRODUCT_VIEW (PD_NUM,PD_ID,CATEGORY_NAME,PD_REGIT_DATE,U_ID,PD_TITLE,DEAL_TYPE,DEAL_STATUS) values ('16','dire','RAM',to_date('2022-06-17','YYYY-MM-DD'),'test1','삼성 램 4gb 팔아요!','직거래','거래중');
Insert into COMFIT.TOTAL_PRODUCT_VIEW (PD_NUM,PD_ID,CATEGORY_NAME,PD_REGIT_DATE,U_ID,PD_TITLE,DEAL_TYPE,DEAL_STATUS) values ('16','dire','RAM',to_date('2022-06-17','YYYY-MM-DD'),'test1','삼성 램 4gb 팔아요!','직거래','거래중');
Insert into COMFIT.TOTAL_PRODUCT_VIEW (PD_NUM,PD_ID,CATEGORY_NAME,PD_REGIT_DATE,U_ID,PD_TITLE,DEAL_TYPE,DEAL_STATUS) values ('44','dire','SSD',to_date('2022-06-19','YYYY-MM-DD'),'test1','삼성 m.2 ssd 1tb 970 쌔거 팝니다','직거래','거래완료');
Insert into COMFIT.TOTAL_PRODUCT_VIEW (PD_NUM,PD_ID,CATEGORY_NAME,PD_REGIT_DATE,U_ID,PD_TITLE,DEAL_TYPE,DEAL_STATUS) values ('43','dire','PC케이스',to_date('2022-06-19','YYYY-MM-DD'),'test36','데이븐 카이저 케이스 급쳐 합니다.','직거래','거래완료');
Insert into COMFIT.TOTAL_PRODUCT_VIEW (PD_NUM,PD_ID,CATEGORY_NAME,PD_REGIT_DATE,U_ID,PD_TITLE,DEAL_TYPE,DEAL_STATUS) values ('45','dire','파워서플라이',to_date('2022-06-19','YYYY-MM-DD'),'test45','fsp 파워 500w 새제품 팝니다','직거래','거래완료');
Insert into COMFIT.TOTAL_PRODUCT_VIEW (PD_NUM,PD_ID,CATEGORY_NAME,PD_REGIT_DATE,U_ID,PD_TITLE,DEAL_TYPE,DEAL_STATUS) values ('2','dire','키보드',to_date('2022-06-17','YYYY-MM-DD'),'test2','새거같은 레오폴드 키보드 판매','직거래','거래중');
Insert into COMFIT.TOTAL_PRODUCT_VIEW (PD_NUM,PD_ID,CATEGORY_NAME,PD_REGIT_DATE,U_ID,PD_TITLE,DEAL_TYPE,DEAL_STATUS) values ('2','dire','키보드',to_date('2022-06-17','YYYY-MM-DD'),'test2','새거같은 레오폴드 키보드 판매','직거래','거래중');
Insert into COMFIT.TOTAL_PRODUCT_VIEW (PD_NUM,PD_ID,CATEGORY_NAME,PD_REGIT_DATE,U_ID,PD_TITLE,DEAL_TYPE,DEAL_STATUS) values ('41','dire','키보드',to_date('2022-06-18','YYYY-MM-DD'),'test43','마닉 키보드 팔아요','직거래','거래중');
Insert into COMFIT.TOTAL_PRODUCT_VIEW (PD_NUM,PD_ID,CATEGORY_NAME,PD_REGIT_DATE,U_ID,PD_TITLE,DEAL_TYPE,DEAL_STATUS) values ('10','dire','마우스',to_date('2022-06-17','YYYY-MM-DD'),'test1','G304 마우스 팝니다','직거래','거래완료');
Insert into COMFIT.TOTAL_PRODUCT_VIEW (PD_NUM,PD_ID,CATEGORY_NAME,PD_REGIT_DATE,U_ID,PD_TITLE,DEAL_TYPE,DEAL_STATUS) values ('50','dire','모니터',to_date('2022-06-20','YYYY-MM-DD'),'test37','모니터 팝니다','직거래','거래중');
Insert into COMFIT.TOTAL_PRODUCT_VIEW (PD_NUM,PD_ID,CATEGORY_NAME,PD_REGIT_DATE,U_ID,PD_TITLE,DEAL_TYPE,DEAL_STATUS) values ('17','dire','노트북',to_date('2022-06-17','YYYY-MM-DD'),'test1','노트북 싸게팝니다','직거래','거래중');
Insert into COMFIT.TOTAL_PRODUCT_VIEW (PD_NUM,PD_ID,CATEGORY_NAME,PD_REGIT_DATE,U_ID,PD_TITLE,DEAL_TYPE,DEAL_STATUS) values ('51','dire','노트북',to_date('2022-06-20','YYYY-MM-DD'),'test48','맥북 개싸게팜','직거래','거래완료');
Insert into COMFIT.TOTAL_PRODUCT_VIEW (PD_NUM,PD_ID,CATEGORY_NAME,PD_REGIT_DATE,U_ID,PD_TITLE,DEAL_TYPE,DEAL_STATUS) values ('49','dire','노트북',to_date('2022-06-20','YYYY-MM-DD'),'test2','노트북 팔아요','직거래','거래완료');
REM INSERTING into COMFIT.TOTAL_REPORT_VIEW
SET DEFINE OFF;
Insert into COMFIT.TOTAL_REPORT_VIEW (U_ID,PD_ID,R_U_ID,REP_CONTENTS,HAN_CATE_NAME,REP_DATE,REP_HAN_DATE) values ('test2','deli_1','test1','유해한 내용 업로드','피신고자패널티',to_date('2022-06-11','YYYY-MM-DD'),to_date('2022-06-11','YYYY-MM-DD'));
Insert into COMFIT.TOTAL_REPORT_VIEW (U_ID,PD_ID,R_U_ID,REP_CONTENTS,HAN_CATE_NAME,REP_DATE,REP_HAN_DATE) values ('test1','dire_1','test2','허위내용으로 신고합니다.',null,to_date('2022-06-12','YYYY-MM-DD'),null);
Insert into COMFIT.TOTAL_REPORT_VIEW (U_ID,PD_ID,R_U_ID,REP_CONTENTS,HAN_CATE_NAME,REP_DATE,REP_HAN_DATE) values ('test2','deli_1','test1','상품변질로 신고합니다.',null,to_date('2022-06-12','YYYY-MM-DD'),null);
REM INSERTING into COMFIT.TOTAL_USER_INFORMATION_VIEW
SET DEFINE OFF;
Insert into COMFIT.TOTAL_USER_INFORMATION_VIEW (U_ID,U_EMAIL,U_NAME,U_NICKNAME,U_TEL,U_JOINDATE,BANCOUNT) values ('test1','issac1162@test.com','오이삭','삭이오','010-2988-1162',to_date('2022-06-10','YYYY-MM-DD'),0);
Insert into COMFIT.TOTAL_USER_INFORMATION_VIEW (U_ID,U_EMAIL,U_NAME,U_NICKNAME,U_TEL,U_JOINDATE,BANCOUNT) values ('test2','kkk@naver.com','김민성','민성킴의활약','010-2222-3333',to_date('2022-06-11','YYYY-MM-DD'),1);
Insert into COMFIT.TOTAL_USER_INFORMATION_VIEW (U_ID,U_EMAIL,U_NAME,U_NICKNAME,U_TEL,U_JOINDATE,BANCOUNT) values ('test33','ckacl2222@basdr.com','김민수','아시발꿈','010-2234-5123',to_date('2022-06-16','YYYY-MM-DD'),0);
Insert into COMFIT.TOTAL_USER_INFORMATION_VIEW (U_ID,U_EMAIL,U_NAME,U_NICKNAME,U_TEL,U_JOINDATE,BANCOUNT) values ('test22','test','김민성','김깐득','010-1111-1111',to_date('2022-06-15','YYYY-MM-DD'),0);
Insert into COMFIT.TOTAL_USER_INFORMATION_VIEW (U_ID,U_EMAIL,U_NAME,U_NICKNAME,U_TEL,U_JOINDATE,BANCOUNT) values ('test16','hjui6322789@gmail.com','김민성','김깐돌2','010-1111-1114',to_date('2022-06-14','YYYY-MM-DD'),0);
Insert into COMFIT.TOTAL_USER_INFORMATION_VIEW (U_ID,U_EMAIL,U_NAME,U_NICKNAME,U_TEL,U_JOINDATE,BANCOUNT) values ('test17','yjooo0816@gmail.com','이연주','연주','010-4423-0463',to_date('2022-06-15','YYYY-MM-DD'),0);
Insert into COMFIT.TOTAL_USER_INFORMATION_VIEW (U_ID,U_EMAIL,U_NAME,U_NICKNAME,U_TEL,U_JOINDATE,BANCOUNT) values ('test38','wjddyd123@test.com','김정용','klsdfsdf','010-4444-2222',to_date('2022-06-17','YYYY-MM-DD'),0);
Insert into COMFIT.TOTAL_USER_INFORMATION_VIEW (U_ID,U_EMAIL,U_NAME,U_NICKNAME,U_TEL,U_JOINDATE,BANCOUNT) values ('test36','hjui78@naver.com','김민성','김깐득2','010-1111-1113',to_date('2022-06-16','YYYY-MM-DD'),0);
Insert into COMFIT.TOTAL_USER_INFORMATION_VIEW (U_ID,U_EMAIL,U_NAME,U_NICKNAME,U_TEL,U_JOINDATE,BANCOUNT) values ('test37','duswn1995@naver.com','이연주','이연주2','01044230463  ',to_date('2022-06-16','YYYY-MM-DD'),0);
Insert into COMFIT.TOTAL_USER_INFORMATION_VIEW (U_ID,U_EMAIL,U_NAME,U_NICKNAME,U_TEL,U_JOINDATE,BANCOUNT) values ('test39','cseon230@test.com','최선하','seonha','010-2648-5587',to_date('2022-06-18','YYYY-MM-DD'),0);
Insert into COMFIT.TOTAL_USER_INFORMATION_VIEW (U_ID,U_EMAIL,U_NAME,U_NICKNAME,U_TEL,U_JOINDATE,BANCOUNT) values ('test44','ckacl0233@naver.com','김상기','김상기진짜','010-2222-3333',to_date('2022-06-18','YYYY-MM-DD'),0);
Insert into COMFIT.TOTAL_USER_INFORMATION_VIEW (U_ID,U_EMAIL,U_NAME,U_NICKNAME,U_TEL,U_JOINDATE,BANCOUNT) values ('test43','cseon230@gmail.com','최선하','csh','010-1234-1234',to_date('2022-06-18','YYYY-MM-DD'),0);
Insert into COMFIT.TOTAL_USER_INFORMATION_VIEW (U_ID,U_EMAIL,U_NAME,U_NICKNAME,U_TEL,U_JOINDATE,BANCOUNT) values ('test45','hjui78@kakao.com','김민성','김끄끄','010-5154-6322',to_date('2022-06-19','YYYY-MM-DD'),0);
Insert into COMFIT.TOTAL_USER_INFORMATION_VIEW (U_ID,U_EMAIL,U_NAME,U_NICKNAME,U_TEL,U_JOINDATE,BANCOUNT) values ('test47','issac1162@gmail.com','오오이삭2','굿바이','010-2988-1162',to_date('2022-06-19','YYYY-MM-DD'),0);
Insert into COMFIT.TOTAL_USER_INFORMATION_VIEW (U_ID,U_EMAIL,U_NAME,U_NICKNAME,U_TEL,U_JOINDATE,BANCOUNT) values ('test48','yjuh1162@naver.com','오이삭','이삭삭','010-2988-1162',to_date('2022-06-20','YYYY-MM-DD'),0);
REM INSERTING into COMFIT.USER_ASK_VIEW
SET DEFINE OFF;
Insert into COMFIT.USER_ASK_VIEW (ASK_CATE_ID,ASK_CATE_NAME,ASK_TITLE,ASK_DATE,ASK_CONTENTS,ASK_ID) values (3,'신고','가능ㅎㅇ',to_date('2022-06-10','YYYY-MM-DD'),'할까ㅎㅇ','ask_1');
REM INSERTING into COMFIT.USER_BUY_COUNT_VIEW
SET DEFINE OFF;
Insert into COMFIT.USER_BUY_COUNT_VIEW (BUY_CODE,U_ID) values ('rcBuy_1','test2');
Insert into COMFIT.USER_BUY_COUNT_VIEW (BUY_CODE,U_ID) values ('rcBuy_3','test2');
Insert into COMFIT.USER_BUY_COUNT_VIEW (BUY_CODE,U_ID) values ('rcBuy_5','test1');
Insert into COMFIT.USER_BUY_COUNT_VIEW (BUY_CODE,U_ID) values ('rcBuy_6','test1');
Insert into COMFIT.USER_BUY_COUNT_VIEW (BUY_CODE,U_ID) values ('rcBuy_7','test36');
Insert into COMFIT.USER_BUY_COUNT_VIEW (BUY_CODE,U_ID) values ('rcBuy_8','test1');
Insert into COMFIT.USER_BUY_COUNT_VIEW (BUY_CODE,U_ID) values ('rcBuy_9','test47');
Insert into COMFIT.USER_BUY_COUNT_VIEW (BUY_CODE,U_ID) values ('rcBuy_10','test1');
Insert into COMFIT.USER_BUY_COUNT_VIEW (BUY_CODE,U_ID) values ('rcBuy_11','test1');
Insert into COMFIT.USER_BUY_COUNT_VIEW (BUY_CODE,U_ID) values ('dcbuy_1','test1');
Insert into COMFIT.USER_BUY_COUNT_VIEW (BUY_CODE,U_ID) values ('dcbuy_3','test2');
Insert into COMFIT.USER_BUY_COUNT_VIEW (BUY_CODE,U_ID) values ('dcbuy_4','test1');
REM INSERTING into COMFIT.USER_EXP_VIEW
SET DEFINE OFF;
Insert into COMFIT.USER_EXP_VIEW (CODE,U_ID) values ('b','test1');
Insert into COMFIT.USER_EXP_VIEW (CODE,U_ID) values ('b','test2');
Insert into COMFIT.USER_EXP_VIEW (CODE,U_ID) values ('b','test1');
Insert into COMFIT.USER_EXP_VIEW (CODE,U_ID) values ('s','test1');
Insert into COMFIT.USER_EXP_VIEW (CODE,U_ID) values ('s','test1');
Insert into COMFIT.USER_EXP_VIEW (CODE,U_ID) values ('s','test33');
Insert into COMFIT.USER_EXP_VIEW (CODE,U_ID) values ('s','test2');
Insert into COMFIT.USER_EXP_VIEW (CODE,U_ID) values ('s','test2');
Insert into COMFIT.USER_EXP_VIEW (CODE,U_ID) values ('B','test2');
Insert into COMFIT.USER_EXP_VIEW (CODE,U_ID) values ('s','test2');
Insert into COMFIT.USER_EXP_VIEW (CODE,U_ID) values ('B','test2');
Insert into COMFIT.USER_EXP_VIEW (CODE,U_ID) values ('B','test1');
Insert into COMFIT.USER_EXP_VIEW (CODE,U_ID) values ('s','test1');
Insert into COMFIT.USER_EXP_VIEW (CODE,U_ID) values ('B','test1');
Insert into COMFIT.USER_EXP_VIEW (CODE,U_ID) values ('s','test36');
Insert into COMFIT.USER_EXP_VIEW (CODE,U_ID) values ('B','test36');
Insert into COMFIT.USER_EXP_VIEW (CODE,U_ID) values ('s','test1');
Insert into COMFIT.USER_EXP_VIEW (CODE,U_ID) values ('B','test1');
Insert into COMFIT.USER_EXP_VIEW (CODE,U_ID) values ('s','test47');
Insert into COMFIT.USER_EXP_VIEW (CODE,U_ID) values ('B','test47');
Insert into COMFIT.USER_EXP_VIEW (CODE,U_ID) values ('s','test1');
Insert into COMFIT.USER_EXP_VIEW (CODE,U_ID) values ('B','test1');
Insert into COMFIT.USER_EXP_VIEW (CODE,U_ID) values ('s','test1');
Insert into COMFIT.USER_EXP_VIEW (CODE,U_ID) values ('B','test1');
REM INSERTING into COMFIT.USER_INMONEY_VIEW
SET DEFINE OFF;
Insert into COMFIT.USER_INMONEY_VIEW (U_ID,IN_MONEY_TOT) values ('test36',1440000);
Insert into COMFIT.USER_INMONEY_VIEW (U_ID,IN_MONEY_TOT) values ('test43',1870000);
Insert into COMFIT.USER_INMONEY_VIEW (U_ID,IN_MONEY_TOT) values ('test47',1000000);
Insert into COMFIT.USER_INMONEY_VIEW (U_ID,IN_MONEY_TOT) values ('test1',4658500);
Insert into COMFIT.USER_INMONEY_VIEW (U_ID,IN_MONEY_TOT) values ('test33',2038000);
Insert into COMFIT.USER_INMONEY_VIEW (U_ID,IN_MONEY_TOT) values ('test2',5166500);
Insert into COMFIT.USER_INMONEY_VIEW (U_ID,IN_MONEY_TOT) values ('test3',152000);
Insert into COMFIT.USER_INMONEY_VIEW (U_ID,IN_MONEY_TOT) values ('test16',130000);
Insert into COMFIT.USER_INMONEY_VIEW (U_ID,IN_MONEY_TOT) values ('test45',440000);
Insert into COMFIT.USER_INMONEY_VIEW (U_ID,IN_MONEY_TOT) values ('test48',1300000);
Insert into COMFIT.USER_INMONEY_VIEW (U_ID,IN_MONEY_TOT) values ('test37',10000000);
REM INSERTING into COMFIT.USER_LEVEL_VIEW
SET DEFINE OFF;
Insert into COMFIT.USER_LEVEL_VIEW (USER_EXP,U_ID) values (2,'test1');
Insert into COMFIT.USER_LEVEL_VIEW (USER_EXP,U_ID) values (2,'test2');
Insert into COMFIT.USER_LEVEL_VIEW (USER_EXP,U_ID) values (2,'test1');
Insert into COMFIT.USER_LEVEL_VIEW (USER_EXP,U_ID) values (1,'test1');
Insert into COMFIT.USER_LEVEL_VIEW (USER_EXP,U_ID) values (1,'test1');
Insert into COMFIT.USER_LEVEL_VIEW (USER_EXP,U_ID) values (1,'test33');
Insert into COMFIT.USER_LEVEL_VIEW (USER_EXP,U_ID) values (1,'test2');
Insert into COMFIT.USER_LEVEL_VIEW (USER_EXP,U_ID) values (1,'test2');
Insert into COMFIT.USER_LEVEL_VIEW (USER_EXP,U_ID) values (2,'test2');
Insert into COMFIT.USER_LEVEL_VIEW (USER_EXP,U_ID) values (1,'test2');
Insert into COMFIT.USER_LEVEL_VIEW (USER_EXP,U_ID) values (2,'test2');
Insert into COMFIT.USER_LEVEL_VIEW (USER_EXP,U_ID) values (2,'test1');
Insert into COMFIT.USER_LEVEL_VIEW (USER_EXP,U_ID) values (1,'test1');
Insert into COMFIT.USER_LEVEL_VIEW (USER_EXP,U_ID) values (2,'test1');
Insert into COMFIT.USER_LEVEL_VIEW (USER_EXP,U_ID) values (1,'test36');
Insert into COMFIT.USER_LEVEL_VIEW (USER_EXP,U_ID) values (2,'test36');
Insert into COMFIT.USER_LEVEL_VIEW (USER_EXP,U_ID) values (1,'test1');
Insert into COMFIT.USER_LEVEL_VIEW (USER_EXP,U_ID) values (2,'test1');
Insert into COMFIT.USER_LEVEL_VIEW (USER_EXP,U_ID) values (1,'test47');
Insert into COMFIT.USER_LEVEL_VIEW (USER_EXP,U_ID) values (2,'test47');
Insert into COMFIT.USER_LEVEL_VIEW (USER_EXP,U_ID) values (1,'test1');
Insert into COMFIT.USER_LEVEL_VIEW (USER_EXP,U_ID) values (2,'test1');
Insert into COMFIT.USER_LEVEL_VIEW (USER_EXP,U_ID) values (1,'test1');
Insert into COMFIT.USER_LEVEL_VIEW (USER_EXP,U_ID) values (2,'test1');
REM INSERTING into COMFIT.USER_LEVEL_VIEW2
SET DEFINE OFF;
Insert into COMFIT.USER_LEVEL_VIEW2 (U_ID,USER_EXP) values ('test1',2);
Insert into COMFIT.USER_LEVEL_VIEW2 (U_ID,USER_EXP) values ('test2',2);
Insert into COMFIT.USER_LEVEL_VIEW2 (U_ID,USER_EXP) values ('test1',2);
Insert into COMFIT.USER_LEVEL_VIEW2 (U_ID,USER_EXP) values ('test1',1);
Insert into COMFIT.USER_LEVEL_VIEW2 (U_ID,USER_EXP) values ('test1',1);
Insert into COMFIT.USER_LEVEL_VIEW2 (U_ID,USER_EXP) values ('test33',1);
Insert into COMFIT.USER_LEVEL_VIEW2 (U_ID,USER_EXP) values ('test2',1);
Insert into COMFIT.USER_LEVEL_VIEW2 (U_ID,USER_EXP) values ('test2',1);
Insert into COMFIT.USER_LEVEL_VIEW2 (U_ID,USER_EXP) values ('test2',2);
Insert into COMFIT.USER_LEVEL_VIEW2 (U_ID,USER_EXP) values ('test2',1);
Insert into COMFIT.USER_LEVEL_VIEW2 (U_ID,USER_EXP) values ('test2',2);
Insert into COMFIT.USER_LEVEL_VIEW2 (U_ID,USER_EXP) values ('test1',2);
Insert into COMFIT.USER_LEVEL_VIEW2 (U_ID,USER_EXP) values ('test1',1);
Insert into COMFIT.USER_LEVEL_VIEW2 (U_ID,USER_EXP) values ('test1',2);
Insert into COMFIT.USER_LEVEL_VIEW2 (U_ID,USER_EXP) values ('test36',1);
Insert into COMFIT.USER_LEVEL_VIEW2 (U_ID,USER_EXP) values ('test36',2);
Insert into COMFIT.USER_LEVEL_VIEW2 (U_ID,USER_EXP) values ('test1',1);
Insert into COMFIT.USER_LEVEL_VIEW2 (U_ID,USER_EXP) values ('test1',2);
Insert into COMFIT.USER_LEVEL_VIEW2 (U_ID,USER_EXP) values ('test47',1);
Insert into COMFIT.USER_LEVEL_VIEW2 (U_ID,USER_EXP) values ('test47',2);
Insert into COMFIT.USER_LEVEL_VIEW2 (U_ID,USER_EXP) values ('test1',1);
Insert into COMFIT.USER_LEVEL_VIEW2 (U_ID,USER_EXP) values ('test1',2);
Insert into COMFIT.USER_LEVEL_VIEW2 (U_ID,USER_EXP) values ('test1',1);
Insert into COMFIT.USER_LEVEL_VIEW2 (U_ID,USER_EXP) values ('test1',2);
Insert into COMFIT.USER_LEVEL_VIEW2 (U_ID,USER_EXP) values ('test28',0);
Insert into COMFIT.USER_LEVEL_VIEW2 (U_ID,USER_EXP) values ('test16',0);
Insert into COMFIT.USER_LEVEL_VIEW2 (U_ID,USER_EXP) values ('test23',0);
Insert into COMFIT.USER_LEVEL_VIEW2 (U_ID,USER_EXP) values ('test41',0);
Insert into COMFIT.USER_LEVEL_VIEW2 (U_ID,USER_EXP) values ('test18',0);
Insert into COMFIT.USER_LEVEL_VIEW2 (U_ID,USER_EXP) values ('test29',0);
Insert into COMFIT.USER_LEVEL_VIEW2 (U_ID,USER_EXP) values ('test34',0);
Insert into COMFIT.USER_LEVEL_VIEW2 (U_ID,USER_EXP) values ('test38',0);
Insert into COMFIT.USER_LEVEL_VIEW2 (U_ID,USER_EXP) values ('test15',0);
Insert into COMFIT.USER_LEVEL_VIEW2 (U_ID,USER_EXP) values ('test32',0);
Insert into COMFIT.USER_LEVEL_VIEW2 (U_ID,USER_EXP) values ('test3',0);
Insert into COMFIT.USER_LEVEL_VIEW2 (U_ID,USER_EXP) values ('test40',0);
Insert into COMFIT.USER_LEVEL_VIEW2 (U_ID,USER_EXP) values ('test45',0);
Insert into COMFIT.USER_LEVEL_VIEW2 (U_ID,USER_EXP) values ('test26',0);
Insert into COMFIT.USER_LEVEL_VIEW2 (U_ID,USER_EXP) values ('test19',0);
Insert into COMFIT.USER_LEVEL_VIEW2 (U_ID,USER_EXP) values ('test30',0);
Insert into COMFIT.USER_LEVEL_VIEW2 (U_ID,USER_EXP) values ('test25',0);
Insert into COMFIT.USER_LEVEL_VIEW2 (U_ID,USER_EXP) values ('test37',0);
Insert into COMFIT.USER_LEVEL_VIEW2 (U_ID,USER_EXP) values ('test35',0);
Insert into COMFIT.USER_LEVEL_VIEW2 (U_ID,USER_EXP) values ('test42',0);
Insert into COMFIT.USER_LEVEL_VIEW2 (U_ID,USER_EXP) values ('test46',0);
Insert into COMFIT.USER_LEVEL_VIEW2 (U_ID,USER_EXP) values ('test43',0);
Insert into COMFIT.USER_LEVEL_VIEW2 (U_ID,USER_EXP) values ('test24',0);
Insert into COMFIT.USER_LEVEL_VIEW2 (U_ID,USER_EXP) values ('test31',0);
Insert into COMFIT.USER_LEVEL_VIEW2 (U_ID,USER_EXP) values ('test27',0);
Insert into COMFIT.USER_LEVEL_VIEW2 (U_ID,USER_EXP) values ('test44',0);
Insert into COMFIT.USER_LEVEL_VIEW2 (U_ID,USER_EXP) values ('test17',0);
Insert into COMFIT.USER_LEVEL_VIEW2 (U_ID,USER_EXP) values ('test48',0);
Insert into COMFIT.USER_LEVEL_VIEW2 (U_ID,USER_EXP) values ('test22',0);
Insert into COMFIT.USER_LEVEL_VIEW2 (U_ID,USER_EXP) values ('test39',0);
REM INSERTING into COMFIT.USER_OUTMONEY_VIEW
SET DEFINE OFF;
Insert into COMFIT.USER_OUTMONEY_VIEW (U_ID,OUT_MONEY_TOT) values ('test36',540000);
Insert into COMFIT.USER_OUTMONEY_VIEW (U_ID,OUT_MONEY_TOT) values ('test43',1660000);
Insert into COMFIT.USER_OUTMONEY_VIEW (U_ID,OUT_MONEY_TOT) values ('test47',28000);
Insert into COMFIT.USER_OUTMONEY_VIEW (U_ID,OUT_MONEY_TOT) values ('test1',3183812);
Insert into COMFIT.USER_OUTMONEY_VIEW (U_ID,OUT_MONEY_TOT) values ('test33',1067000);
Insert into COMFIT.USER_OUTMONEY_VIEW (U_ID,OUT_MONEY_TOT) values ('test2',3014623);
Insert into COMFIT.USER_OUTMONEY_VIEW (U_ID,OUT_MONEY_TOT) values ('test3',152000);
Insert into COMFIT.USER_OUTMONEY_VIEW (U_ID,OUT_MONEY_TOT) values ('test45',350000);
REM INSERTING into COMFIT.USER_POINT_VIEW
SET DEFINE OFF;
Insert into COMFIT.USER_POINT_VIEW (U_ID,POINT) values ('test36',900000);
Insert into COMFIT.USER_POINT_VIEW (U_ID,POINT) values ('test43',210000);
Insert into COMFIT.USER_POINT_VIEW (U_ID,POINT) values ('test47',972000);
Insert into COMFIT.USER_POINT_VIEW (U_ID,POINT) values ('test1',1474688);
Insert into COMFIT.USER_POINT_VIEW (U_ID,POINT) values ('test33',971000);
Insert into COMFIT.USER_POINT_VIEW (U_ID,POINT) values ('test2',2151877);
Insert into COMFIT.USER_POINT_VIEW (U_ID,POINT) values ('test3',0);
Insert into COMFIT.USER_POINT_VIEW (U_ID,POINT) values ('test45',90000);
Insert into COMFIT.USER_POINT_VIEW (U_ID,POINT) values ('test16',130000);
Insert into COMFIT.USER_POINT_VIEW (U_ID,POINT) values ('test48',1300000);
Insert into COMFIT.USER_POINT_VIEW (U_ID,POINT) values ('test37',10000000);
REM INSERTING into COMFIT.USER_SELL_COUNT_VIEW
SET DEFINE OFF;
Insert into COMFIT.USER_SELL_COUNT_VIEW (SELL_CODE,U_ID) values ('rcsell_1','test1');
Insert into COMFIT.USER_SELL_COUNT_VIEW (SELL_CODE,U_ID) values ('rcsell_2','test36');
Insert into COMFIT.USER_SELL_COUNT_VIEW (SELL_CODE,U_ID) values ('rcsell_3','test36');
Insert into COMFIT.USER_SELL_COUNT_VIEW (SELL_CODE,U_ID) values ('rcsell_4','test1');
Insert into COMFIT.USER_SELL_COUNT_VIEW (SELL_CODE,U_ID) values ('rcsell_6','test1');
Insert into COMFIT.USER_SELL_COUNT_VIEW (SELL_CODE,U_ID) values ('rcsell_5','test45');
Insert into COMFIT.USER_SELL_COUNT_VIEW (SELL_CODE,U_ID) values ('rcsell_7','test2');
Insert into COMFIT.USER_SELL_COUNT_VIEW (SELL_CODE,U_ID) values ('rcsell_8','test48');
Insert into COMFIT.USER_SELL_COUNT_VIEW (SELL_CODE,U_ID) values ('dcsell_1','test2');
Insert into COMFIT.USER_SELL_COUNT_VIEW (SELL_CODE,U_ID) values ('dcsell_8','test16');
Insert into COMFIT.USER_SELL_COUNT_VIEW (SELL_CODE,U_ID) values ('dcsell_6','test1');
Insert into COMFIT.USER_SELL_COUNT_VIEW (SELL_CODE,U_ID) values ('dcsell_7','test1');
--------------------------------------------------------
--  DDL for Index AD_ID_PK
--------------------------------------------------------

  CREATE UNIQUE INDEX "COMFIT"."AD_ID_PK" ON "COMFIT"."ADMIN" ("AD_ID") 
  PCTFREE 10 INITRANS 2 MAXTRANS 255 COMPUTE STATISTICS 
  STORAGE(INITIAL 65536 NEXT 1048576 MINEXTENTS 1 MAXEXTENTS 2147483645
  PCTINCREASE 0 FREELISTS 1 FREELIST GROUPS 1 BUFFER_POOL DEFAULT FLASH_CACHE DEFAULT CELL_FLASH_CACHE DEFAULT)
  TABLESPACE "SYSTEM" ;
--------------------------------------------------------
--  DDL for Index ALARM_CODE_PK
--------------------------------------------------------

  CREATE UNIQUE INDEX "COMFIT"."ALARM_CODE_PK" ON "COMFIT"."ALARM_OK" ("ALARM_CODE") 
  PCTFREE 10 INITRANS 2 MAXTRANS 255 COMPUTE STATISTICS 
  STORAGE(INITIAL 65536 NEXT 1048576 MINEXTENTS 1 MAXEXTENTS 2147483645
  PCTINCREASE 0 FREELISTS 1 FREELIST GROUPS 1 BUFFER_POOL DEFAULT FLASH_CACHE DEFAULT CELL_FLASH_CACHE DEFAULT)
  TABLESPACE "SYSTEM" ;
--------------------------------------------------------
--  DDL for Index ANNOUNCE_ID_PK
--------------------------------------------------------

  CREATE UNIQUE INDEX "COMFIT"."ANNOUNCE_ID_PK" ON "COMFIT"."ANNOUNCE" ("ANNOUNCE_ID") 
  PCTFREE 10 INITRANS 2 MAXTRANS 255 COMPUTE STATISTICS 
  STORAGE(INITIAL 65536 NEXT 1048576 MINEXTENTS 1 MAXEXTENTS 2147483645
  PCTINCREASE 0 FREELISTS 1 FREELIST GROUPS 1 BUFFER_POOL DEFAULT FLASH_CACHE DEFAULT CELL_FLASH_CACHE DEFAULT)
  TABLESPACE "SYSTEM" ;
--------------------------------------------------------
--  DDL for Index ANOUN_CATE_ID_PK
--------------------------------------------------------

  CREATE UNIQUE INDEX "COMFIT"."ANOUN_CATE_ID_PK" ON "COMFIT"."ANNOUNCE_CATEGORY" ("ANOUN_CATE_ID") 
  PCTFREE 10 INITRANS 2 MAXTRANS 255 COMPUTE STATISTICS 
  STORAGE(INITIAL 65536 NEXT 1048576 MINEXTENTS 1 MAXEXTENTS 2147483645
  PCTINCREASE 0 FREELISTS 1 FREELIST GROUPS 1 BUFFER_POOL DEFAULT FLASH_CACHE DEFAULT CELL_FLASH_CACHE DEFAULT)
  TABLESPACE "SYSTEM" ;
--------------------------------------------------------
--  DDL for Index ANSWER_ASK_ID_PK
--------------------------------------------------------

  CREATE UNIQUE INDEX "COMFIT"."ANSWER_ASK_ID_PK" ON "COMFIT"."ASK_ANSWER" ("ASK_ID") 
  PCTFREE 10 INITRANS 2 MAXTRANS 255 COMPUTE STATISTICS 
  STORAGE(INITIAL 65536 NEXT 1048576 MINEXTENTS 1 MAXEXTENTS 2147483645
  PCTINCREASE 0 FREELISTS 1 FREELIST GROUPS 1 BUFFER_POOL DEFAULT FLASH_CACHE DEFAULT CELL_FLASH_CACHE DEFAULT)
  TABLESPACE "SYSTEM" ;
--------------------------------------------------------
--  DDL for Index ASK_CATE_ID_PK
--------------------------------------------------------

  CREATE UNIQUE INDEX "COMFIT"."ASK_CATE_ID_PK" ON "COMFIT"."ASK_CATEGORY" ("ASK_CATE_ID") 
  PCTFREE 10 INITRANS 2 MAXTRANS 255 COMPUTE STATISTICS 
  STORAGE(INITIAL 65536 NEXT 1048576 MINEXTENTS 1 MAXEXTENTS 2147483645
  PCTINCREASE 0 FREELISTS 1 FREELIST GROUPS 1 BUFFER_POOL DEFAULT FLASH_CACHE DEFAULT CELL_FLASH_CACHE DEFAULT)
  TABLESPACE "SYSTEM" ;
--------------------------------------------------------
--  DDL for Index ASK_ID_PK
--------------------------------------------------------

  CREATE UNIQUE INDEX "COMFIT"."ASK_ID_PK" ON "COMFIT"."ASK" ("ASK_ID") 
  PCTFREE 10 INITRANS 2 MAXTRANS 255 COMPUTE STATISTICS 
  STORAGE(INITIAL 65536 NEXT 1048576 MINEXTENTS 1 MAXEXTENTS 2147483645
  PCTINCREASE 0 FREELISTS 1 FREELIST GROUPS 1 BUFFER_POOL DEFAULT FLASH_CACHE DEFAULT CELL_FLASH_CACHE DEFAULT)
  TABLESPACE "SYSTEM" ;
--------------------------------------------------------
--  DDL for Index AU_CATE_ID_PK
--------------------------------------------------------

  CREATE UNIQUE INDEX "COMFIT"."AU_CATE_ID_PK" ON "COMFIT"."AUTH_CATEGORY" ("AU_CATE_ID") 
  PCTFREE 10 INITRANS 2 MAXTRANS 255 COMPUTE STATISTICS 
  STORAGE(INITIAL 65536 NEXT 1048576 MINEXTENTS 1 MAXEXTENTS 2147483645
  PCTINCREASE 0 FREELISTS 1 FREELIST GROUPS 1 BUFFER_POOL DEFAULT FLASH_CACHE DEFAULT CELL_FLASH_CACHE DEFAULT)
  TABLESPACE "SYSTEM" ;
--------------------------------------------------------
--  DDL for Index BANK_ID_PK
--------------------------------------------------------

  CREATE UNIQUE INDEX "COMFIT"."BANK_ID_PK" ON "COMFIT"."BANK" ("BANK_ID") 
  PCTFREE 10 INITRANS 2 MAXTRANS 255 COMPUTE STATISTICS 
  STORAGE(INITIAL 65536 NEXT 1048576 MINEXTENTS 1 MAXEXTENTS 2147483645
  PCTINCREASE 0 FREELISTS 1 FREELIST GROUPS 1 BUFFER_POOL DEFAULT FLASH_CACHE DEFAULT CELL_FLASH_CACHE DEFAULT)
  TABLESPACE "SYSTEM" ;
--------------------------------------------------------
--  DDL for Index BAN_CATE_ID_PK
--------------------------------------------------------

  CREATE UNIQUE INDEX "COMFIT"."BAN_CATE_ID_PK" ON "COMFIT"."BAN_CATEGORY" ("BAN_CATE_ID") 
  PCTFREE 10 INITRANS 2 MAXTRANS 255 COMPUTE STATISTICS 
  STORAGE(INITIAL 65536 NEXT 1048576 MINEXTENTS 1 MAXEXTENTS 2147483645
  PCTINCREASE 0 FREELISTS 1 FREELIST GROUPS 1 BUFFER_POOL DEFAULT FLASH_CACHE DEFAULT CELL_FLASH_CACHE DEFAULT)
  TABLESPACE "SYSTEM" ;
--------------------------------------------------------
--  DDL for Index BID_CODE_PK
--------------------------------------------------------

  CREATE UNIQUE INDEX "COMFIT"."BID_CODE_PK" ON "COMFIT"."BID_LIST" ("BID_CODE") 
  PCTFREE 10 INITRANS 2 MAXTRANS 255 COMPUTE STATISTICS 
  STORAGE(INITIAL 65536 NEXT 1048576 MINEXTENTS 1 MAXEXTENTS 2147483645
  PCTINCREASE 0 FREELISTS 1 FREELIST GROUPS 1 BUFFER_POOL DEFAULT FLASH_CACHE DEFAULT CELL_FLASH_CACHE DEFAULT)
  TABLESPACE "SYSTEM" ;
--------------------------------------------------------
--  DDL for Index BS_ID_PK
--------------------------------------------------------

  CREATE UNIQUE INDEX "COMFIT"."BS_ID_PK" ON "COMFIT"."BID_SUCCESS" ("BS_ID") 
  PCTFREE 10 INITRANS 2 MAXTRANS 255 COMPUTE STATISTICS 
  STORAGE(INITIAL 65536 NEXT 1048576 MINEXTENTS 1 MAXEXTENTS 2147483645
  PCTINCREASE 0 FREELISTS 1 FREELIST GROUPS 1 BUFFER_POOL DEFAULT FLASH_CACHE DEFAULT CELL_FLASH_CACHE DEFAULT)
  TABLESPACE "SYSTEM" ;
--------------------------------------------------------
--  DDL for Index DELI_COMP_BUY_ID_PK
--------------------------------------------------------

  CREATE UNIQUE INDEX "COMFIT"."DELI_COMP_BUY_ID_PK" ON "COMFIT"."DELI_COMPLETE_BUY" ("DELI_COMP_BUY_ID") 
  PCTFREE 10 INITRANS 2 MAXTRANS 255 COMPUTE STATISTICS 
  STORAGE(INITIAL 65536 NEXT 1048576 MINEXTENTS 1 MAXEXTENTS 2147483645
  PCTINCREASE 0 FREELISTS 1 FREELIST GROUPS 1 BUFFER_POOL DEFAULT FLASH_CACHE DEFAULT CELL_FLASH_CACHE DEFAULT)
  TABLESPACE "SYSTEM" ;
--------------------------------------------------------
--  DDL for Index DELI_COMP_SELL_ID_PK
--------------------------------------------------------

  CREATE UNIQUE INDEX "COMFIT"."DELI_COMP_SELL_ID_PK" ON "COMFIT"."DELI_COMPLETE_SELL" ("DELI_COMP_SELL_ID") 
  PCTFREE 10 INITRANS 2 MAXTRANS 255 COMPUTE STATISTICS 
  STORAGE(INITIAL 65536 NEXT 1048576 MINEXTENTS 1 MAXEXTENTS 2147483645
  PCTINCREASE 0 FREELISTS 1 FREELIST GROUPS 1 BUFFER_POOL DEFAULT FLASH_CACHE DEFAULT CELL_FLASH_CACHE DEFAULT)
  TABLESPACE "SYSTEM" ;
--------------------------------------------------------
--  DDL for Index DELI_HANDLE_REP_ID_PK
--------------------------------------------------------

  CREATE UNIQUE INDEX "COMFIT"."DELI_HANDLE_REP_ID_PK" ON "COMFIT"."DELI_PD_REP_HANDLE" ("REP_ID") 
  PCTFREE 10 INITRANS 2 MAXTRANS 255 COMPUTE STATISTICS 
  STORAGE(INITIAL 65536 NEXT 1048576 MINEXTENTS 1 MAXEXTENTS 2147483645
  PCTINCREASE 0 FREELISTS 1 FREELIST GROUPS 1 BUFFER_POOL DEFAULT FLASH_CACHE DEFAULT CELL_FLASH_CACHE DEFAULT)
  TABLESPACE "SYSTEM" ;
--------------------------------------------------------
--  DDL for Index DELI_PD_BAN_ID_PK
--------------------------------------------------------

  CREATE UNIQUE INDEX "COMFIT"."DELI_PD_BAN_ID_PK" ON "COMFIT"."DELI_PD_BANNED" ("BAN_ID") 
  PCTFREE 10 INITRANS 2 MAXTRANS 255 COMPUTE STATISTICS 
  STORAGE(INITIAL 65536 NEXT 1048576 MINEXTENTS 1 MAXEXTENTS 2147483645
  PCTINCREASE 0 FREELISTS 1 FREELIST GROUPS 1 BUFFER_POOL DEFAULT FLASH_CACHE DEFAULT CELL_FLASH_CACHE DEFAULT)
  TABLESPACE "SYSTEM" ;
--------------------------------------------------------
--  DDL for Index DELI_PD_ID_PK
--------------------------------------------------------

  CREATE UNIQUE INDEX "COMFIT"."DELI_PD_ID_PK" ON "COMFIT"."DELIVERY_PRODUCT" ("DELI_PD_ID") 
  PCTFREE 10 INITRANS 2 MAXTRANS 255 COMPUTE STATISTICS 
  STORAGE(INITIAL 65536 NEXT 1048576 MINEXTENTS 1 MAXEXTENTS 2147483645
  PCTINCREASE 0 FREELISTS 1 FREELIST GROUPS 1 BUFFER_POOL DEFAULT FLASH_CACHE DEFAULT CELL_FLASH_CACHE DEFAULT)
  TABLESPACE "SYSTEM" ;
--------------------------------------------------------
--  DDL for Index DELI_PICK_ID_PK
--------------------------------------------------------

  CREATE UNIQUE INDEX "COMFIT"."DELI_PICK_ID_PK" ON "COMFIT"."USER_PICK_DELIVERY" ("DELI_PICK_ID") 
  PCTFREE 10 INITRANS 2 MAXTRANS 255 COMPUTE STATISTICS 
  STORAGE(INITIAL 65536 NEXT 1048576 MINEXTENTS 1 MAXEXTENTS 2147483645
  PCTINCREASE 0 FREELISTS 1 FREELIST GROUPS 1 BUFFER_POOL DEFAULT FLASH_CACHE DEFAULT CELL_FLASH_CACHE DEFAULT)
  TABLESPACE "SYSTEM" ;
--------------------------------------------------------
--  DDL for Index DELI_REP_ID_PK
--------------------------------------------------------

  CREATE UNIQUE INDEX "COMFIT"."DELI_REP_ID_PK" ON "COMFIT"."DELIVERY_PD_REPORT" ("REP_ID") 
  PCTFREE 10 INITRANS 2 MAXTRANS 255 COMPUTE STATISTICS 
  STORAGE(INITIAL 65536 NEXT 1048576 MINEXTENTS 1 MAXEXTENTS 2147483645
  PCTINCREASE 0 FREELISTS 1 FREELIST GROUPS 1 BUFFER_POOL DEFAULT FLASH_CACHE DEFAULT CELL_FLASH_CACHE DEFAULT)
  TABLESPACE "SYSTEM" ;
--------------------------------------------------------
--  DDL for Index DELI_TA_BAN_ID_PK
--------------------------------------------------------

  CREATE UNIQUE INDEX "COMFIT"."DELI_TA_BAN_ID_PK" ON "COMFIT"."DELI_TA_BANNED" ("BAN_ID") 
  PCTFREE 10 INITRANS 2 MAXTRANS 255 COMPUTE STATISTICS 
  STORAGE(INITIAL 65536 NEXT 1048576 MINEXTENTS 1 MAXEXTENTS 2147483645
  PCTINCREASE 0 FREELISTS 1 FREELIST GROUPS 1 BUFFER_POOL DEFAULT FLASH_CACHE DEFAULT CELL_FLASH_CACHE DEFAULT)
  TABLESPACE "SYSTEM" ;
--------------------------------------------------------
--  DDL for Index DELI_TA_REP_ID_PK
--------------------------------------------------------

  CREATE UNIQUE INDEX "COMFIT"."DELI_TA_REP_ID_PK" ON "COMFIT"."DELI_TA_REP_HANDLE" ("REP_ID") 
  PCTFREE 10 INITRANS 2 MAXTRANS 255 COMPUTE STATISTICS 
  STORAGE(INITIAL 65536 NEXT 1048576 MINEXTENTS 1 MAXEXTENTS 2147483645
  PCTINCREASE 0 FREELISTS 1 FREELIST GROUPS 1 BUFFER_POOL DEFAULT FLASH_CACHE DEFAULT CELL_FLASH_CACHE DEFAULT)
  TABLESPACE "SYSTEM" ;
--------------------------------------------------------
--  DDL for Index DIRETA_REP_ID_PK
--------------------------------------------------------

  CREATE UNIQUE INDEX "COMFIT"."DIRETA_REP_ID_PK" ON "COMFIT"."DIRE_TA_REP_HANDLE" ("REP_ID") 
  PCTFREE 10 INITRANS 2 MAXTRANS 255 COMPUTE STATISTICS 
  STORAGE(INITIAL 65536 NEXT 1048576 MINEXTENTS 1 MAXEXTENTS 2147483645
  PCTINCREASE 0 FREELISTS 1 FREELIST GROUPS 1 BUFFER_POOL DEFAULT FLASH_CACHE DEFAULT CELL_FLASH_CACHE DEFAULT)
  TABLESPACE "SYSTEM" ;
--------------------------------------------------------
--  DDL for Index DIRE_COMP_BUY_ID_PK
--------------------------------------------------------

  CREATE UNIQUE INDEX "COMFIT"."DIRE_COMP_BUY_ID_PK" ON "COMFIT"."DIRE_COMPLETE_BUY" ("DIRE_COMP_BUY_ID") 
  PCTFREE 10 INITRANS 2 MAXTRANS 255 COMPUTE STATISTICS 
  STORAGE(INITIAL 65536 NEXT 1048576 MINEXTENTS 1 MAXEXTENTS 2147483645
  PCTINCREASE 0 FREELISTS 1 FREELIST GROUPS 1 BUFFER_POOL DEFAULT FLASH_CACHE DEFAULT CELL_FLASH_CACHE DEFAULT)
  TABLESPACE "SYSTEM" ;
--------------------------------------------------------
--  DDL for Index DIRE_COMP_SELL_ID_PK
--------------------------------------------------------

  CREATE UNIQUE INDEX "COMFIT"."DIRE_COMP_SELL_ID_PK" ON "COMFIT"."DIRE_COMPLETE_SELL" ("DIRE_COMP_SELL_ID") 
  PCTFREE 10 INITRANS 2 MAXTRANS 255 COMPUTE STATISTICS 
  STORAGE(INITIAL 65536 NEXT 1048576 MINEXTENTS 1 MAXEXTENTS 2147483645
  PCTINCREASE 0 FREELISTS 1 FREELIST GROUPS 1 BUFFER_POOL DEFAULT FLASH_CACHE DEFAULT CELL_FLASH_CACHE DEFAULT)
  TABLESPACE "SYSTEM" ;
--------------------------------------------------------
--  DDL for Index DIRE_HANDLE_REP_ID_PK
--------------------------------------------------------

  CREATE UNIQUE INDEX "COMFIT"."DIRE_HANDLE_REP_ID_PK" ON "COMFIT"."DIRE_PD_REP_HANDLE" ("REP_ID") 
  PCTFREE 10 INITRANS 2 MAXTRANS 255 COMPUTE STATISTICS 
  STORAGE(INITIAL 65536 NEXT 1048576 MINEXTENTS 1 MAXEXTENTS 2147483645
  PCTINCREASE 0 FREELISTS 1 FREELIST GROUPS 1 BUFFER_POOL DEFAULT FLASH_CACHE DEFAULT CELL_FLASH_CACHE DEFAULT)
  TABLESPACE "SYSTEM" ;
--------------------------------------------------------
--  DDL for Index DIRE_PD_BAN_ID_PK
--------------------------------------------------------

  CREATE UNIQUE INDEX "COMFIT"."DIRE_PD_BAN_ID_PK" ON "COMFIT"."DIRE_PD_BANNED" ("BAN_ID") 
  PCTFREE 10 INITRANS 2 MAXTRANS 255 COMPUTE STATISTICS 
  STORAGE(INITIAL 65536 NEXT 1048576 MINEXTENTS 1 MAXEXTENTS 2147483645
  PCTINCREASE 0 FREELISTS 1 FREELIST GROUPS 1 BUFFER_POOL DEFAULT FLASH_CACHE DEFAULT CELL_FLASH_CACHE DEFAULT)
  TABLESPACE "SYSTEM" ;
--------------------------------------------------------
--  DDL for Index DIRE_PD_ID_PK
--------------------------------------------------------

  CREATE UNIQUE INDEX "COMFIT"."DIRE_PD_ID_PK" ON "COMFIT"."DIRECT_PRODUCT" ("DIRE_PD_ID") 
  PCTFREE 10 INITRANS 2 MAXTRANS 255 COMPUTE STATISTICS 
  STORAGE(INITIAL 65536 NEXT 1048576 MINEXTENTS 1 MAXEXTENTS 2147483645
  PCTINCREASE 0 FREELISTS 1 FREELIST GROUPS 1 BUFFER_POOL DEFAULT FLASH_CACHE DEFAULT CELL_FLASH_CACHE DEFAULT)
  TABLESPACE "SYSTEM" ;
--------------------------------------------------------
--  DDL for Index DIRE_PICK_ID_PK
--------------------------------------------------------

  CREATE UNIQUE INDEX "COMFIT"."DIRE_PICK_ID_PK" ON "COMFIT"."USER_PICK_DIRECT" ("DIRE_PICK_ID") 
  PCTFREE 10 INITRANS 2 MAXTRANS 255 COMPUTE STATISTICS 
  STORAGE(INITIAL 65536 NEXT 1048576 MINEXTENTS 1 MAXEXTENTS 2147483645
  PCTINCREASE 0 FREELISTS 1 FREELIST GROUPS 1 BUFFER_POOL DEFAULT FLASH_CACHE DEFAULT CELL_FLASH_CACHE DEFAULT)
  TABLESPACE "SYSTEM" ;
--------------------------------------------------------
--  DDL for Index DIRE_REP_ID_PK
--------------------------------------------------------

  CREATE UNIQUE INDEX "COMFIT"."DIRE_REP_ID_PK" ON "COMFIT"."DIRECT_PD_REPORT" ("REP_ID") 
  PCTFREE 10 INITRANS 2 MAXTRANS 255 COMPUTE STATISTICS 
  STORAGE(INITIAL 65536 NEXT 1048576 MINEXTENTS 1 MAXEXTENTS 2147483645
  PCTINCREASE 0 FREELISTS 1 FREELIST GROUPS 1 BUFFER_POOL DEFAULT FLASH_CACHE DEFAULT CELL_FLASH_CACHE DEFAULT)
  TABLESPACE "SYSTEM" ;
--------------------------------------------------------
--  DDL for Index DIRE_TA_BAN_ID_PK
--------------------------------------------------------

  CREATE UNIQUE INDEX "COMFIT"."DIRE_TA_BAN_ID_PK" ON "COMFIT"."DIRE_TA_BANNED" ("BAN_ID") 
  PCTFREE 10 INITRANS 2 MAXTRANS 255 COMPUTE STATISTICS 
  STORAGE(INITIAL 65536 NEXT 1048576 MINEXTENTS 1 MAXEXTENTS 2147483645
  PCTINCREASE 0 FREELISTS 1 FREELIST GROUPS 1 BUFFER_POOL DEFAULT FLASH_CACHE DEFAULT CELL_FLASH_CACHE DEFAULT)
  TABLESPACE "SYSTEM" ;
--------------------------------------------------------
--  DDL for Index DIRE_TA_REP_ID_PK
--------------------------------------------------------

  CREATE UNIQUE INDEX "COMFIT"."DIRE_TA_REP_ID_PK" ON "COMFIT"."DIRECT_TA_REPORT" ("REP_ID") 
  PCTFREE 10 INITRANS 2 MAXTRANS 255 COMPUTE STATISTICS 
  STORAGE(INITIAL 65536 NEXT 1048576 MINEXTENTS 1 MAXEXTENTS 2147483645
  PCTINCREASE 0 FREELISTS 1 FREELIST GROUPS 1 BUFFER_POOL DEFAULT FLASH_CACHE DEFAULT CELL_FLASH_CACHE DEFAULT)
  TABLESPACE "SYSTEM" ;
--------------------------------------------------------
--  DDL for Index E_AUTH_ID_PK
--------------------------------------------------------

  CREATE UNIQUE INDEX "COMFIT"."E_AUTH_ID_PK" ON "COMFIT"."USER_EMAIL_AUTH" ("E_AUTH_ID") 
  PCTFREE 10 INITRANS 2 MAXTRANS 255 COMPUTE STATISTICS 
  STORAGE(INITIAL 65536 NEXT 1048576 MINEXTENTS 1 MAXEXTENTS 2147483645
  PCTINCREASE 0 FREELISTS 1 FREELIST GROUPS 1 BUFFER_POOL DEFAULT FLASH_CACHE DEFAULT CELL_FLASH_CACHE DEFAULT)
  TABLESPACE "SYSTEM" ;
--------------------------------------------------------
--  DDL for Index FAQ_ID_PK
--------------------------------------------------------

  CREATE UNIQUE INDEX "COMFIT"."FAQ_ID_PK" ON "COMFIT"."FAQ" ("FAQ_ID") 
  PCTFREE 10 INITRANS 2 MAXTRANS 255 COMPUTE STATISTICS 
  STORAGE(INITIAL 65536 NEXT 1048576 MINEXTENTS 1 MAXEXTENTS 2147483645
  PCTINCREASE 0 FREELISTS 1 FREELIST GROUPS 1 BUFFER_POOL DEFAULT FLASH_CACHE DEFAULT CELL_FLASH_CACHE DEFAULT)
  TABLESPACE "SYSTEM" ;
--------------------------------------------------------
--  DDL for Index HAN_CATE_ID
--------------------------------------------------------

  CREATE UNIQUE INDEX "COMFIT"."HAN_CATE_ID" ON "COMFIT"."REP_HANDLE_CATEGORY" ("HAN_CATE_ID") 
  PCTFREE 10 INITRANS 2 MAXTRANS 255 COMPUTE STATISTICS 
  STORAGE(INITIAL 65536 NEXT 1048576 MINEXTENTS 1 MAXEXTENTS 2147483645
  PCTINCREASE 0 FREELISTS 1 FREELIST GROUPS 1 BUFFER_POOL DEFAULT FLASH_CACHE DEFAULT CELL_FLASH_CACHE DEFAULT)
  TABLESPACE "SYSTEM" ;
--------------------------------------------------------
--  DDL for Index IN_M_ID_PK
--------------------------------------------------------

  CREATE UNIQUE INDEX "COMFIT"."IN_M_ID_PK" ON "COMFIT"."INPUT_MONEY" ("IN_M_ID") 
  PCTFREE 10 INITRANS 2 MAXTRANS 255 COMPUTE STATISTICS 
  STORAGE(INITIAL 65536 NEXT 1048576 MINEXTENTS 1 MAXEXTENTS 2147483645
  PCTINCREASE 0 FREELISTS 1 FREELIST GROUPS 1 BUFFER_POOL DEFAULT FLASH_CACHE DEFAULT CELL_FLASH_CACHE DEFAULT)
  TABLESPACE "SYSTEM" ;
--------------------------------------------------------
--  DDL for Index OUT_M_ID_PK
--------------------------------------------------------

  CREATE UNIQUE INDEX "COMFIT"."OUT_M_ID_PK" ON "COMFIT"."OUTPUT_MONEY" ("OUT_M_ID") 
  PCTFREE 10 INITRANS 2 MAXTRANS 255 COMPUTE STATISTICS 
  STORAGE(INITIAL 65536 NEXT 1048576 MINEXTENTS 1 MAXEXTENTS 2147483645
  PCTINCREASE 0 FREELISTS 1 FREELIST GROUPS 1 BUFFER_POOL DEFAULT FLASH_CACHE DEFAULT CELL_FLASH_CACHE DEFAULT)
  TABLESPACE "SYSTEM" ;
--------------------------------------------------------
--  DDL for Index PD_AS_ID_PK
--------------------------------------------------------

  CREATE UNIQUE INDEX "COMFIT"."PD_AS_ID_PK" ON "COMFIT"."PRODUCT_AS" ("PD_AS_ID") 
  PCTFREE 10 INITRANS 2 MAXTRANS 255 COMPUTE STATISTICS 
  STORAGE(INITIAL 65536 NEXT 1048576 MINEXTENTS 1 MAXEXTENTS 2147483645
  PCTINCREASE 0 FREELISTS 1 FREELIST GROUPS 1 BUFFER_POOL DEFAULT FLASH_CACHE DEFAULT CELL_FLASH_CACHE DEFAULT)
  TABLESPACE "SYSTEM" ;
--------------------------------------------------------
--  DDL for Index PD_CATEGORY_ID_PK
--------------------------------------------------------

  CREATE UNIQUE INDEX "COMFIT"."PD_CATEGORY_ID_PK" ON "COMFIT"."PRODUCT_CATEGORY" ("PD_CATEGORY_ID") 
  PCTFREE 10 INITRANS 2 MAXTRANS 255 COMPUTE STATISTICS 
  STORAGE(INITIAL 65536 NEXT 1048576 MINEXTENTS 1 MAXEXTENTS 2147483645
  PCTINCREASE 0 FREELISTS 1 FREELIST GROUPS 1 BUFFER_POOL DEFAULT FLASH_CACHE DEFAULT CELL_FLASH_CACHE DEFAULT)
  TABLESPACE "SYSTEM" ;
--------------------------------------------------------
--  DDL for Index PD_MAKER_ID_PK
--------------------------------------------------------

  CREATE UNIQUE INDEX "COMFIT"."PD_MAKER_ID_PK" ON "COMFIT"."PRODUCT_MAKER" ("PD_MAKER_ID") 
  PCTFREE 10 INITRANS 2 MAXTRANS 255 COMPUTE STATISTICS 
  STORAGE(INITIAL 65536 NEXT 1048576 MINEXTENTS 1 MAXEXTENTS 2147483645
  PCTINCREASE 0 FREELISTS 1 FREELIST GROUPS 1 BUFFER_POOL DEFAULT FLASH_CACHE DEFAULT CELL_FLASH_CACHE DEFAULT)
  TABLESPACE "SYSTEM" ;
--------------------------------------------------------
--  DDL for Index PD_REP_CID_PK
--------------------------------------------------------

  CREATE UNIQUE INDEX "COMFIT"."PD_REP_CID_PK" ON "COMFIT"."PD_REP_CATEGORY" ("PD_REP_CID") 
  PCTFREE 10 INITRANS 2 MAXTRANS 255 COMPUTE STATISTICS 
  STORAGE(INITIAL 65536 NEXT 1048576 MINEXTENTS 1 MAXEXTENTS 2147483645
  PCTINCREASE 0 FREELISTS 1 FREELIST GROUPS 1 BUFFER_POOL DEFAULT FLASH_CACHE DEFAULT CELL_FLASH_CACHE DEFAULT)
  TABLESPACE "SYSTEM" ;
--------------------------------------------------------
--  DDL for Index REPORTER_ID_PK
--------------------------------------------------------

  CREATE UNIQUE INDEX "COMFIT"."REPORTER_ID_PK" ON "COMFIT"."REPORTER_CATEGORY" ("REPORTER_ID") 
  PCTFREE 10 INITRANS 2 MAXTRANS 255 COMPUTE STATISTICS 
  STORAGE(INITIAL 65536 NEXT 1048576 MINEXTENTS 1 MAXEXTENTS 2147483645
  PCTINCREASE 0 FREELISTS 1 FREELIST GROUPS 1 BUFFER_POOL DEFAULT FLASH_CACHE DEFAULT CELL_FLASH_CACHE DEFAULT)
  TABLESPACE "SYSTEM" ;
--------------------------------------------------------
--  DDL for Index REP_ID_PK
--------------------------------------------------------

  CREATE UNIQUE INDEX "COMFIT"."REP_ID_PK" ON "COMFIT"."DELIVERY_TA_REPORT" ("REP_ID") 
  PCTFREE 10 INITRANS 2 MAXTRANS 255 COMPUTE STATISTICS 
  STORAGE(INITIAL 65536 NEXT 1048576 MINEXTENTS 1 MAXEXTENTS 2147483645
  PCTINCREASE 0 FREELISTS 1 FREELIST GROUPS 1 BUFFER_POOL DEFAULT FLASH_CACHE DEFAULT CELL_FLASH_CACHE DEFAULT)
  TABLESPACE "SYSTEM" ;
--------------------------------------------------------
--  DDL for Index SELECTED_ID_PK
--------------------------------------------------------

  CREATE UNIQUE INDEX "COMFIT"."SELECTED_ID_PK" ON "COMFIT"."SELECTED" ("SELECTED_ID") 
  PCTFREE 10 INITRANS 2 MAXTRANS 255 COMPUTE STATISTICS 
  STORAGE(INITIAL 65536 NEXT 1048576 MINEXTENTS 1 MAXEXTENTS 2147483645
  PCTINCREASE 0 FREELISTS 1 FREELIST GROUPS 1 BUFFER_POOL DEFAULT FLASH_CACHE DEFAULT CELL_FLASH_CACHE DEFAULT)
  TABLESPACE "SYSTEM" ;
--------------------------------------------------------
--  DDL for Index SUGGEST_CODE_PK
--------------------------------------------------------

  CREATE UNIQUE INDEX "COMFIT"."SUGGEST_CODE_PK" ON "COMFIT"."SUGGEST_LIST" ("SUGGEST_CODE") 
  PCTFREE 10 INITRANS 2 MAXTRANS 255 COMPUTE STATISTICS 
  STORAGE(INITIAL 65536 NEXT 1048576 MINEXTENTS 1 MAXEXTENTS 2147483645
  PCTINCREASE 0 FREELISTS 1 FREELIST GROUPS 1 BUFFER_POOL DEFAULT FLASH_CACHE DEFAULT CELL_FLASH_CACHE DEFAULT)
  TABLESPACE "SYSTEM" ;
--------------------------------------------------------
--  DDL for Index TRANS_REP_CID_PK
--------------------------------------------------------

  CREATE UNIQUE INDEX "COMFIT"."TRANS_REP_CID_PK" ON "COMFIT"."TRANS_REP_CATEGORY" ("TRANS_REP_CID") 
  PCTFREE 10 INITRANS 2 MAXTRANS 255 COMPUTE STATISTICS 
  STORAGE(INITIAL 65536 NEXT 1048576 MINEXTENTS 1 MAXEXTENTS 2147483645
  PCTINCREASE 0 FREELISTS 1 FREELIST GROUPS 1 BUFFER_POOL DEFAULT FLASH_CACHE DEFAULT CELL_FLASH_CACHE DEFAULT)
  TABLESPACE "SYSTEM" ;
--------------------------------------------------------
--  DDL for Index U_ID_PK
--------------------------------------------------------

  CREATE UNIQUE INDEX "COMFIT"."U_ID_PK" ON "COMFIT"."COMFIT_USER" ("U_ID") 
  PCTFREE 10 INITRANS 2 MAXTRANS 255 COMPUTE STATISTICS 
  STORAGE(INITIAL 65536 NEXT 1048576 MINEXTENTS 1 MAXEXTENTS 2147483645
  PCTINCREASE 0 FREELISTS 1 FREELIST GROUPS 1 BUFFER_POOL DEFAULT FLASH_CACHE DEFAULT CELL_FLASH_CACHE DEFAULT)
  TABLESPACE "SYSTEM" ;
--------------------------------------------------------
--  DDL for Index U_INFO_BACKUP_EMAIL_PK
--------------------------------------------------------

  CREATE UNIQUE INDEX "COMFIT"."U_INFO_BACKUP_EMAIL_PK" ON "COMFIT"."USER_INFORMATION_BACKUP" ("U_EMAIL") 
  PCTFREE 10 INITRANS 2 MAXTRANS 255 COMPUTE STATISTICS 
  STORAGE(INITIAL 65536 NEXT 1048576 MINEXTENTS 1 MAXEXTENTS 2147483645
  PCTINCREASE 0 FREELISTS 1 FREELIST GROUPS 1 BUFFER_POOL DEFAULT FLASH_CACHE DEFAULT CELL_FLASH_CACHE DEFAULT)
  TABLESPACE "SYSTEM" ;
--------------------------------------------------------
--  DDL for Index U_INFO_BACKUP_NICKNAME_UK
--------------------------------------------------------

  CREATE UNIQUE INDEX "COMFIT"."U_INFO_BACKUP_NICKNAME_UK" ON "COMFIT"."USER_INFORMATION_BACKUP" ("U_NICKNAME") 
  PCTFREE 10 INITRANS 2 MAXTRANS 255 COMPUTE STATISTICS 
  STORAGE(INITIAL 65536 NEXT 1048576 MINEXTENTS 1 MAXEXTENTS 2147483645
  PCTINCREASE 0 FREELISTS 1 FREELIST GROUPS 1 BUFFER_POOL DEFAULT FLASH_CACHE DEFAULT CELL_FLASH_CACHE DEFAULT)
  TABLESPACE "SYSTEM" ;
--------------------------------------------------------
--  DDL for Index U_INFO_EMAIL_PK
--------------------------------------------------------

  CREATE UNIQUE INDEX "COMFIT"."U_INFO_EMAIL_PK" ON "COMFIT"."USER_INFORMATION" ("U_EMAIL") 
  PCTFREE 10 INITRANS 2 MAXTRANS 255 COMPUTE STATISTICS 
  STORAGE(INITIAL 65536 NEXT 1048576 MINEXTENTS 1 MAXEXTENTS 2147483645
  PCTINCREASE 0 FREELISTS 1 FREELIST GROUPS 1 BUFFER_POOL DEFAULT FLASH_CACHE DEFAULT CELL_FLASH_CACHE DEFAULT)
  TABLESPACE "SYSTEM" ;
--------------------------------------------------------
--  DDL for Index U_INFO_NICKNAME_UK
--------------------------------------------------------

  CREATE UNIQUE INDEX "COMFIT"."U_INFO_NICKNAME_UK" ON "COMFIT"."USER_INFORMATION" ("U_NICKNAME") 
  PCTFREE 10 INITRANS 2 MAXTRANS 255 COMPUTE STATISTICS 
  STORAGE(INITIAL 65536 NEXT 1048576 MINEXTENTS 1 MAXEXTENTS 2147483645
  PCTINCREASE 0 FREELISTS 1 FREELIST GROUPS 1 BUFFER_POOL DEFAULT FLASH_CACHE DEFAULT CELL_FLASH_CACHE DEFAULT)
  TABLESPACE "SYSTEM" ;
--------------------------------------------------------
--  DDL for Index AD_ID_PK
--------------------------------------------------------

  CREATE UNIQUE INDEX "COMFIT"."AD_ID_PK" ON "COMFIT"."ADMIN" ("AD_ID") 
  PCTFREE 10 INITRANS 2 MAXTRANS 255 COMPUTE STATISTICS 
  STORAGE(INITIAL 65536 NEXT 1048576 MINEXTENTS 1 MAXEXTENTS 2147483645
  PCTINCREASE 0 FREELISTS 1 FREELIST GROUPS 1 BUFFER_POOL DEFAULT FLASH_CACHE DEFAULT CELL_FLASH_CACHE DEFAULT)
  TABLESPACE "SYSTEM" ;
--------------------------------------------------------
--  DDL for Index ALARM_CODE_PK
--------------------------------------------------------

  CREATE UNIQUE INDEX "COMFIT"."ALARM_CODE_PK" ON "COMFIT"."ALARM_OK" ("ALARM_CODE") 
  PCTFREE 10 INITRANS 2 MAXTRANS 255 COMPUTE STATISTICS 
  STORAGE(INITIAL 65536 NEXT 1048576 MINEXTENTS 1 MAXEXTENTS 2147483645
  PCTINCREASE 0 FREELISTS 1 FREELIST GROUPS 1 BUFFER_POOL DEFAULT FLASH_CACHE DEFAULT CELL_FLASH_CACHE DEFAULT)
  TABLESPACE "SYSTEM" ;
--------------------------------------------------------
--  DDL for Index ANNOUNCE_ID_PK
--------------------------------------------------------

  CREATE UNIQUE INDEX "COMFIT"."ANNOUNCE_ID_PK" ON "COMFIT"."ANNOUNCE" ("ANNOUNCE_ID") 
  PCTFREE 10 INITRANS 2 MAXTRANS 255 COMPUTE STATISTICS 
  STORAGE(INITIAL 65536 NEXT 1048576 MINEXTENTS 1 MAXEXTENTS 2147483645
  PCTINCREASE 0 FREELISTS 1 FREELIST GROUPS 1 BUFFER_POOL DEFAULT FLASH_CACHE DEFAULT CELL_FLASH_CACHE DEFAULT)
  TABLESPACE "SYSTEM" ;
--------------------------------------------------------
--  DDL for Index ANOUN_CATE_ID_PK
--------------------------------------------------------

  CREATE UNIQUE INDEX "COMFIT"."ANOUN_CATE_ID_PK" ON "COMFIT"."ANNOUNCE_CATEGORY" ("ANOUN_CATE_ID") 
  PCTFREE 10 INITRANS 2 MAXTRANS 255 COMPUTE STATISTICS 
  STORAGE(INITIAL 65536 NEXT 1048576 MINEXTENTS 1 MAXEXTENTS 2147483645
  PCTINCREASE 0 FREELISTS 1 FREELIST GROUPS 1 BUFFER_POOL DEFAULT FLASH_CACHE DEFAULT CELL_FLASH_CACHE DEFAULT)
  TABLESPACE "SYSTEM" ;
--------------------------------------------------------
--  DDL for Index ASK_ID_PK
--------------------------------------------------------

  CREATE UNIQUE INDEX "COMFIT"."ASK_ID_PK" ON "COMFIT"."ASK" ("ASK_ID") 
  PCTFREE 10 INITRANS 2 MAXTRANS 255 COMPUTE STATISTICS 
  STORAGE(INITIAL 65536 NEXT 1048576 MINEXTENTS 1 MAXEXTENTS 2147483645
  PCTINCREASE 0 FREELISTS 1 FREELIST GROUPS 1 BUFFER_POOL DEFAULT FLASH_CACHE DEFAULT CELL_FLASH_CACHE DEFAULT)
  TABLESPACE "SYSTEM" ;
--------------------------------------------------------
--  DDL for Index ANSWER_ASK_ID_PK
--------------------------------------------------------

  CREATE UNIQUE INDEX "COMFIT"."ANSWER_ASK_ID_PK" ON "COMFIT"."ASK_ANSWER" ("ASK_ID") 
  PCTFREE 10 INITRANS 2 MAXTRANS 255 COMPUTE STATISTICS 
  STORAGE(INITIAL 65536 NEXT 1048576 MINEXTENTS 1 MAXEXTENTS 2147483645
  PCTINCREASE 0 FREELISTS 1 FREELIST GROUPS 1 BUFFER_POOL DEFAULT FLASH_CACHE DEFAULT CELL_FLASH_CACHE DEFAULT)
  TABLESPACE "SYSTEM" ;
--------------------------------------------------------
--  DDL for Index ASK_CATE_ID_PK
--------------------------------------------------------

  CREATE UNIQUE INDEX "COMFIT"."ASK_CATE_ID_PK" ON "COMFIT"."ASK_CATEGORY" ("ASK_CATE_ID") 
  PCTFREE 10 INITRANS 2 MAXTRANS 255 COMPUTE STATISTICS 
  STORAGE(INITIAL 65536 NEXT 1048576 MINEXTENTS 1 MAXEXTENTS 2147483645
  PCTINCREASE 0 FREELISTS 1 FREELIST GROUPS 1 BUFFER_POOL DEFAULT FLASH_CACHE DEFAULT CELL_FLASH_CACHE DEFAULT)
  TABLESPACE "SYSTEM" ;
--------------------------------------------------------
--  DDL for Index AU_CATE_ID_PK
--------------------------------------------------------

  CREATE UNIQUE INDEX "COMFIT"."AU_CATE_ID_PK" ON "COMFIT"."AUTH_CATEGORY" ("AU_CATE_ID") 
  PCTFREE 10 INITRANS 2 MAXTRANS 255 COMPUTE STATISTICS 
  STORAGE(INITIAL 65536 NEXT 1048576 MINEXTENTS 1 MAXEXTENTS 2147483645
  PCTINCREASE 0 FREELISTS 1 FREELIST GROUPS 1 BUFFER_POOL DEFAULT FLASH_CACHE DEFAULT CELL_FLASH_CACHE DEFAULT)
  TABLESPACE "SYSTEM" ;
--------------------------------------------------------
--  DDL for Index BANK_ID_PK
--------------------------------------------------------

  CREATE UNIQUE INDEX "COMFIT"."BANK_ID_PK" ON "COMFIT"."BANK" ("BANK_ID") 
  PCTFREE 10 INITRANS 2 MAXTRANS 255 COMPUTE STATISTICS 
  STORAGE(INITIAL 65536 NEXT 1048576 MINEXTENTS 1 MAXEXTENTS 2147483645
  PCTINCREASE 0 FREELISTS 1 FREELIST GROUPS 1 BUFFER_POOL DEFAULT FLASH_CACHE DEFAULT CELL_FLASH_CACHE DEFAULT)
  TABLESPACE "SYSTEM" ;
--------------------------------------------------------
--  DDL for Index BAN_CATE_ID_PK
--------------------------------------------------------

  CREATE UNIQUE INDEX "COMFIT"."BAN_CATE_ID_PK" ON "COMFIT"."BAN_CATEGORY" ("BAN_CATE_ID") 
  PCTFREE 10 INITRANS 2 MAXTRANS 255 COMPUTE STATISTICS 
  STORAGE(INITIAL 65536 NEXT 1048576 MINEXTENTS 1 MAXEXTENTS 2147483645
  PCTINCREASE 0 FREELISTS 1 FREELIST GROUPS 1 BUFFER_POOL DEFAULT FLASH_CACHE DEFAULT CELL_FLASH_CACHE DEFAULT)
  TABLESPACE "SYSTEM" ;
--------------------------------------------------------
--  DDL for Index BID_CODE_PK
--------------------------------------------------------

  CREATE UNIQUE INDEX "COMFIT"."BID_CODE_PK" ON "COMFIT"."BID_LIST" ("BID_CODE") 
  PCTFREE 10 INITRANS 2 MAXTRANS 255 COMPUTE STATISTICS 
  STORAGE(INITIAL 65536 NEXT 1048576 MINEXTENTS 1 MAXEXTENTS 2147483645
  PCTINCREASE 0 FREELISTS 1 FREELIST GROUPS 1 BUFFER_POOL DEFAULT FLASH_CACHE DEFAULT CELL_FLASH_CACHE DEFAULT)
  TABLESPACE "SYSTEM" ;
--------------------------------------------------------
--  DDL for Index BS_ID_PK
--------------------------------------------------------

  CREATE UNIQUE INDEX "COMFIT"."BS_ID_PK" ON "COMFIT"."BID_SUCCESS" ("BS_ID") 
  PCTFREE 10 INITRANS 2 MAXTRANS 255 COMPUTE STATISTICS 
  STORAGE(INITIAL 65536 NEXT 1048576 MINEXTENTS 1 MAXEXTENTS 2147483645
  PCTINCREASE 0 FREELISTS 1 FREELIST GROUPS 1 BUFFER_POOL DEFAULT FLASH_CACHE DEFAULT CELL_FLASH_CACHE DEFAULT)
  TABLESPACE "SYSTEM" ;
--------------------------------------------------------
--  DDL for Index U_ID_PK
--------------------------------------------------------

  CREATE UNIQUE INDEX "COMFIT"."U_ID_PK" ON "COMFIT"."COMFIT_USER" ("U_ID") 
  PCTFREE 10 INITRANS 2 MAXTRANS 255 COMPUTE STATISTICS 
  STORAGE(INITIAL 65536 NEXT 1048576 MINEXTENTS 1 MAXEXTENTS 2147483645
  PCTINCREASE 0 FREELISTS 1 FREELIST GROUPS 1 BUFFER_POOL DEFAULT FLASH_CACHE DEFAULT CELL_FLASH_CACHE DEFAULT)
  TABLESPACE "SYSTEM" ;
--------------------------------------------------------
--  DDL for Index DELI_REP_ID_PK
--------------------------------------------------------

  CREATE UNIQUE INDEX "COMFIT"."DELI_REP_ID_PK" ON "COMFIT"."DELIVERY_PD_REPORT" ("REP_ID") 
  PCTFREE 10 INITRANS 2 MAXTRANS 255 COMPUTE STATISTICS 
  STORAGE(INITIAL 65536 NEXT 1048576 MINEXTENTS 1 MAXEXTENTS 2147483645
  PCTINCREASE 0 FREELISTS 1 FREELIST GROUPS 1 BUFFER_POOL DEFAULT FLASH_CACHE DEFAULT CELL_FLASH_CACHE DEFAULT)
  TABLESPACE "SYSTEM" ;
--------------------------------------------------------
--  DDL for Index DELI_PD_ID_PK
--------------------------------------------------------

  CREATE UNIQUE INDEX "COMFIT"."DELI_PD_ID_PK" ON "COMFIT"."DELIVERY_PRODUCT" ("DELI_PD_ID") 
  PCTFREE 10 INITRANS 2 MAXTRANS 255 COMPUTE STATISTICS 
  STORAGE(INITIAL 65536 NEXT 1048576 MINEXTENTS 1 MAXEXTENTS 2147483645
  PCTINCREASE 0 FREELISTS 1 FREELIST GROUPS 1 BUFFER_POOL DEFAULT FLASH_CACHE DEFAULT CELL_FLASH_CACHE DEFAULT)
  TABLESPACE "SYSTEM" ;
--------------------------------------------------------
--  DDL for Index REP_ID_PK
--------------------------------------------------------

  CREATE UNIQUE INDEX "COMFIT"."REP_ID_PK" ON "COMFIT"."DELIVERY_TA_REPORT" ("REP_ID") 
  PCTFREE 10 INITRANS 2 MAXTRANS 255 COMPUTE STATISTICS 
  STORAGE(INITIAL 65536 NEXT 1048576 MINEXTENTS 1 MAXEXTENTS 2147483645
  PCTINCREASE 0 FREELISTS 1 FREELIST GROUPS 1 BUFFER_POOL DEFAULT FLASH_CACHE DEFAULT CELL_FLASH_CACHE DEFAULT)
  TABLESPACE "SYSTEM" ;
--------------------------------------------------------
--  DDL for Index DELI_COMP_BUY_ID_PK
--------------------------------------------------------

  CREATE UNIQUE INDEX "COMFIT"."DELI_COMP_BUY_ID_PK" ON "COMFIT"."DELI_COMPLETE_BUY" ("DELI_COMP_BUY_ID") 
  PCTFREE 10 INITRANS 2 MAXTRANS 255 COMPUTE STATISTICS 
  STORAGE(INITIAL 65536 NEXT 1048576 MINEXTENTS 1 MAXEXTENTS 2147483645
  PCTINCREASE 0 FREELISTS 1 FREELIST GROUPS 1 BUFFER_POOL DEFAULT FLASH_CACHE DEFAULT CELL_FLASH_CACHE DEFAULT)
  TABLESPACE "SYSTEM" ;
--------------------------------------------------------
--  DDL for Index DELI_COMP_SELL_ID_PK
--------------------------------------------------------

  CREATE UNIQUE INDEX "COMFIT"."DELI_COMP_SELL_ID_PK" ON "COMFIT"."DELI_COMPLETE_SELL" ("DELI_COMP_SELL_ID") 
  PCTFREE 10 INITRANS 2 MAXTRANS 255 COMPUTE STATISTICS 
  STORAGE(INITIAL 65536 NEXT 1048576 MINEXTENTS 1 MAXEXTENTS 2147483645
  PCTINCREASE 0 FREELISTS 1 FREELIST GROUPS 1 BUFFER_POOL DEFAULT FLASH_CACHE DEFAULT CELL_FLASH_CACHE DEFAULT)
  TABLESPACE "SYSTEM" ;
--------------------------------------------------------
--  DDL for Index DELI_PD_BAN_ID_PK
--------------------------------------------------------

  CREATE UNIQUE INDEX "COMFIT"."DELI_PD_BAN_ID_PK" ON "COMFIT"."DELI_PD_BANNED" ("BAN_ID") 
  PCTFREE 10 INITRANS 2 MAXTRANS 255 COMPUTE STATISTICS 
  STORAGE(INITIAL 65536 NEXT 1048576 MINEXTENTS 1 MAXEXTENTS 2147483645
  PCTINCREASE 0 FREELISTS 1 FREELIST GROUPS 1 BUFFER_POOL DEFAULT FLASH_CACHE DEFAULT CELL_FLASH_CACHE DEFAULT)
  TABLESPACE "SYSTEM" ;
--------------------------------------------------------
--  DDL for Index DELI_HANDLE_REP_ID_PK
--------------------------------------------------------

  CREATE UNIQUE INDEX "COMFIT"."DELI_HANDLE_REP_ID_PK" ON "COMFIT"."DELI_PD_REP_HANDLE" ("REP_ID") 
  PCTFREE 10 INITRANS 2 MAXTRANS 255 COMPUTE STATISTICS 
  STORAGE(INITIAL 65536 NEXT 1048576 MINEXTENTS 1 MAXEXTENTS 2147483645
  PCTINCREASE 0 FREELISTS 1 FREELIST GROUPS 1 BUFFER_POOL DEFAULT FLASH_CACHE DEFAULT CELL_FLASH_CACHE DEFAULT)
  TABLESPACE "SYSTEM" ;
--------------------------------------------------------
--  DDL for Index DELI_TA_BAN_ID_PK
--------------------------------------------------------

  CREATE UNIQUE INDEX "COMFIT"."DELI_TA_BAN_ID_PK" ON "COMFIT"."DELI_TA_BANNED" ("BAN_ID") 
  PCTFREE 10 INITRANS 2 MAXTRANS 255 COMPUTE STATISTICS 
  STORAGE(INITIAL 65536 NEXT 1048576 MINEXTENTS 1 MAXEXTENTS 2147483645
  PCTINCREASE 0 FREELISTS 1 FREELIST GROUPS 1 BUFFER_POOL DEFAULT FLASH_CACHE DEFAULT CELL_FLASH_CACHE DEFAULT)
  TABLESPACE "SYSTEM" ;
--------------------------------------------------------
--  DDL for Index DELI_TA_REP_ID_PK
--------------------------------------------------------

  CREATE UNIQUE INDEX "COMFIT"."DELI_TA_REP_ID_PK" ON "COMFIT"."DELI_TA_REP_HANDLE" ("REP_ID") 
  PCTFREE 10 INITRANS 2 MAXTRANS 255 COMPUTE STATISTICS 
  STORAGE(INITIAL 65536 NEXT 1048576 MINEXTENTS 1 MAXEXTENTS 2147483645
  PCTINCREASE 0 FREELISTS 1 FREELIST GROUPS 1 BUFFER_POOL DEFAULT FLASH_CACHE DEFAULT CELL_FLASH_CACHE DEFAULT)
  TABLESPACE "SYSTEM" ;
--------------------------------------------------------
--  DDL for Index DIRE_REP_ID_PK
--------------------------------------------------------

  CREATE UNIQUE INDEX "COMFIT"."DIRE_REP_ID_PK" ON "COMFIT"."DIRECT_PD_REPORT" ("REP_ID") 
  PCTFREE 10 INITRANS 2 MAXTRANS 255 COMPUTE STATISTICS 
  STORAGE(INITIAL 65536 NEXT 1048576 MINEXTENTS 1 MAXEXTENTS 2147483645
  PCTINCREASE 0 FREELISTS 1 FREELIST GROUPS 1 BUFFER_POOL DEFAULT FLASH_CACHE DEFAULT CELL_FLASH_CACHE DEFAULT)
  TABLESPACE "SYSTEM" ;
--------------------------------------------------------
--  DDL for Index DIRE_PD_ID_PK
--------------------------------------------------------

  CREATE UNIQUE INDEX "COMFIT"."DIRE_PD_ID_PK" ON "COMFIT"."DIRECT_PRODUCT" ("DIRE_PD_ID") 
  PCTFREE 10 INITRANS 2 MAXTRANS 255 COMPUTE STATISTICS 
  STORAGE(INITIAL 65536 NEXT 1048576 MINEXTENTS 1 MAXEXTENTS 2147483645
  PCTINCREASE 0 FREELISTS 1 FREELIST GROUPS 1 BUFFER_POOL DEFAULT FLASH_CACHE DEFAULT CELL_FLASH_CACHE DEFAULT)
  TABLESPACE "SYSTEM" ;
--------------------------------------------------------
--  DDL for Index DIRE_TA_REP_ID_PK
--------------------------------------------------------

  CREATE UNIQUE INDEX "COMFIT"."DIRE_TA_REP_ID_PK" ON "COMFIT"."DIRECT_TA_REPORT" ("REP_ID") 
  PCTFREE 10 INITRANS 2 MAXTRANS 255 COMPUTE STATISTICS 
  STORAGE(INITIAL 65536 NEXT 1048576 MINEXTENTS 1 MAXEXTENTS 2147483645
  PCTINCREASE 0 FREELISTS 1 FREELIST GROUPS 1 BUFFER_POOL DEFAULT FLASH_CACHE DEFAULT CELL_FLASH_CACHE DEFAULT)
  TABLESPACE "SYSTEM" ;
--------------------------------------------------------
--  DDL for Index DIRE_COMP_BUY_ID_PK
--------------------------------------------------------

  CREATE UNIQUE INDEX "COMFIT"."DIRE_COMP_BUY_ID_PK" ON "COMFIT"."DIRE_COMPLETE_BUY" ("DIRE_COMP_BUY_ID") 
  PCTFREE 10 INITRANS 2 MAXTRANS 255 COMPUTE STATISTICS 
  STORAGE(INITIAL 65536 NEXT 1048576 MINEXTENTS 1 MAXEXTENTS 2147483645
  PCTINCREASE 0 FREELISTS 1 FREELIST GROUPS 1 BUFFER_POOL DEFAULT FLASH_CACHE DEFAULT CELL_FLASH_CACHE DEFAULT)
  TABLESPACE "SYSTEM" ;
--------------------------------------------------------
--  DDL for Index DIRE_COMP_SELL_ID_PK
--------------------------------------------------------

  CREATE UNIQUE INDEX "COMFIT"."DIRE_COMP_SELL_ID_PK" ON "COMFIT"."DIRE_COMPLETE_SELL" ("DIRE_COMP_SELL_ID") 
  PCTFREE 10 INITRANS 2 MAXTRANS 255 COMPUTE STATISTICS 
  STORAGE(INITIAL 65536 NEXT 1048576 MINEXTENTS 1 MAXEXTENTS 2147483645
  PCTINCREASE 0 FREELISTS 1 FREELIST GROUPS 1 BUFFER_POOL DEFAULT FLASH_CACHE DEFAULT CELL_FLASH_CACHE DEFAULT)
  TABLESPACE "SYSTEM" ;
--------------------------------------------------------
--  DDL for Index DIRE_PD_BAN_ID_PK
--------------------------------------------------------

  CREATE UNIQUE INDEX "COMFIT"."DIRE_PD_BAN_ID_PK" ON "COMFIT"."DIRE_PD_BANNED" ("BAN_ID") 
  PCTFREE 10 INITRANS 2 MAXTRANS 255 COMPUTE STATISTICS 
  STORAGE(INITIAL 65536 NEXT 1048576 MINEXTENTS 1 MAXEXTENTS 2147483645
  PCTINCREASE 0 FREELISTS 1 FREELIST GROUPS 1 BUFFER_POOL DEFAULT FLASH_CACHE DEFAULT CELL_FLASH_CACHE DEFAULT)
  TABLESPACE "SYSTEM" ;
--------------------------------------------------------
--  DDL for Index DIRE_HANDLE_REP_ID_PK
--------------------------------------------------------

  CREATE UNIQUE INDEX "COMFIT"."DIRE_HANDLE_REP_ID_PK" ON "COMFIT"."DIRE_PD_REP_HANDLE" ("REP_ID") 
  PCTFREE 10 INITRANS 2 MAXTRANS 255 COMPUTE STATISTICS 
  STORAGE(INITIAL 65536 NEXT 1048576 MINEXTENTS 1 MAXEXTENTS 2147483645
  PCTINCREASE 0 FREELISTS 1 FREELIST GROUPS 1 BUFFER_POOL DEFAULT FLASH_CACHE DEFAULT CELL_FLASH_CACHE DEFAULT)
  TABLESPACE "SYSTEM" ;
--------------------------------------------------------
--  DDL for Index DIRE_TA_BAN_ID_PK
--------------------------------------------------------

  CREATE UNIQUE INDEX "COMFIT"."DIRE_TA_BAN_ID_PK" ON "COMFIT"."DIRE_TA_BANNED" ("BAN_ID") 
  PCTFREE 10 INITRANS 2 MAXTRANS 255 COMPUTE STATISTICS 
  STORAGE(INITIAL 65536 NEXT 1048576 MINEXTENTS 1 MAXEXTENTS 2147483645
  PCTINCREASE 0 FREELISTS 1 FREELIST GROUPS 1 BUFFER_POOL DEFAULT FLASH_CACHE DEFAULT CELL_FLASH_CACHE DEFAULT)
  TABLESPACE "SYSTEM" ;
--------------------------------------------------------
--  DDL for Index DIRETA_REP_ID_PK
--------------------------------------------------------

  CREATE UNIQUE INDEX "COMFIT"."DIRETA_REP_ID_PK" ON "COMFIT"."DIRE_TA_REP_HANDLE" ("REP_ID") 
  PCTFREE 10 INITRANS 2 MAXTRANS 255 COMPUTE STATISTICS 
  STORAGE(INITIAL 65536 NEXT 1048576 MINEXTENTS 1 MAXEXTENTS 2147483645
  PCTINCREASE 0 FREELISTS 1 FREELIST GROUPS 1 BUFFER_POOL DEFAULT FLASH_CACHE DEFAULT CELL_FLASH_CACHE DEFAULT)
  TABLESPACE "SYSTEM" ;
--------------------------------------------------------
--  DDL for Index FAQ_ID_PK
--------------------------------------------------------

  CREATE UNIQUE INDEX "COMFIT"."FAQ_ID_PK" ON "COMFIT"."FAQ" ("FAQ_ID") 
  PCTFREE 10 INITRANS 2 MAXTRANS 255 COMPUTE STATISTICS 
  STORAGE(INITIAL 65536 NEXT 1048576 MINEXTENTS 1 MAXEXTENTS 2147483645
  PCTINCREASE 0 FREELISTS 1 FREELIST GROUPS 1 BUFFER_POOL DEFAULT FLASH_CACHE DEFAULT CELL_FLASH_CACHE DEFAULT)
  TABLESPACE "SYSTEM" ;
--------------------------------------------------------
--  DDL for Index IN_M_ID_PK
--------------------------------------------------------

  CREATE UNIQUE INDEX "COMFIT"."IN_M_ID_PK" ON "COMFIT"."INPUT_MONEY" ("IN_M_ID") 
  PCTFREE 10 INITRANS 2 MAXTRANS 255 COMPUTE STATISTICS 
  STORAGE(INITIAL 65536 NEXT 1048576 MINEXTENTS 1 MAXEXTENTS 2147483645
  PCTINCREASE 0 FREELISTS 1 FREELIST GROUPS 1 BUFFER_POOL DEFAULT FLASH_CACHE DEFAULT CELL_FLASH_CACHE DEFAULT)
  TABLESPACE "SYSTEM" ;
--------------------------------------------------------
--  DDL for Index OUT_M_ID_PK
--------------------------------------------------------

  CREATE UNIQUE INDEX "COMFIT"."OUT_M_ID_PK" ON "COMFIT"."OUTPUT_MONEY" ("OUT_M_ID") 
  PCTFREE 10 INITRANS 2 MAXTRANS 255 COMPUTE STATISTICS 
  STORAGE(INITIAL 65536 NEXT 1048576 MINEXTENTS 1 MAXEXTENTS 2147483645
  PCTINCREASE 0 FREELISTS 1 FREELIST GROUPS 1 BUFFER_POOL DEFAULT FLASH_CACHE DEFAULT CELL_FLASH_CACHE DEFAULT)
  TABLESPACE "SYSTEM" ;
--------------------------------------------------------
--  DDL for Index PD_REP_CID_PK
--------------------------------------------------------

  CREATE UNIQUE INDEX "COMFIT"."PD_REP_CID_PK" ON "COMFIT"."PD_REP_CATEGORY" ("PD_REP_CID") 
  PCTFREE 10 INITRANS 2 MAXTRANS 255 COMPUTE STATISTICS 
  STORAGE(INITIAL 65536 NEXT 1048576 MINEXTENTS 1 MAXEXTENTS 2147483645
  PCTINCREASE 0 FREELISTS 1 FREELIST GROUPS 1 BUFFER_POOL DEFAULT FLASH_CACHE DEFAULT CELL_FLASH_CACHE DEFAULT)
  TABLESPACE "SYSTEM" ;
--------------------------------------------------------
--  DDL for Index PD_AS_ID_PK
--------------------------------------------------------

  CREATE UNIQUE INDEX "COMFIT"."PD_AS_ID_PK" ON "COMFIT"."PRODUCT_AS" ("PD_AS_ID") 
  PCTFREE 10 INITRANS 2 MAXTRANS 255 COMPUTE STATISTICS 
  STORAGE(INITIAL 65536 NEXT 1048576 MINEXTENTS 1 MAXEXTENTS 2147483645
  PCTINCREASE 0 FREELISTS 1 FREELIST GROUPS 1 BUFFER_POOL DEFAULT FLASH_CACHE DEFAULT CELL_FLASH_CACHE DEFAULT)
  TABLESPACE "SYSTEM" ;
--------------------------------------------------------
--  DDL for Index PD_CATEGORY_ID_PK
--------------------------------------------------------

  CREATE UNIQUE INDEX "COMFIT"."PD_CATEGORY_ID_PK" ON "COMFIT"."PRODUCT_CATEGORY" ("PD_CATEGORY_ID") 
  PCTFREE 10 INITRANS 2 MAXTRANS 255 COMPUTE STATISTICS 
  STORAGE(INITIAL 65536 NEXT 1048576 MINEXTENTS 1 MAXEXTENTS 2147483645
  PCTINCREASE 0 FREELISTS 1 FREELIST GROUPS 1 BUFFER_POOL DEFAULT FLASH_CACHE DEFAULT CELL_FLASH_CACHE DEFAULT)
  TABLESPACE "SYSTEM" ;
--------------------------------------------------------
--  DDL for Index PD_MAKER_ID_PK
--------------------------------------------------------

  CREATE UNIQUE INDEX "COMFIT"."PD_MAKER_ID_PK" ON "COMFIT"."PRODUCT_MAKER" ("PD_MAKER_ID") 
  PCTFREE 10 INITRANS 2 MAXTRANS 255 COMPUTE STATISTICS 
  STORAGE(INITIAL 65536 NEXT 1048576 MINEXTENTS 1 MAXEXTENTS 2147483645
  PCTINCREASE 0 FREELISTS 1 FREELIST GROUPS 1 BUFFER_POOL DEFAULT FLASH_CACHE DEFAULT CELL_FLASH_CACHE DEFAULT)
  TABLESPACE "SYSTEM" ;
--------------------------------------------------------
--  DDL for Index REPORTER_ID_PK
--------------------------------------------------------

  CREATE UNIQUE INDEX "COMFIT"."REPORTER_ID_PK" ON "COMFIT"."REPORTER_CATEGORY" ("REPORTER_ID") 
  PCTFREE 10 INITRANS 2 MAXTRANS 255 COMPUTE STATISTICS 
  STORAGE(INITIAL 65536 NEXT 1048576 MINEXTENTS 1 MAXEXTENTS 2147483645
  PCTINCREASE 0 FREELISTS 1 FREELIST GROUPS 1 BUFFER_POOL DEFAULT FLASH_CACHE DEFAULT CELL_FLASH_CACHE DEFAULT)
  TABLESPACE "SYSTEM" ;
--------------------------------------------------------
--  DDL for Index HAN_CATE_ID
--------------------------------------------------------

  CREATE UNIQUE INDEX "COMFIT"."HAN_CATE_ID" ON "COMFIT"."REP_HANDLE_CATEGORY" ("HAN_CATE_ID") 
  PCTFREE 10 INITRANS 2 MAXTRANS 255 COMPUTE STATISTICS 
  STORAGE(INITIAL 65536 NEXT 1048576 MINEXTENTS 1 MAXEXTENTS 2147483645
  PCTINCREASE 0 FREELISTS 1 FREELIST GROUPS 1 BUFFER_POOL DEFAULT FLASH_CACHE DEFAULT CELL_FLASH_CACHE DEFAULT)
  TABLESPACE "SYSTEM" ;
--------------------------------------------------------
--  DDL for Index SELECTED_ID_PK
--------------------------------------------------------

  CREATE UNIQUE INDEX "COMFIT"."SELECTED_ID_PK" ON "COMFIT"."SELECTED" ("SELECTED_ID") 
  PCTFREE 10 INITRANS 2 MAXTRANS 255 COMPUTE STATISTICS 
  STORAGE(INITIAL 65536 NEXT 1048576 MINEXTENTS 1 MAXEXTENTS 2147483645
  PCTINCREASE 0 FREELISTS 1 FREELIST GROUPS 1 BUFFER_POOL DEFAULT FLASH_CACHE DEFAULT CELL_FLASH_CACHE DEFAULT)
  TABLESPACE "SYSTEM" ;
--------------------------------------------------------
--  DDL for Index SUGGEST_CODE_PK
--------------------------------------------------------

  CREATE UNIQUE INDEX "COMFIT"."SUGGEST_CODE_PK" ON "COMFIT"."SUGGEST_LIST" ("SUGGEST_CODE") 
  PCTFREE 10 INITRANS 2 MAXTRANS 255 COMPUTE STATISTICS 
  STORAGE(INITIAL 65536 NEXT 1048576 MINEXTENTS 1 MAXEXTENTS 2147483645
  PCTINCREASE 0 FREELISTS 1 FREELIST GROUPS 1 BUFFER_POOL DEFAULT FLASH_CACHE DEFAULT CELL_FLASH_CACHE DEFAULT)
  TABLESPACE "SYSTEM" ;
--------------------------------------------------------
--  DDL for Index TRANS_REP_CID_PK
--------------------------------------------------------

  CREATE UNIQUE INDEX "COMFIT"."TRANS_REP_CID_PK" ON "COMFIT"."TRANS_REP_CATEGORY" ("TRANS_REP_CID") 
  PCTFREE 10 INITRANS 2 MAXTRANS 255 COMPUTE STATISTICS 
  STORAGE(INITIAL 65536 NEXT 1048576 MINEXTENTS 1 MAXEXTENTS 2147483645
  PCTINCREASE 0 FREELISTS 1 FREELIST GROUPS 1 BUFFER_POOL DEFAULT FLASH_CACHE DEFAULT CELL_FLASH_CACHE DEFAULT)
  TABLESPACE "SYSTEM" ;
--------------------------------------------------------
--  DDL for Index E_AUTH_ID_PK
--------------------------------------------------------

  CREATE UNIQUE INDEX "COMFIT"."E_AUTH_ID_PK" ON "COMFIT"."USER_EMAIL_AUTH" ("E_AUTH_ID") 
  PCTFREE 10 INITRANS 2 MAXTRANS 255 COMPUTE STATISTICS 
  STORAGE(INITIAL 65536 NEXT 1048576 MINEXTENTS 1 MAXEXTENTS 2147483645
  PCTINCREASE 0 FREELISTS 1 FREELIST GROUPS 1 BUFFER_POOL DEFAULT FLASH_CACHE DEFAULT CELL_FLASH_CACHE DEFAULT)
  TABLESPACE "SYSTEM" ;
--------------------------------------------------------
--  DDL for Index U_INFO_EMAIL_PK
--------------------------------------------------------

  CREATE UNIQUE INDEX "COMFIT"."U_INFO_EMAIL_PK" ON "COMFIT"."USER_INFORMATION" ("U_EMAIL") 
  PCTFREE 10 INITRANS 2 MAXTRANS 255 COMPUTE STATISTICS 
  STORAGE(INITIAL 65536 NEXT 1048576 MINEXTENTS 1 MAXEXTENTS 2147483645
  PCTINCREASE 0 FREELISTS 1 FREELIST GROUPS 1 BUFFER_POOL DEFAULT FLASH_CACHE DEFAULT CELL_FLASH_CACHE DEFAULT)
  TABLESPACE "SYSTEM" ;
--------------------------------------------------------
--  DDL for Index U_INFO_NICKNAME_UK
--------------------------------------------------------

  CREATE UNIQUE INDEX "COMFIT"."U_INFO_NICKNAME_UK" ON "COMFIT"."USER_INFORMATION" ("U_NICKNAME") 
  PCTFREE 10 INITRANS 2 MAXTRANS 255 COMPUTE STATISTICS 
  STORAGE(INITIAL 65536 NEXT 1048576 MINEXTENTS 1 MAXEXTENTS 2147483645
  PCTINCREASE 0 FREELISTS 1 FREELIST GROUPS 1 BUFFER_POOL DEFAULT FLASH_CACHE DEFAULT CELL_FLASH_CACHE DEFAULT)
  TABLESPACE "SYSTEM" ;
--------------------------------------------------------
--  DDL for Index U_INFO_BACKUP_EMAIL_PK
--------------------------------------------------------

  CREATE UNIQUE INDEX "COMFIT"."U_INFO_BACKUP_EMAIL_PK" ON "COMFIT"."USER_INFORMATION_BACKUP" ("U_EMAIL") 
  PCTFREE 10 INITRANS 2 MAXTRANS 255 COMPUTE STATISTICS 
  STORAGE(INITIAL 65536 NEXT 1048576 MINEXTENTS 1 MAXEXTENTS 2147483645
  PCTINCREASE 0 FREELISTS 1 FREELIST GROUPS 1 BUFFER_POOL DEFAULT FLASH_CACHE DEFAULT CELL_FLASH_CACHE DEFAULT)
  TABLESPACE "SYSTEM" ;
--------------------------------------------------------
--  DDL for Index U_INFO_BACKUP_NICKNAME_UK
--------------------------------------------------------

  CREATE UNIQUE INDEX "COMFIT"."U_INFO_BACKUP_NICKNAME_UK" ON "COMFIT"."USER_INFORMATION_BACKUP" ("U_NICKNAME") 
  PCTFREE 10 INITRANS 2 MAXTRANS 255 COMPUTE STATISTICS 
  STORAGE(INITIAL 65536 NEXT 1048576 MINEXTENTS 1 MAXEXTENTS 2147483645
  PCTINCREASE 0 FREELISTS 1 FREELIST GROUPS 1 BUFFER_POOL DEFAULT FLASH_CACHE DEFAULT CELL_FLASH_CACHE DEFAULT)
  TABLESPACE "SYSTEM" ;
--------------------------------------------------------
--  DDL for Index DELI_PICK_ID_PK
--------------------------------------------------------

  CREATE UNIQUE INDEX "COMFIT"."DELI_PICK_ID_PK" ON "COMFIT"."USER_PICK_DELIVERY" ("DELI_PICK_ID") 
  PCTFREE 10 INITRANS 2 MAXTRANS 255 COMPUTE STATISTICS 
  STORAGE(INITIAL 65536 NEXT 1048576 MINEXTENTS 1 MAXEXTENTS 2147483645
  PCTINCREASE 0 FREELISTS 1 FREELIST GROUPS 1 BUFFER_POOL DEFAULT FLASH_CACHE DEFAULT CELL_FLASH_CACHE DEFAULT)
  TABLESPACE "SYSTEM" ;
--------------------------------------------------------
--  DDL for Index DIRE_PICK_ID_PK
--------------------------------------------------------

  CREATE UNIQUE INDEX "COMFIT"."DIRE_PICK_ID_PK" ON "COMFIT"."USER_PICK_DIRECT" ("DIRE_PICK_ID") 
  PCTFREE 10 INITRANS 2 MAXTRANS 255 COMPUTE STATISTICS 
  STORAGE(INITIAL 65536 NEXT 1048576 MINEXTENTS 1 MAXEXTENTS 2147483645
  PCTINCREASE 0 FREELISTS 1 FREELIST GROUPS 1 BUFFER_POOL DEFAULT FLASH_CACHE DEFAULT CELL_FLASH_CACHE DEFAULT)
  TABLESPACE "SYSTEM" ;
--------------------------------------------------------
--  DDL for Procedure ADD_BID
--------------------------------------------------------
set define off;

  CREATE OR REPLACE PROCEDURE "COMFIT"."ADD_BID" 
(
    V_PRICE IN BID_LIST.BID_PRICE%TYPE  -- 가격
  , V_ADDRESS IN BID_LIST.ADDRESS%TYPE  -- 주소
  , V_ADDR_DETAIL IN BID_LIST.ADDR_DETAIL%TYPE  -- 주소상세
  , V_U_ID  IN BID_LIST.U_ID%TYPE -- 사람코드
  , V_DELI_PD_ID IN BID_LIST.DELI_PD_ID%TYPE --  상품코드  

)
IS
    V_POINT             NUMBER := 0;
    V_HIGHPRICE         NUMBER := 0;
    V_BID_CHECK         NUMBER := 0; 
    V_ST_PRICE          NUMBER := 0;
    V_IMD_PRICE         NUMBER := 0;
    USER_DEFINE_ERROR   EXCEPTION;
BEGIN

    -- 포인트 확인
    SELECT U_POINT INTO V_POINT
    FROM ALL_USER_POINT_VIEW2
    WHERE U_ID = V_U_ID;

    -- 포인트가 입력한 가격보다 적다면 미입력
    IF V_POINT < V_PRICE
        THEN RAISE USER_DEFINE_ERROR;
    END IF;


    -- 해당 상품이 입찰목록에 있는지 확인 없으면 0 반환
    SELECT COUNT(*) INTO V_BID_CHECK
     FROM BID_LIST
    WHERE DELI_PD_ID = V_DELI_PD_ID;

    -- 시작가격확인
    SELECT PD_START_PRICE INTO V_ST_PRICE
     FROM DELIVERY_PRODUCT
    WHERE DELI_PD_ID = V_DELI_PD_ID;

    -- 즉시구매가 확인
    SELECT IMD_PRICE INTO V_IMD_PRICE
     FROM DELIVERY_PRODUCT
    WHERE DELI_PD_ID = V_DELI_PD_ID;

    IF V_IMD_PRICE < V_PRICE
        THEN RAISE USER_DEFINE_ERROR;
    END IF;

     -- 있다면 가격확인 V_HIGHPRICE
    IF V_BID_CHECK != 0
        THEN
         SELECT B.BID_PRICE INTO V_HIGHPRICE
          FROM
            (
             SELECT BID_PRICE, RANK() OVER(ORDER BY BID_PRICE DESC) AS RANK
             FROM BID_LIST
             WHERE DELI_PD_ID = V_DELI_PD_ID
            )B
          WHERE B.RANK = 1;
    END IF;


    -- 입찰리스트 존재하면서, 제안한 가격이 기존에 입찰한 최고가보다 높다면 바로 인서트
    IF V_BID_CHECK != 0 AND V_PRICE > V_HIGHPRICE AND V_PRICE > V_ST_PRICE        
        THEN    -- 입력
            INSERT INTO BID_LIST(BID_CODE, BID_PRICE, ADDRESS, ADDR_DETAIL, U_ID, DELI_PD_ID)
            VALUES (CONCAT('bid_', TO_CHAR(BID_SEQ.NEXTVAL) ), V_PRICE, V_ADDRESS, V_ADDR_DETAIL, V_U_ID, V_DELI_PD_ID);
    -- 입찰리스트에 존재하지 않으면서(첫번째입찰이면서) 제안한 가격이 시작가보다 높다면 바로 인서트            
    ELSIF V_BID_CHECK = 0 AND V_PRICE > V_ST_PRICE        
        THEN
            INSERT INTO BID_LIST(BID_CODE, BID_PRICE, ADDRESS, ADDR_DETAIL, U_ID, DELI_PD_ID)
            VALUES (CONCAT('bid_', TO_CHAR(BID_SEQ.NEXTVAL) ), V_PRICE, V_ADDRESS, V_ADDR_DETAIL, V_U_ID, V_DELI_PD_ID);
    ELSE   
        RAISE USER_DEFINE_ERROR;
    END IF;


    COMMIT;    

    EXCEPTION
        WHEN USER_DEFINE_ERROR
            THEN RAISE_APPLICATION_ERROR(-20003, '인서트오류 발생');
            ROLLBACK;
        WHEN OTHERS
            THEN ROLLBACK;     
END ADD_BID;

/
--------------------------------------------------------
--  DDL for Procedure ADD_BUY
--------------------------------------------------------
set define off;

  CREATE OR REPLACE PROCEDURE "COMFIT"."ADD_BUY" 
(
    V_PRICE IN BID_LIST.BID_PRICE%TYPE  -- 가격
  , V_ADDRESS IN BID_LIST.ADDRESS%TYPE  -- 주소
  , V_ADDR_DETAIL IN BID_LIST.ADDR_DETAIL%TYPE  -- 주소상세
  , V_U_ID  IN BID_LIST.U_ID%TYPE -- 사람코드
  , V_DELI_PD_ID IN BID_LIST.DELI_PD_ID%TYPE --  상품코드  

)
IS
    V_POINT             NUMBER := 0;
    V_HIGHPRICE         NUMBER := 0;
    V_BID_CHECK         NUMBER := 0; 
    V_ST_PRICE          NUMBER := 0;
    V_IMD_PRICE         NUMBER := 0;
    USER_DEFINE_ERROR   EXCEPTION;
BEGIN

    -- 포인트 확인
    SELECT U_POINT INTO V_POINT
    FROM ALL_USER_POINT_VIEW2
    WHERE U_ID = V_U_ID;

    -- 포인트가 입력한 가격보다 적다면 미입력
    IF V_POINT < V_PRICE
        THEN RAISE USER_DEFINE_ERROR;
    END IF;


    -- 해당 상품이 입찰목록에 있는지 확인 없으면 0 반환
    SELECT COUNT(*) INTO V_BID_CHECK
     FROM BID_LIST
    WHERE DELI_PD_ID = V_DELI_PD_ID;

    -- 시작가격확인
    SELECT PD_START_PRICE INTO V_ST_PRICE
     FROM DELIVERY_PRODUCT
    WHERE DELI_PD_ID = V_DELI_PD_ID;

    -- 즉시구매가 확인
    SELECT IMD_PRICE INTO V_IMD_PRICE
     FROM DELIVERY_PRODUCT
    WHERE DELI_PD_ID = V_DELI_PD_ID;

    IF V_IMD_PRICE < V_PRICE
        THEN RAISE USER_DEFINE_ERROR;
    END IF;

     -- 있다면 가격확인 V_HIGHPRICE
    IF V_BID_CHECK != 0
        THEN
         SELECT B.BID_PRICE INTO V_HIGHPRICE
          FROM
            (
             SELECT BID_PRICE, RANK() OVER(ORDER BY BID_PRICE DESC) AS RANK
             FROM BID_LIST
             WHERE DELI_PD_ID = V_DELI_PD_ID
            )B
          WHERE B.RANK = 1;
    END IF;


    -- 입찰리스트 존재하면서, 제안한 가격이 기존에 입찰한 최고가보다 높다면 바로 인서트
    IF V_BID_CHECK != 0 AND V_PRICE > V_HIGHPRICE AND V_PRICE > V_ST_PRICE        
        THEN    -- 입력
            INSERT INTO BID_LIST(BID_CODE, BID_PRICE, ADDRESS, ADDR_DETAIL, U_ID, DELI_PD_ID)
            VALUES (CONCAT('deli_', TO_CHAR(BID_SEQ.NEXTVAL) ), V_PRICE, V_ADDRESS, V_ADDR_DETAIL, V_U_ID, V_DELI_PD_ID);
    -- 입찰리스트에 존재하지 않으면서(첫번째입찰이면서) 제안한 가격이 시작가보다 높다면 바로 인서트            
    ELSIF V_BID_CHECK = 0 AND V_PRICE > V_ST_PRICE        
        THEN
            INSERT INTO BID_LIST(BID_CODE, BID_PRICE, ADDRESS, ADDR_DETAIL, U_ID, DELI_PD_ID)
            VALUES (CONCAT('deli_', TO_CHAR(BID_SEQ.NEXTVAL) ), V_PRICE, V_ADDRESS, V_ADDR_DETAIL, V_U_ID, V_DELI_PD_ID);
    ELSE   
        RAISE USER_DEFINE_ERROR;
    END IF;


    COMMIT;    

    -- 입찰 테이블에 인서트, 커밋 완료하면 입찰테이블에 입력 

    EXCEPTION
        WHEN USER_DEFINE_ERROR
            THEN RAISE_APPLICATION_ERROR(-20003, '인서트오류 발생');
            ROLLBACK;
        WHEN OTHERS
            THEN ROLLBACK;     
END ADD_BUY;

/
--------------------------------------------------------
--  DDL for Procedure ADD_SUGGEST
--------------------------------------------------------
set define off;

  CREATE OR REPLACE PROCEDURE "COMFIT"."ADD_SUGGEST" 
(
    V_PRICE IN SUGGEST_LIST.SUGGEST_PRICE%TYPE  -- 가격
  , V_HOPE_DATE IN VARCHAR2  -- 연월일
  , V_HOPE_TIME IN VARCHAR2  -- 시간  
  , V_HOPE_PLACE IN SUGGEST_LIST.SUGGEST_PLACE%TYPE -- 장소
  , V_PLACE_DETAIL IN SUGGEST_LIST.PLACE_DETAIL%TYPE -- 장소상세
  , V_U_ID  IN SUGGEST_LIST.U_ID%TYPE -- 사람코드
  , V_DIRE_PD_ID IN SUGGEST_LIST.DIRE_PD_ID%TYPE --  상품코드  
)
IS
    V_POINT            NUMBER := 0;
    USER_DEFINE_ERROR  EXCEPTION;
BEGIN

    SELECT U_POINT INTO V_POINT
    FROM ALL_USER_POINT_VIEW2
    WHERE U_ID = V_U_ID;

    IF V_POINT < V_PRICE
        THEN RAISE USER_DEFINE_ERROR;
    END IF;

    INSERT INTO SUGGEST_LIST(SUGGEST_CODE, SUGGEST_PRICE, SUGGEST_TIME
                       , SUGGEST_PLACE, PLACE_DETAIL, U_ID, DIRE_PD_ID)
    VALUES(CONCAT('suggest_', TO_CHAR(SUGGEST_SEQ.NEXTVAL)), V_PRICE
                , TO_DATE(CONCAT(V_HOPE_DATE, CONCAT(' ', V_HOPE_TIME)), 'YYYY-MM-DD HH24:MI:SS')
                , V_HOPE_PLACE, V_PLACE_DETAIL, V_U_ID, V_DIRE_PD_ID);

     -- 커밋

    -- 예외
    EXCEPTION
        WHEN USER_DEFINE_ERROR
            THEN RAISE_APPLICATION_ERROR(-20003, '인서트오류 발생');
            ROLLBACK;
        WHEN OTHERS
            THEN ROLLBACK;     
END  ADD_SUGGEST;

/
--------------------------------------------------------
--  DDL for Procedure BUY_COMPLETE_PRC
--------------------------------------------------------
set define off;

  CREATE OR REPLACE PROCEDURE "COMFIT"."BUY_COMPLETE_PRC" 
( V_SID         IN SELECTED.SELECTED_ID%TYPE
, V_BUYER_CODE  IN SELECTED.BUYER_CODE%TYPE
, V_REVIEW      IN DIRE_COMPLETE_BUY.REVIEW%TYPE
)
IS
    C_BUYER_CODE        SELECTED.SELLER_CODE%TYPE;
    USER_DEFINE_ERROR   EXCEPTION;
    DISCODE_ERROR       EXCEPTION;
    COUNTOVER_ERROR     EXCEPTION;
    V_COUNT             NUMBER;
BEGIN
    SELECT SELLER_CODE INTO C_BUYER_CODE
    FROM SELECTED
    WHERE SELECTED_ID = V_SID;

    SELECT COUNT(*) INTO V_COUNT
    FROM DIRE_COMPLETE_BUY
    WHERE SELECTED_ID = V_SID;

    IF V_COUNT >= 1 THEN
        RAISE COUNTOVER_ERROR;
    END IF;

    IF C_BUYER_CODE = V_BUYER_CODE THEN
        INSERT INTO DIRE_COMPLETE_BUY(DIRE_COMP_BUY_ID, REVIEW, SELECTED_ID)
        VALUES(CONCAT('rcBuy_',DIRE_COMPLETE_BUY_SEQ.NEXTVAL), V_REVIEW, V_SID);
    ELSE
        RAISE DISCODE_ERROR;
    END IF;

    COMMIT;

    EXCEPTION
        WHEN USER_DEFINE_ERROR
            THEN RAISE_APPLICATION_ERROR(-20004, '에러 발생');
            ROLLBACK;
        WHEN DISCODE_ERROR
            THEN RAISE_APPLICATION_ERROR(-20005, '구매코드가 다릅니다.');
        WHEN COUNTOVER_ERROR
            THEN RAISE_APPLICATION_ERROR(-20006, '이미 구매확정된 글입니다.');
        WHEN OTHERS
            THEN ROLLBACK;
END;

/
--------------------------------------------------------
--  DDL for Procedure DIREBUY_COMPLETE_PRC
--------------------------------------------------------
set define off;

  CREATE OR REPLACE PROCEDURE "COMFIT"."DIREBUY_COMPLETE_PRC" 
( V_SID         IN SELECTED.SELECTED_ID%TYPE
, V_BUYER_CODE  IN SELECTED.BUYER_CODE%TYPE
, V_REVIEW      IN DIRE_COMPLETE_BUY.REVIEW%TYPE
)
IS
    C_BUYER_CODE        SELECTED.SELLER_CODE%TYPE;
    USER_DEFINE_ERROR   EXCEPTION;
    DISCODE_ERROR       EXCEPTION;
    COUNTOVER_ERROR     EXCEPTION;
    V_COUNT             NUMBER;
BEGIN
    SELECT SELLER_CODE INTO C_BUYER_CODE
    FROM SELECTED
    WHERE SELECTED_ID = V_SID;

    SELECT COUNT(*) INTO V_COUNT
    FROM DIRE_COMPLETE_BUY
    WHERE SELECTED_ID = V_SID;

    IF V_COUNT >= 1 THEN
        RAISE COUNTOVER_ERROR;
    END IF;

    IF C_BUYER_CODE = V_BUYER_CODE THEN
        INSERT INTO DIRE_COMPLETE_BUY(DIRE_COMP_BUY_ID, REVIEW, SELECTED_ID)
        VALUES(CONCAT('rcBuy_',DIRE_COMPLETE_BUY_SEQ.NEXTVAL), V_REVIEW, V_SID);
    ELSE
        RAISE DISCODE_ERROR;
    END IF;

    COMMIT;

    EXCEPTION
        WHEN USER_DEFINE_ERROR
            THEN RAISE_APPLICATION_ERROR(-20004, '에러 발생');
            ROLLBACK;
        WHEN DISCODE_ERROR
            THEN RAISE_APPLICATION_ERROR(-20005, '코드가 다릅니다.');
            ROLLBACK;
        WHEN COUNTOVER_ERROR
            THEN RAISE_APPLICATION_ERROR(-20006, '이미 구매확정된 글입니다.');
            ROLLBACK;
        WHEN OTHERS
            THEN ROLLBACK;
END;

/
--------------------------------------------------------
--  DDL for Procedure DIRESELL_COMPLETE_PRC
--------------------------------------------------------
set define off;

  CREATE OR REPLACE PROCEDURE "COMFIT"."DIRESELL_COMPLETE_PRC" 
( V_SID          IN SELECTED.SELECTED_ID%TYPE
, V_SELLER_CODE  IN SELECTED.BUYER_CODE%TYPE
, V_REVIEW       IN DIRE_COMPLETE_SELL.REVIEW%TYPE
)
IS
    C_SELLER_CODE       SELECTED.SELLER_CODE%TYPE;
    USER_DEFINE_ERROR   EXCEPTION;
    DISCODE_ERROR       EXCEPTION;
    COUNTOVER_ERROR     EXCEPTION;
    V_COUNT             NUMBER;
BEGIN
    SELECT BUYER_CODE INTO C_SELLER_CODE
    FROM SELECTED
    WHERE SELECTED_ID = V_SID;

    SELECT COUNT(*) INTO V_COUNT
    FROM DIRE_COMPLETE_SELL
    WHERE SELECTED_ID = V_SID;

    IF V_COUNT >= 1 THEN
        RAISE COUNTOVER_ERROR;
    END IF;

    IF C_SELLER_CODE = V_SELLER_CODE THEN
        INSERT INTO DIRE_COMPLETE_SELL(DIRE_COMP_SELL_ID, REVIEW, SELECTED_ID)
        VALUES(CONCAT('rcsell_',DIRE_COMPLETE_SELL_SEQ.NEXTVAL), V_REVIEW, V_SID);
    ELSE
        RAISE DISCODE_ERROR;
    END IF;

    COMMIT;

    EXCEPTION
        WHEN USER_DEFINE_ERROR
            THEN RAISE_APPLICATION_ERROR(-20004, '에러 발생');
            ROLLBACK;
        WHEN DISCODE_ERROR
            THEN RAISE_APPLICATION_ERROR(-20005, '코드가 다릅니다.');
        WHEN COUNTOVER_ERROR
            THEN RAISE_APPLICATION_ERROR(-20006, '이미 판매확정된 글입니다.');
        WHEN OTHERS
            THEN ROLLBACK;
END;

/
--------------------------------------------------------
--  DDL for Procedure REGIT_PRC
--------------------------------------------------------
set define off;

  CREATE OR REPLACE PROCEDURE "COMFIT"."REGIT_PRC" 
( V_U_EMAIL     IN USER_INFORMATION.U_EMAIL%TYPE
, V_U_NAME      IN USER_INFORMATION.U_NAME%TYPE
, V_U_ADDRESS   IN USER_INFORMATION.U_ADDRESS%TYPE
, V_U_PASSWORD  IN USER_INFORMATION.U_PASSWORD%TYPE
, V_U_TEL       IN USER_INFORMATION.U_TEL%TYPE
, V_U_NICKNAME  IN USER_INFORMATION.U_NICKNAME%TYPE
, V_AUTH_CODE   IN USER_EMAIL_AUTH.AUTH_CODE%TYPE
)
IS
    V_U_ID   COMFIT_USER.U_ID%TYPE;
    USER_DEFINE_ERROR  EXCEPTION;

BEGIN
    SELECT CONCAT('test', COMFIT_USER_SEQ.NEXTVAL) INTO V_U_ID
    FROM DUAL;

    INSERT INTO COMFIT_USER(U_ID) VALUES(V_U_ID);

    INSERT INTO USER_INFORMATION (U_EMAIL, U_NAME, U_ADDRESS, U_PASSWORD, U_TEL, U_NICKNAME, U_ID)
    VALUES(V_U_EMAIL, V_U_NAME, V_U_ADDRESS, CRYPTPACK.ENCRYPT(V_U_PASSWORD,V_U_PASSWORD)
    , V_U_TEL , V_U_NICKNAME, V_U_ID);

    INSERT INTO USER_EMAIL_AUTH(E_AUTH_ID, AUTH_CODE, U_ID, AU_CATE_ID )
    VALUES(CONCAT('auth_', USER_EMAIL_AUTH_SEQ.NEXTVAL), V_AUTH_CODE ,V_U_ID, 1);

    COMMIT;

    EXCEPTION
        WHEN USER_DEFINE_ERROR
            THEN RAISE_APPLICATION_ERROR(-20003, '인서트오류 발생');
            ROLLBACK;
        WHEN OTHERS
            THEN ROLLBACK;

END;

/
--------------------------------------------------------
--  DDL for Package CRYPTPACK
--------------------------------------------------------

  CREATE OR REPLACE PACKAGE "COMFIT"."CRYPTPACK" 
AS
    FUNCTION ENCRYPT(STR VARCHAR2, HASH VARCHAR2)
    RETURN VARCHAR2;

    FUNCTION DECRYPT(XCRYPT VARCHAR2, HASH VARCHAR2)
    RETURN VARCHAR2;

END CRYPTPACK;

/
--------------------------------------------------------
--  DDL for Package Body CRYPTPACK
--------------------------------------------------------

  CREATE OR REPLACE PACKAGE BODY "COMFIT"."CRYPTPACK" 
IS
    CRYPTED_STRING VARCHAR2(2000);

    FUNCTION ENCRYPT(STR VARCHAR2, HASH VARCHAR2)
    RETURN VARCHAR2        
    IS
        PIECES_OF_EIGHT NUMBER := ((FLOOR(LENGTH(STR)/8 + .9)) * 8);
    BEGIN
        DBMS_OBFUSCATION_TOOLKIT.DESENCRYPT
        ( INPUT_STRING      => RPAD(STR, PIECES_OF_EIGHT)
        , KEY_STRING        => RPAD(HASH, 8, '#')
        , ENCRYPTED_STRING  => CRYPTED_STRING
        );
        RETURN CRYPTED_STRING;
    END;

    FUNCTION DECRYPT(XCRYPT VARCHAR2, HASH VARCHAR2)
    RETURN VARCHAR2
    IS
    BEGIN
        DBMS_OBFUSCATION_TOOLKIT.DESDECRYPT
        ( INPUT_STRING      => XCRYPT
        , KEY_STRING        => RPAD(HASH, 8, '#')
        , DECRYPTED_STRING  => CRYPTED_STRING
        );
        RETURN TRIM(CRYPTED_STRING);
    END;    

END CRYPTPACK;

/
--------------------------------------------------------
--  DDL for Function DISTANCE_WGS84
--------------------------------------------------------

  CREATE OR REPLACE FUNCTION "COMFIT"."DISTANCE_WGS84" (H_LAT IN NUMBER, H_LOT IN NUMBER, T_LAT IN NUMBER, T_LOT IN NUMBER)
RETURN NUMBER DETERMINISTIC
IS
BEGIN
  RETURN ( 6371.0 * ACOS(
    LEAST(1,
     COS( RADIANS(H_LAT) ) * COS( RADIANS(T_LAT) )
     * COS(RADIANS(T_LOT) - RADIANS(H_LOT) )
     + SIN( RADIANS (H_LAT) ) * SIN(RADIANS( T_LAT) )                                    
    )
  ));
END;

/
--------------------------------------------------------
--  DDL for Function RADIANS
--------------------------------------------------------

  CREATE OR REPLACE FUNCTION "COMFIT"."RADIANS" (V_DEGREES IN NUMBER)
RETURN NUMBER DETERMINISTIC
IS 
BEGIN
  /*
  -- radians = degrees / (180 / pi)
  -- RETURN nDegrees / (180 / ACOS(-1)); but 180/pi is a constant, so...
  */
    RETURN V_DEGREES / 57.29577951308232087679815481410517033235;
END; 

/
--------------------------------------------------------
--  Constraints for Table ADMIN
--------------------------------------------------------

  ALTER TABLE "COMFIT"."ADMIN" MODIFY ("AD_PW" NOT NULL ENABLE);
  ALTER TABLE "COMFIT"."ADMIN" ADD CONSTRAINT "AD_ID_PK" PRIMARY KEY ("AD_ID")
  USING INDEX PCTFREE 10 INITRANS 2 MAXTRANS 255 COMPUTE STATISTICS 
  STORAGE(INITIAL 65536 NEXT 1048576 MINEXTENTS 1 MAXEXTENTS 2147483645
  PCTINCREASE 0 FREELISTS 1 FREELIST GROUPS 1 BUFFER_POOL DEFAULT FLASH_CACHE DEFAULT CELL_FLASH_CACHE DEFAULT)
  TABLESPACE "SYSTEM"  ENABLE;
--------------------------------------------------------
--  Constraints for Table ALARM_OK
--------------------------------------------------------

  ALTER TABLE "COMFIT"."ALARM_OK" ADD CONSTRAINT "ALARM_CODE_PK" PRIMARY KEY ("ALARM_CODE")
  USING INDEX PCTFREE 10 INITRANS 2 MAXTRANS 255 COMPUTE STATISTICS 
  STORAGE(INITIAL 65536 NEXT 1048576 MINEXTENTS 1 MAXEXTENTS 2147483645
  PCTINCREASE 0 FREELISTS 1 FREELIST GROUPS 1 BUFFER_POOL DEFAULT FLASH_CACHE DEFAULT CELL_FLASH_CACHE DEFAULT)
  TABLESPACE "SYSTEM"  ENABLE;
  ALTER TABLE "COMFIT"."ALARM_OK" MODIFY ("ALARM_COMMIT" NOT NULL ENABLE);
--------------------------------------------------------
--  Constraints for Table ANNOUNCE
--------------------------------------------------------

  ALTER TABLE "COMFIT"."ANNOUNCE" ADD CONSTRAINT "ANNOUNCE_ID_PK" PRIMARY KEY ("ANNOUNCE_ID")
  USING INDEX PCTFREE 10 INITRANS 2 MAXTRANS 255 COMPUTE STATISTICS 
  STORAGE(INITIAL 65536 NEXT 1048576 MINEXTENTS 1 MAXEXTENTS 2147483645
  PCTINCREASE 0 FREELISTS 1 FREELIST GROUPS 1 BUFFER_POOL DEFAULT FLASH_CACHE DEFAULT CELL_FLASH_CACHE DEFAULT)
  TABLESPACE "SYSTEM"  ENABLE;
  ALTER TABLE "COMFIT"."ANNOUNCE" MODIFY ("ANOUN_CATE_ID" NOT NULL ENABLE);
  ALTER TABLE "COMFIT"."ANNOUNCE" MODIFY ("ANNOUNCE_DATE" NOT NULL ENABLE);
  ALTER TABLE "COMFIT"."ANNOUNCE" MODIFY ("ANNOUNCE_CONTENTS" NOT NULL ENABLE);
  ALTER TABLE "COMFIT"."ANNOUNCE" MODIFY ("ANNOUNCE_TITLE" NOT NULL ENABLE);
  ALTER TABLE "COMFIT"."ANNOUNCE" MODIFY ("ANNOUNCE_ID" NOT NULL ENABLE);
--------------------------------------------------------
--  Constraints for Table ANNOUNCE_CATEGORY
--------------------------------------------------------

  ALTER TABLE "COMFIT"."ANNOUNCE_CATEGORY" ADD CONSTRAINT "ANOUN_CATE_ID_PK" PRIMARY KEY ("ANOUN_CATE_ID")
  USING INDEX PCTFREE 10 INITRANS 2 MAXTRANS 255 COMPUTE STATISTICS 
  STORAGE(INITIAL 65536 NEXT 1048576 MINEXTENTS 1 MAXEXTENTS 2147483645
  PCTINCREASE 0 FREELISTS 1 FREELIST GROUPS 1 BUFFER_POOL DEFAULT FLASH_CACHE DEFAULT CELL_FLASH_CACHE DEFAULT)
  TABLESPACE "SYSTEM"  ENABLE;
  ALTER TABLE "COMFIT"."ANNOUNCE_CATEGORY" MODIFY ("ANOUN_CATE_NAME" NOT NULL ENABLE);
--------------------------------------------------------
--  Constraints for Table ASK
--------------------------------------------------------

  ALTER TABLE "COMFIT"."ASK" MODIFY ("ALARM_CODE" NOT NULL ENABLE);
  ALTER TABLE "COMFIT"."ASK" ADD CONSTRAINT "ASK_ID_PK" PRIMARY KEY ("ASK_ID")
  USING INDEX PCTFREE 10 INITRANS 2 MAXTRANS 255 COMPUTE STATISTICS 
  STORAGE(INITIAL 65536 NEXT 1048576 MINEXTENTS 1 MAXEXTENTS 2147483645
  PCTINCREASE 0 FREELISTS 1 FREELIST GROUPS 1 BUFFER_POOL DEFAULT FLASH_CACHE DEFAULT CELL_FLASH_CACHE DEFAULT)
  TABLESPACE "SYSTEM"  ENABLE;
  ALTER TABLE "COMFIT"."ASK" MODIFY ("ASK_CATE_ID" NOT NULL ENABLE);
  ALTER TABLE "COMFIT"."ASK" MODIFY ("U_ID" NOT NULL ENABLE);
  ALTER TABLE "COMFIT"."ASK" MODIFY ("ASK_DATE" NOT NULL ENABLE);
  ALTER TABLE "COMFIT"."ASK" MODIFY ("ASK_CONTENTS" NOT NULL ENABLE);
  ALTER TABLE "COMFIT"."ASK" MODIFY ("ASK_TITLE" NOT NULL ENABLE);
  ALTER TABLE "COMFIT"."ASK" MODIFY ("ASK_ID" NOT NULL ENABLE);
--------------------------------------------------------
--  Constraints for Table ASK_ANSWER
--------------------------------------------------------

  ALTER TABLE "COMFIT"."ASK_ANSWER" ADD CONSTRAINT "ANSWER_ASK_ID_PK" PRIMARY KEY ("ASK_ID")
  USING INDEX PCTFREE 10 INITRANS 2 MAXTRANS 255 COMPUTE STATISTICS 
  STORAGE(INITIAL 65536 NEXT 1048576 MINEXTENTS 1 MAXEXTENTS 2147483645
  PCTINCREASE 0 FREELISTS 1 FREELIST GROUPS 1 BUFFER_POOL DEFAULT FLASH_CACHE DEFAULT CELL_FLASH_CACHE DEFAULT)
  TABLESPACE "SYSTEM"  ENABLE;
  ALTER TABLE "COMFIT"."ASK_ANSWER" MODIFY ("AD_ID" NOT NULL ENABLE);
  ALTER TABLE "COMFIT"."ASK_ANSWER" MODIFY ("ANSWER_DATE" NOT NULL ENABLE);
  ALTER TABLE "COMFIT"."ASK_ANSWER" MODIFY ("ANSWER_CONTENTS" NOT NULL ENABLE);
  ALTER TABLE "COMFIT"."ASK_ANSWER" MODIFY ("ASK_ID" NOT NULL ENABLE);
--------------------------------------------------------
--  Constraints for Table ASK_CATEGORY
--------------------------------------------------------

  ALTER TABLE "COMFIT"."ASK_CATEGORY" ADD CONSTRAINT "ASK_CATE_ID_PK" PRIMARY KEY ("ASK_CATE_ID")
  USING INDEX PCTFREE 10 INITRANS 2 MAXTRANS 255 COMPUTE STATISTICS 
  STORAGE(INITIAL 65536 NEXT 1048576 MINEXTENTS 1 MAXEXTENTS 2147483645
  PCTINCREASE 0 FREELISTS 1 FREELIST GROUPS 1 BUFFER_POOL DEFAULT FLASH_CACHE DEFAULT CELL_FLASH_CACHE DEFAULT)
  TABLESPACE "SYSTEM"  ENABLE;
  ALTER TABLE "COMFIT"."ASK_CATEGORY" MODIFY ("ASK_CATE_NAME" NOT NULL ENABLE);
--------------------------------------------------------
--  Constraints for Table AUTH_CATEGORY
--------------------------------------------------------

  ALTER TABLE "COMFIT"."AUTH_CATEGORY" ADD CONSTRAINT "AU_CATE_ID_PK" PRIMARY KEY ("AU_CATE_ID")
  USING INDEX PCTFREE 10 INITRANS 2 MAXTRANS 255 COMPUTE STATISTICS 
  STORAGE(INITIAL 65536 NEXT 1048576 MINEXTENTS 1 MAXEXTENTS 2147483645
  PCTINCREASE 0 FREELISTS 1 FREELIST GROUPS 1 BUFFER_POOL DEFAULT FLASH_CACHE DEFAULT CELL_FLASH_CACHE DEFAULT)
  TABLESPACE "SYSTEM"  ENABLE;
  ALTER TABLE "COMFIT"."AUTH_CATEGORY" MODIFY ("AU_NAME" NOT NULL ENABLE);
--------------------------------------------------------
--  Constraints for Table BANK
--------------------------------------------------------

  ALTER TABLE "COMFIT"."BANK" MODIFY ("BANK_NAME" NOT NULL ENABLE);
  ALTER TABLE "COMFIT"."BANK" ADD CONSTRAINT "BANK_ID_PK" PRIMARY KEY ("BANK_ID")
  USING INDEX PCTFREE 10 INITRANS 2 MAXTRANS 255 COMPUTE STATISTICS 
  STORAGE(INITIAL 65536 NEXT 1048576 MINEXTENTS 1 MAXEXTENTS 2147483645
  PCTINCREASE 0 FREELISTS 1 FREELIST GROUPS 1 BUFFER_POOL DEFAULT FLASH_CACHE DEFAULT CELL_FLASH_CACHE DEFAULT)
  TABLESPACE "SYSTEM"  ENABLE;
--------------------------------------------------------
--  Constraints for Table BAN_CATEGORY
--------------------------------------------------------

  ALTER TABLE "COMFIT"."BAN_CATEGORY" ADD CONSTRAINT "BAN_CATE_ID_PK" PRIMARY KEY ("BAN_CATE_ID")
  USING INDEX PCTFREE 10 INITRANS 2 MAXTRANS 255 COMPUTE STATISTICS 
  STORAGE(INITIAL 65536 NEXT 1048576 MINEXTENTS 1 MAXEXTENTS 2147483645
  PCTINCREASE 0 FREELISTS 1 FREELIST GROUPS 1 BUFFER_POOL DEFAULT FLASH_CACHE DEFAULT CELL_FLASH_CACHE DEFAULT)
  TABLESPACE "SYSTEM"  ENABLE;
  ALTER TABLE "COMFIT"."BAN_CATEGORY" MODIFY ("BAN_CATE_NAME" NOT NULL ENABLE);
--------------------------------------------------------
--  Constraints for Table BID_LIST
--------------------------------------------------------

  ALTER TABLE "COMFIT"."BID_LIST" MODIFY ("BID_DATE" NOT NULL ENABLE);
  ALTER TABLE "COMFIT"."BID_LIST" MODIFY ("ALARM_CODE" NOT NULL ENABLE);
  ALTER TABLE "COMFIT"."BID_LIST" ADD CONSTRAINT "BID_CODE_PK" PRIMARY KEY ("BID_CODE")
  USING INDEX PCTFREE 10 INITRANS 2 MAXTRANS 255 COMPUTE STATISTICS 
  STORAGE(INITIAL 65536 NEXT 1048576 MINEXTENTS 1 MAXEXTENTS 2147483645
  PCTINCREASE 0 FREELISTS 1 FREELIST GROUPS 1 BUFFER_POOL DEFAULT FLASH_CACHE DEFAULT CELL_FLASH_CACHE DEFAULT)
  TABLESPACE "SYSTEM"  ENABLE;
  ALTER TABLE "COMFIT"."BID_LIST" MODIFY ("ADDR_DETAIL" NOT NULL ENABLE);
  ALTER TABLE "COMFIT"."BID_LIST" MODIFY ("ADDRESS" NOT NULL ENABLE);
  ALTER TABLE "COMFIT"."BID_LIST" MODIFY ("BID_PRICE" NOT NULL ENABLE);
--------------------------------------------------------
--  Constraints for Table BID_SUCCESS
--------------------------------------------------------

  ALTER TABLE "COMFIT"."BID_SUCCESS" MODIFY ("ALARM_CODE" NOT NULL ENABLE);
  ALTER TABLE "COMFIT"."BID_SUCCESS" ADD CONSTRAINT "BS_ID_PK" PRIMARY KEY ("BS_ID")
  USING INDEX PCTFREE 10 INITRANS 2 MAXTRANS 255 COMPUTE STATISTICS 
  STORAGE(INITIAL 65536 NEXT 1048576 MINEXTENTS 1 MAXEXTENTS 2147483645
  PCTINCREASE 0 FREELISTS 1 FREELIST GROUPS 1 BUFFER_POOL DEFAULT FLASH_CACHE DEFAULT CELL_FLASH_CACHE DEFAULT)
  TABLESPACE "SYSTEM"  ENABLE;
--------------------------------------------------------
--  Constraints for Table COMFIT_USER
--------------------------------------------------------

  ALTER TABLE "COMFIT"."COMFIT_USER" MODIFY ("CDATE" NOT NULL ENABLE);
  ALTER TABLE "COMFIT"."COMFIT_USER" ADD CONSTRAINT "U_ID_PK" PRIMARY KEY ("U_ID")
  USING INDEX PCTFREE 10 INITRANS 2 MAXTRANS 255 COMPUTE STATISTICS 
  STORAGE(INITIAL 65536 NEXT 1048576 MINEXTENTS 1 MAXEXTENTS 2147483645
  PCTINCREASE 0 FREELISTS 1 FREELIST GROUPS 1 BUFFER_POOL DEFAULT FLASH_CACHE DEFAULT CELL_FLASH_CACHE DEFAULT)
  TABLESPACE "SYSTEM"  ENABLE;
--------------------------------------------------------
--  Constraints for Table DELIVERY_PD_REPORT
--------------------------------------------------------

  ALTER TABLE "COMFIT"."DELIVERY_PD_REPORT" ADD CONSTRAINT "DELI_REP_ID_PK" PRIMARY KEY ("REP_ID")
  USING INDEX PCTFREE 10 INITRANS 2 MAXTRANS 255 COMPUTE STATISTICS 
  STORAGE(INITIAL 65536 NEXT 1048576 MINEXTENTS 1 MAXEXTENTS 2147483645
  PCTINCREASE 0 FREELISTS 1 FREELIST GROUPS 1 BUFFER_POOL DEFAULT FLASH_CACHE DEFAULT CELL_FLASH_CACHE DEFAULT)
  TABLESPACE "SYSTEM"  ENABLE;
  ALTER TABLE "COMFIT"."DELIVERY_PD_REPORT" MODIFY ("DELI_PD_ID" NOT NULL ENABLE);
  ALTER TABLE "COMFIT"."DELIVERY_PD_REPORT" MODIFY ("PD_REP_CID" NOT NULL ENABLE);
  ALTER TABLE "COMFIT"."DELIVERY_PD_REPORT" MODIFY ("U_ID" NOT NULL ENABLE);
  ALTER TABLE "COMFIT"."DELIVERY_PD_REPORT" MODIFY ("REP_DATE" NOT NULL ENABLE);
  ALTER TABLE "COMFIT"."DELIVERY_PD_REPORT" MODIFY ("REP_CONTENTS" NOT NULL ENABLE);
  ALTER TABLE "COMFIT"."DELIVERY_PD_REPORT" MODIFY ("REP_ID" NOT NULL ENABLE);
--------------------------------------------------------
--  Constraints for Table DELIVERY_PRODUCT
--------------------------------------------------------

  ALTER TABLE "COMFIT"."DELIVERY_PRODUCT" ADD CONSTRAINT "DELI_PD_ID_PK" PRIMARY KEY ("DELI_PD_ID")
  USING INDEX PCTFREE 10 INITRANS 2 MAXTRANS 255 COMPUTE STATISTICS 
  STORAGE(INITIAL 65536 NEXT 1048576 MINEXTENTS 1 MAXEXTENTS 2147483645
  PCTINCREASE 0 FREELISTS 1 FREELIST GROUPS 1 BUFFER_POOL DEFAULT FLASH_CACHE DEFAULT CELL_FLASH_CACHE DEFAULT)
  TABLESPACE "SYSTEM"  ENABLE;
  ALTER TABLE "COMFIT"."DELIVERY_PRODUCT" MODIFY ("PD_START_PRICE" NOT NULL ENABLE);
  ALTER TABLE "COMFIT"."DELIVERY_PRODUCT" MODIFY ("PD_PHOTO" NOT NULL ENABLE);
  ALTER TABLE "COMFIT"."DELIVERY_PRODUCT" MODIFY ("PD_NAME" NOT NULL ENABLE);
  ALTER TABLE "COMFIT"."DELIVERY_PRODUCT" MODIFY ("PD_TITLE" NOT NULL ENABLE);
--------------------------------------------------------
--  Constraints for Table DELIVERY_TA_REPORT
--------------------------------------------------------

  ALTER TABLE "COMFIT"."DELIVERY_TA_REPORT" MODIFY ("REPORTER_ID" NOT NULL ENABLE);
  ALTER TABLE "COMFIT"."DELIVERY_TA_REPORT" MODIFY ("BS_ID" NOT NULL ENABLE);
  ALTER TABLE "COMFIT"."DELIVERY_TA_REPORT" MODIFY ("TRANS_REP_CID" NOT NULL ENABLE);
  ALTER TABLE "COMFIT"."DELIVERY_TA_REPORT" MODIFY ("REP_DATE" NOT NULL ENABLE);
  ALTER TABLE "COMFIT"."DELIVERY_TA_REPORT" ADD CONSTRAINT "REP_ID_PK" PRIMARY KEY ("REP_ID")
  USING INDEX PCTFREE 10 INITRANS 2 MAXTRANS 255 COMPUTE STATISTICS 
  STORAGE(INITIAL 65536 NEXT 1048576 MINEXTENTS 1 MAXEXTENTS 2147483645
  PCTINCREASE 0 FREELISTS 1 FREELIST GROUPS 1 BUFFER_POOL DEFAULT FLASH_CACHE DEFAULT CELL_FLASH_CACHE DEFAULT)
  TABLESPACE "SYSTEM"  ENABLE;
  ALTER TABLE "COMFIT"."DELIVERY_TA_REPORT" MODIFY ("REP_CONTENTS" NOT NULL ENABLE);
--------------------------------------------------------
--  Constraints for Table DELI_COMPLETE_BUY
--------------------------------------------------------

  ALTER TABLE "COMFIT"."DELI_COMPLETE_BUY" ADD CONSTRAINT "DELI_COMP_BUY_ID_PK" PRIMARY KEY ("DELI_COMP_BUY_ID")
  USING INDEX PCTFREE 10 INITRANS 2 MAXTRANS 255 COMPUTE STATISTICS 
  STORAGE(INITIAL 65536 NEXT 1048576 MINEXTENTS 1 MAXEXTENTS 2147483645
  PCTINCREASE 0 FREELISTS 1 FREELIST GROUPS 1 BUFFER_POOL DEFAULT FLASH_CACHE DEFAULT CELL_FLASH_CACHE DEFAULT)
  TABLESPACE "SYSTEM"  ENABLE;
--------------------------------------------------------
--  Constraints for Table DELI_COMPLETE_SELL
--------------------------------------------------------

  ALTER TABLE "COMFIT"."DELI_COMPLETE_SELL" MODIFY ("SELL_COMP_DATE" NOT NULL ENABLE);
  ALTER TABLE "COMFIT"."DELI_COMPLETE_SELL" ADD CONSTRAINT "DELI_COMP_SELL_ID_PK" PRIMARY KEY ("DELI_COMP_SELL_ID")
  USING INDEX PCTFREE 10 INITRANS 2 MAXTRANS 255 COMPUTE STATISTICS 
  STORAGE(INITIAL 65536 NEXT 1048576 MINEXTENTS 1 MAXEXTENTS 2147483645
  PCTINCREASE 0 FREELISTS 1 FREELIST GROUPS 1 BUFFER_POOL DEFAULT FLASH_CACHE DEFAULT CELL_FLASH_CACHE DEFAULT)
  TABLESPACE "SYSTEM"  ENABLE;
  ALTER TABLE "COMFIT"."DELI_COMPLETE_SELL" MODIFY ("PD_DELI_NUM" NOT NULL ENABLE);
--------------------------------------------------------
--  Constraints for Table DELI_PD_BANNED
--------------------------------------------------------

  ALTER TABLE "COMFIT"."DELI_PD_BANNED" ADD CONSTRAINT "DELI_PD_BAN_ID_PK" PRIMARY KEY ("BAN_ID")
  USING INDEX PCTFREE 10 INITRANS 2 MAXTRANS 255 COMPUTE STATISTICS 
  STORAGE(INITIAL 65536 NEXT 1048576 MINEXTENTS 1 MAXEXTENTS 2147483645
  PCTINCREASE 0 FREELISTS 1 FREELIST GROUPS 1 BUFFER_POOL DEFAULT FLASH_CACHE DEFAULT CELL_FLASH_CACHE DEFAULT)
  TABLESPACE "SYSTEM"  ENABLE;
  ALTER TABLE "COMFIT"."DELI_PD_BANNED" MODIFY ("BAN_CATE_ID" NOT NULL ENABLE);
  ALTER TABLE "COMFIT"."DELI_PD_BANNED" MODIFY ("REP_ID" NOT NULL ENABLE);
  ALTER TABLE "COMFIT"."DELI_PD_BANNED" MODIFY ("BAN_DATE" NOT NULL ENABLE);
  ALTER TABLE "COMFIT"."DELI_PD_BANNED" MODIFY ("BAN_ID" NOT NULL ENABLE);
--------------------------------------------------------
--  Constraints for Table DELI_PD_REP_HANDLE
--------------------------------------------------------

  ALTER TABLE "COMFIT"."DELI_PD_REP_HANDLE" ADD CONSTRAINT "DELI_HANDLE_REP_ID_PK" PRIMARY KEY ("REP_ID")
  USING INDEX PCTFREE 10 INITRANS 2 MAXTRANS 255 COMPUTE STATISTICS 
  STORAGE(INITIAL 65536 NEXT 1048576 MINEXTENTS 1 MAXEXTENTS 2147483645
  PCTINCREASE 0 FREELISTS 1 FREELIST GROUPS 1 BUFFER_POOL DEFAULT FLASH_CACHE DEFAULT CELL_FLASH_CACHE DEFAULT)
  TABLESPACE "SYSTEM"  ENABLE;
  ALTER TABLE "COMFIT"."DELI_PD_REP_HANDLE" MODIFY ("HAN_CATE_ID" NOT NULL ENABLE);
  ALTER TABLE "COMFIT"."DELI_PD_REP_HANDLE" MODIFY ("AD_ID" NOT NULL ENABLE);
  ALTER TABLE "COMFIT"."DELI_PD_REP_HANDLE" MODIFY ("REP_HAN_DATE" NOT NULL ENABLE);
  ALTER TABLE "COMFIT"."DELI_PD_REP_HANDLE" MODIFY ("REP_ID" NOT NULL ENABLE);
--------------------------------------------------------
--  Constraints for Table DELI_TA_BANNED
--------------------------------------------------------

  ALTER TABLE "COMFIT"."DELI_TA_BANNED" MODIFY ("BAN_CATE_ID" NOT NULL ENABLE);
  ALTER TABLE "COMFIT"."DELI_TA_BANNED" MODIFY ("REP_ID" NOT NULL ENABLE);
  ALTER TABLE "COMFIT"."DELI_TA_BANNED" MODIFY ("BAN_DATE" NOT NULL ENABLE);
  ALTER TABLE "COMFIT"."DELI_TA_BANNED" ADD CONSTRAINT "DELI_TA_BAN_ID_PK" PRIMARY KEY ("BAN_ID")
  USING INDEX PCTFREE 10 INITRANS 2 MAXTRANS 255 COMPUTE STATISTICS 
  STORAGE(INITIAL 65536 NEXT 1048576 MINEXTENTS 1 MAXEXTENTS 2147483645
  PCTINCREASE 0 FREELISTS 1 FREELIST GROUPS 1 BUFFER_POOL DEFAULT FLASH_CACHE DEFAULT CELL_FLASH_CACHE DEFAULT)
  TABLESPACE "SYSTEM"  ENABLE;
  ALTER TABLE "COMFIT"."DELI_TA_BANNED" MODIFY ("BAN_REA_DETAIL" NOT NULL ENABLE);
--------------------------------------------------------
--  Constraints for Table DELI_TA_REP_HANDLE
--------------------------------------------------------

  ALTER TABLE "COMFIT"."DELI_TA_REP_HANDLE" ADD CONSTRAINT "DELI_TA_REP_ID_PK" PRIMARY KEY ("REP_ID")
  USING INDEX PCTFREE 10 INITRANS 2 MAXTRANS 255 COMPUTE STATISTICS 
  STORAGE(INITIAL 65536 NEXT 1048576 MINEXTENTS 1 MAXEXTENTS 2147483645
  PCTINCREASE 0 FREELISTS 1 FREELIST GROUPS 1 BUFFER_POOL DEFAULT FLASH_CACHE DEFAULT CELL_FLASH_CACHE DEFAULT)
  TABLESPACE "SYSTEM"  ENABLE;
--------------------------------------------------------
--  Constraints for Table DIRECT_PD_REPORT
--------------------------------------------------------

  ALTER TABLE "COMFIT"."DIRECT_PD_REPORT" ADD CONSTRAINT "DIRE_REP_ID_PK" PRIMARY KEY ("REP_ID")
  USING INDEX PCTFREE 10 INITRANS 2 MAXTRANS 255 COMPUTE STATISTICS 
  STORAGE(INITIAL 65536 NEXT 1048576 MINEXTENTS 1 MAXEXTENTS 2147483645
  PCTINCREASE 0 FREELISTS 1 FREELIST GROUPS 1 BUFFER_POOL DEFAULT FLASH_CACHE DEFAULT CELL_FLASH_CACHE DEFAULT)
  TABLESPACE "SYSTEM"  ENABLE;
  ALTER TABLE "COMFIT"."DIRECT_PD_REPORT" MODIFY ("DIRE_PD_ID" NOT NULL ENABLE);
  ALTER TABLE "COMFIT"."DIRECT_PD_REPORT" MODIFY ("PD_REP_CID" NOT NULL ENABLE);
  ALTER TABLE "COMFIT"."DIRECT_PD_REPORT" MODIFY ("U_ID" NOT NULL ENABLE);
  ALTER TABLE "COMFIT"."DIRECT_PD_REPORT" MODIFY ("REP_DATE" NOT NULL ENABLE);
  ALTER TABLE "COMFIT"."DIRECT_PD_REPORT" MODIFY ("REP_CONTENTS" NOT NULL ENABLE);
  ALTER TABLE "COMFIT"."DIRECT_PD_REPORT" MODIFY ("REP_ID" NOT NULL ENABLE);
--------------------------------------------------------
--  Constraints for Table DIRECT_PRODUCT
--------------------------------------------------------

  ALTER TABLE "COMFIT"."DIRECT_PRODUCT" MODIFY ("PD_REGIT_DATE" NOT NULL ENABLE);
  ALTER TABLE "COMFIT"."DIRECT_PRODUCT" ADD CONSTRAINT "DIRE_PD_ID_PK" PRIMARY KEY ("DIRE_PD_ID")
  USING INDEX PCTFREE 10 INITRANS 2 MAXTRANS 255 COMPUTE STATISTICS 
  STORAGE(INITIAL 65536 NEXT 1048576 MINEXTENTS 1 MAXEXTENTS 2147483645
  PCTINCREASE 0 FREELISTS 1 FREELIST GROUPS 1 BUFFER_POOL DEFAULT FLASH_CACHE DEFAULT CELL_FLASH_CACHE DEFAULT)
  TABLESPACE "SYSTEM"  ENABLE;
  ALTER TABLE "COMFIT"."DIRECT_PRODUCT" MODIFY ("PD_HOPE_MGRS" NOT NULL ENABLE);
  ALTER TABLE "COMFIT"."DIRECT_PRODUCT" MODIFY ("PD_HOPE_PLACE" NOT NULL ENABLE);
  ALTER TABLE "COMFIT"."DIRECT_PRODUCT" MODIFY ("PD_HOPE_ETIME" NOT NULL ENABLE);
  ALTER TABLE "COMFIT"."DIRECT_PRODUCT" MODIFY ("PD_HOPE_STIME" NOT NULL ENABLE);
  ALTER TABLE "COMFIT"."DIRECT_PRODUCT" MODIFY ("PD_HOPE_EDATE" NOT NULL ENABLE);
  ALTER TABLE "COMFIT"."DIRECT_PRODUCT" MODIFY ("PD_HOPE_SDATE" NOT NULL ENABLE);
  ALTER TABLE "COMFIT"."DIRECT_PRODUCT" MODIFY ("PD_HOPEPRICE" NOT NULL ENABLE);
  ALTER TABLE "COMFIT"."DIRECT_PRODUCT" MODIFY ("PD_PHOTO" NOT NULL ENABLE);
  ALTER TABLE "COMFIT"."DIRECT_PRODUCT" MODIFY ("PD_NAME" NOT NULL ENABLE);
  ALTER TABLE "COMFIT"."DIRECT_PRODUCT" MODIFY ("PD_TITLE" NOT NULL ENABLE);
--------------------------------------------------------
--  Constraints for Table DIRECT_TA_REPORT
--------------------------------------------------------

  ALTER TABLE "COMFIT"."DIRECT_TA_REPORT" MODIFY ("REPORTER_ID" NOT NULL ENABLE);
  ALTER TABLE "COMFIT"."DIRECT_TA_REPORT" MODIFY ("SELECTED_ID" NOT NULL ENABLE);
  ALTER TABLE "COMFIT"."DIRECT_TA_REPORT" MODIFY ("TRANS_REP_CID" NOT NULL ENABLE);
  ALTER TABLE "COMFIT"."DIRECT_TA_REPORT" MODIFY ("REP_DATE" NOT NULL ENABLE);
  ALTER TABLE "COMFIT"."DIRECT_TA_REPORT" ADD CONSTRAINT "DIRE_TA_REP_ID_PK" PRIMARY KEY ("REP_ID")
  USING INDEX PCTFREE 10 INITRANS 2 MAXTRANS 255 COMPUTE STATISTICS 
  STORAGE(INITIAL 65536 NEXT 1048576 MINEXTENTS 1 MAXEXTENTS 2147483645
  PCTINCREASE 0 FREELISTS 1 FREELIST GROUPS 1 BUFFER_POOL DEFAULT FLASH_CACHE DEFAULT CELL_FLASH_CACHE DEFAULT)
  TABLESPACE "SYSTEM"  ENABLE;
  ALTER TABLE "COMFIT"."DIRECT_TA_REPORT" MODIFY ("REP_CONTENTS" NOT NULL ENABLE);
--------------------------------------------------------
--  Constraints for Table DIRE_COMPLETE_BUY
--------------------------------------------------------

  ALTER TABLE "COMFIT"."DIRE_COMPLETE_BUY" MODIFY ("BUY_COMP_DATE" NOT NULL ENABLE);
  ALTER TABLE "COMFIT"."DIRE_COMPLETE_BUY" ADD CONSTRAINT "DIRE_COMP_BUY_ID_PK" PRIMARY KEY ("DIRE_COMP_BUY_ID")
  USING INDEX PCTFREE 10 INITRANS 2 MAXTRANS 255 COMPUTE STATISTICS 
  STORAGE(INITIAL 65536 NEXT 1048576 MINEXTENTS 1 MAXEXTENTS 2147483645
  PCTINCREASE 0 FREELISTS 1 FREELIST GROUPS 1 BUFFER_POOL DEFAULT FLASH_CACHE DEFAULT CELL_FLASH_CACHE DEFAULT)
  TABLESPACE "SYSTEM"  ENABLE;
--------------------------------------------------------
--  Constraints for Table DIRE_COMPLETE_SELL
--------------------------------------------------------

  ALTER TABLE "COMFIT"."DIRE_COMPLETE_SELL" MODIFY ("SELL_COMP_DATE" NOT NULL ENABLE);
  ALTER TABLE "COMFIT"."DIRE_COMPLETE_SELL" ADD CONSTRAINT "DIRE_COMP_SELL_ID_PK" PRIMARY KEY ("DIRE_COMP_SELL_ID")
  USING INDEX PCTFREE 10 INITRANS 2 MAXTRANS 255 COMPUTE STATISTICS 
  STORAGE(INITIAL 65536 NEXT 1048576 MINEXTENTS 1 MAXEXTENTS 2147483645
  PCTINCREASE 0 FREELISTS 1 FREELIST GROUPS 1 BUFFER_POOL DEFAULT FLASH_CACHE DEFAULT CELL_FLASH_CACHE DEFAULT)
  TABLESPACE "SYSTEM"  ENABLE;
--------------------------------------------------------
--  Constraints for Table DIRE_PD_BANNED
--------------------------------------------------------

  ALTER TABLE "COMFIT"."DIRE_PD_BANNED" ADD CONSTRAINT "DIRE_PD_BAN_ID_PK" PRIMARY KEY ("BAN_ID")
  USING INDEX PCTFREE 10 INITRANS 2 MAXTRANS 255 COMPUTE STATISTICS 
  STORAGE(INITIAL 65536 NEXT 1048576 MINEXTENTS 1 MAXEXTENTS 2147483645
  PCTINCREASE 0 FREELISTS 1 FREELIST GROUPS 1 BUFFER_POOL DEFAULT FLASH_CACHE DEFAULT CELL_FLASH_CACHE DEFAULT)
  TABLESPACE "SYSTEM"  ENABLE;
  ALTER TABLE "COMFIT"."DIRE_PD_BANNED" MODIFY ("BAN_CATE_ID" NOT NULL ENABLE);
  ALTER TABLE "COMFIT"."DIRE_PD_BANNED" MODIFY ("REP_ID" NOT NULL ENABLE);
  ALTER TABLE "COMFIT"."DIRE_PD_BANNED" MODIFY ("BAN_DATE" NOT NULL ENABLE);
  ALTER TABLE "COMFIT"."DIRE_PD_BANNED" MODIFY ("BAN_ID" NOT NULL ENABLE);
--------------------------------------------------------
--  Constraints for Table DIRE_PD_REP_HANDLE
--------------------------------------------------------

  ALTER TABLE "COMFIT"."DIRE_PD_REP_HANDLE" ADD CONSTRAINT "DIRE_HANDLE_REP_ID_PK" PRIMARY KEY ("REP_ID")
  USING INDEX PCTFREE 10 INITRANS 2 MAXTRANS 255 COMPUTE STATISTICS 
  STORAGE(INITIAL 65536 NEXT 1048576 MINEXTENTS 1 MAXEXTENTS 2147483645
  PCTINCREASE 0 FREELISTS 1 FREELIST GROUPS 1 BUFFER_POOL DEFAULT FLASH_CACHE DEFAULT CELL_FLASH_CACHE DEFAULT)
  TABLESPACE "SYSTEM"  ENABLE;
  ALTER TABLE "COMFIT"."DIRE_PD_REP_HANDLE" MODIFY ("HAN_CATE_ID" NOT NULL ENABLE);
  ALTER TABLE "COMFIT"."DIRE_PD_REP_HANDLE" MODIFY ("AD_ID" NOT NULL ENABLE);
  ALTER TABLE "COMFIT"."DIRE_PD_REP_HANDLE" MODIFY ("REP_HAN_DATE" NOT NULL ENABLE);
  ALTER TABLE "COMFIT"."DIRE_PD_REP_HANDLE" MODIFY ("REP_ID" NOT NULL ENABLE);
--------------------------------------------------------
--  Constraints for Table DIRE_TA_BANNED
--------------------------------------------------------

  ALTER TABLE "COMFIT"."DIRE_TA_BANNED" ADD CONSTRAINT "DIRE_TA_BAN_ID_PK" PRIMARY KEY ("BAN_ID")
  USING INDEX PCTFREE 10 INITRANS 2 MAXTRANS 255 COMPUTE STATISTICS 
  STORAGE(INITIAL 65536 NEXT 1048576 MINEXTENTS 1 MAXEXTENTS 2147483645
  PCTINCREASE 0 FREELISTS 1 FREELIST GROUPS 1 BUFFER_POOL DEFAULT FLASH_CACHE DEFAULT CELL_FLASH_CACHE DEFAULT)
  TABLESPACE "SYSTEM"  ENABLE;
  ALTER TABLE "COMFIT"."DIRE_TA_BANNED" MODIFY ("BAN_REA_DETAIL" NOT NULL ENABLE);
--------------------------------------------------------
--  Constraints for Table DIRE_TA_REP_HANDLE
--------------------------------------------------------

  ALTER TABLE "COMFIT"."DIRE_TA_REP_HANDLE" ADD CONSTRAINT "DIRETA_REP_ID_PK" PRIMARY KEY ("REP_ID")
  USING INDEX PCTFREE 10 INITRANS 2 MAXTRANS 255 COMPUTE STATISTICS 
  STORAGE(INITIAL 65536 NEXT 1048576 MINEXTENTS 1 MAXEXTENTS 2147483645
  PCTINCREASE 0 FREELISTS 1 FREELIST GROUPS 1 BUFFER_POOL DEFAULT FLASH_CACHE DEFAULT CELL_FLASH_CACHE DEFAULT)
  TABLESPACE "SYSTEM"  ENABLE;
--------------------------------------------------------
--  Constraints for Table FAQ
--------------------------------------------------------

  ALTER TABLE "COMFIT"."FAQ" ADD CONSTRAINT "FAQ_ID_PK" PRIMARY KEY ("FAQ_ID")
  USING INDEX PCTFREE 10 INITRANS 2 MAXTRANS 255 COMPUTE STATISTICS 
  STORAGE(INITIAL 65536 NEXT 1048576 MINEXTENTS 1 MAXEXTENTS 2147483645
  PCTINCREASE 0 FREELISTS 1 FREELIST GROUPS 1 BUFFER_POOL DEFAULT FLASH_CACHE DEFAULT CELL_FLASH_CACHE DEFAULT)
  TABLESPACE "SYSTEM"  ENABLE;
  ALTER TABLE "COMFIT"."FAQ" MODIFY ("FAQ_CONTENTS" NOT NULL ENABLE);
  ALTER TABLE "COMFIT"."FAQ" MODIFY ("FAQ_TITLE" NOT NULL ENABLE);
--------------------------------------------------------
--  Constraints for Table INPUT_MONEY
--------------------------------------------------------

  ALTER TABLE "COMFIT"."INPUT_MONEY" ADD CONSTRAINT "IN_M_ID_PK" PRIMARY KEY ("IN_M_ID")
  USING INDEX PCTFREE 10 INITRANS 2 MAXTRANS 255 COMPUTE STATISTICS 
  STORAGE(INITIAL 65536 NEXT 1048576 MINEXTENTS 1 MAXEXTENTS 2147483645
  PCTINCREASE 0 FREELISTS 1 FREELIST GROUPS 1 BUFFER_POOL DEFAULT FLASH_CACHE DEFAULT CELL_FLASH_CACHE DEFAULT)
  TABLESPACE "SYSTEM"  ENABLE;
  ALTER TABLE "COMFIT"."INPUT_MONEY" MODIFY ("BANK_ID" NOT NULL ENABLE);
  ALTER TABLE "COMFIT"."INPUT_MONEY" MODIFY ("U_ID" NOT NULL ENABLE);
  ALTER TABLE "COMFIT"."INPUT_MONEY" MODIFY ("IN_ACCOUNT" NOT NULL ENABLE);
  ALTER TABLE "COMFIT"."INPUT_MONEY" MODIFY ("IN_DATE" NOT NULL ENABLE);
  ALTER TABLE "COMFIT"."INPUT_MONEY" MODIFY ("IN_MONEY" NOT NULL ENABLE);
  ALTER TABLE "COMFIT"."INPUT_MONEY" MODIFY ("IN_M_ID" NOT NULL ENABLE);
--------------------------------------------------------
--  Constraints for Table OUTPUT_MONEY
--------------------------------------------------------

  ALTER TABLE "COMFIT"."OUTPUT_MONEY" ADD CONSTRAINT "OUT_M_ID_PK" PRIMARY KEY ("OUT_M_ID")
  USING INDEX PCTFREE 10 INITRANS 2 MAXTRANS 255 COMPUTE STATISTICS 
  STORAGE(INITIAL 65536 NEXT 1048576 MINEXTENTS 1 MAXEXTENTS 2147483645
  PCTINCREASE 0 FREELISTS 1 FREELIST GROUPS 1 BUFFER_POOL DEFAULT FLASH_CACHE DEFAULT CELL_FLASH_CACHE DEFAULT)
  TABLESPACE "SYSTEM"  ENABLE;
  ALTER TABLE "COMFIT"."OUTPUT_MONEY" MODIFY ("BANK_ID" NOT NULL ENABLE);
  ALTER TABLE "COMFIT"."OUTPUT_MONEY" MODIFY ("U_ID" NOT NULL ENABLE);
  ALTER TABLE "COMFIT"."OUTPUT_MONEY" MODIFY ("OUT_ACCOUNT" NOT NULL ENABLE);
  ALTER TABLE "COMFIT"."OUTPUT_MONEY" MODIFY ("OUT_DATE" NOT NULL ENABLE);
  ALTER TABLE "COMFIT"."OUTPUT_MONEY" MODIFY ("OUT_MONEY" NOT NULL ENABLE);
  ALTER TABLE "COMFIT"."OUTPUT_MONEY" MODIFY ("OUT_M_ID" NOT NULL ENABLE);
--------------------------------------------------------
--  Constraints for Table PD_REP_CATEGORY
--------------------------------------------------------

  ALTER TABLE "COMFIT"."PD_REP_CATEGORY" ADD CONSTRAINT "PD_REP_CID_PK" PRIMARY KEY ("PD_REP_CID")
  USING INDEX PCTFREE 10 INITRANS 2 MAXTRANS 255 COMPUTE STATISTICS 
  STORAGE(INITIAL 65536 NEXT 1048576 MINEXTENTS 1 MAXEXTENTS 2147483645
  PCTINCREASE 0 FREELISTS 1 FREELIST GROUPS 1 BUFFER_POOL DEFAULT FLASH_CACHE DEFAULT CELL_FLASH_CACHE DEFAULT)
  TABLESPACE "SYSTEM"  ENABLE;
  ALTER TABLE "COMFIT"."PD_REP_CATEGORY" MODIFY ("REP_CATE_NAME" NOT NULL ENABLE);
--------------------------------------------------------
--  Constraints for Table PRODUCT_AS
--------------------------------------------------------

  ALTER TABLE "COMFIT"."PRODUCT_AS" ADD CONSTRAINT "PD_AS_ID_PK" PRIMARY KEY ("PD_AS_ID")
  USING INDEX PCTFREE 10 INITRANS 2 MAXTRANS 255 COMPUTE STATISTICS 
  STORAGE(INITIAL 65536 NEXT 1048576 MINEXTENTS 1 MAXEXTENTS 2147483645
  PCTINCREASE 0 FREELISTS 1 FREELIST GROUPS 1 BUFFER_POOL DEFAULT FLASH_CACHE DEFAULT CELL_FLASH_CACHE DEFAULT)
  TABLESPACE "SYSTEM"  ENABLE;
  ALTER TABLE "COMFIT"."PRODUCT_AS" MODIFY ("PD_AS_NAME" NOT NULL ENABLE);
--------------------------------------------------------
--  Constraints for Table PRODUCT_CATEGORY
--------------------------------------------------------

  ALTER TABLE "COMFIT"."PRODUCT_CATEGORY" ADD CONSTRAINT "PD_CATEGORY_ID_PK" PRIMARY KEY ("PD_CATEGORY_ID")
  USING INDEX PCTFREE 10 INITRANS 2 MAXTRANS 255 COMPUTE STATISTICS 
  STORAGE(INITIAL 65536 NEXT 1048576 MINEXTENTS 1 MAXEXTENTS 2147483645
  PCTINCREASE 0 FREELISTS 1 FREELIST GROUPS 1 BUFFER_POOL DEFAULT FLASH_CACHE DEFAULT CELL_FLASH_CACHE DEFAULT)
  TABLESPACE "SYSTEM"  ENABLE;
  ALTER TABLE "COMFIT"."PRODUCT_CATEGORY" MODIFY ("CATEGORY_NAME" NOT NULL ENABLE);
--------------------------------------------------------
--  Constraints for Table PRODUCT_MAKER
--------------------------------------------------------

  ALTER TABLE "COMFIT"."PRODUCT_MAKER" MODIFY ("PD_CATEGORY_ID" NOT NULL ENABLE);
  ALTER TABLE "COMFIT"."PRODUCT_MAKER" ADD CONSTRAINT "PD_MAKER_ID_PK" PRIMARY KEY ("PD_MAKER_ID")
  USING INDEX PCTFREE 10 INITRANS 2 MAXTRANS 255 COMPUTE STATISTICS 
  STORAGE(INITIAL 65536 NEXT 1048576 MINEXTENTS 1 MAXEXTENTS 2147483645
  PCTINCREASE 0 FREELISTS 1 FREELIST GROUPS 1 BUFFER_POOL DEFAULT FLASH_CACHE DEFAULT CELL_FLASH_CACHE DEFAULT)
  TABLESPACE "SYSTEM"  ENABLE;
  ALTER TABLE "COMFIT"."PRODUCT_MAKER" MODIFY ("MAKER_NAME2" NOT NULL ENABLE);
  ALTER TABLE "COMFIT"."PRODUCT_MAKER" MODIFY ("MAKER_NAME" NOT NULL ENABLE);
--------------------------------------------------------
--  Constraints for Table REPORTER_CATEGORY
--------------------------------------------------------

  ALTER TABLE "COMFIT"."REPORTER_CATEGORY" ADD CONSTRAINT "REPORTER_ID_PK" PRIMARY KEY ("REPORTER_ID")
  USING INDEX PCTFREE 10 INITRANS 2 MAXTRANS 255 COMPUTE STATISTICS 
  STORAGE(INITIAL 65536 NEXT 1048576 MINEXTENTS 1 MAXEXTENTS 2147483645
  PCTINCREASE 0 FREELISTS 1 FREELIST GROUPS 1 BUFFER_POOL DEFAULT FLASH_CACHE DEFAULT CELL_FLASH_CACHE DEFAULT)
  TABLESPACE "SYSTEM"  ENABLE;
  ALTER TABLE "COMFIT"."REPORTER_CATEGORY" MODIFY ("REPORTER_PROP" NOT NULL ENABLE);
--------------------------------------------------------
--  Constraints for Table REP_HANDLE_CATEGORY
--------------------------------------------------------

  ALTER TABLE "COMFIT"."REP_HANDLE_CATEGORY" ADD CONSTRAINT "HAN_CATE_ID" PRIMARY KEY ("HAN_CATE_ID")
  USING INDEX PCTFREE 10 INITRANS 2 MAXTRANS 255 COMPUTE STATISTICS 
  STORAGE(INITIAL 65536 NEXT 1048576 MINEXTENTS 1 MAXEXTENTS 2147483645
  PCTINCREASE 0 FREELISTS 1 FREELIST GROUPS 1 BUFFER_POOL DEFAULT FLASH_CACHE DEFAULT CELL_FLASH_CACHE DEFAULT)
  TABLESPACE "SYSTEM"  ENABLE;
  ALTER TABLE "COMFIT"."REP_HANDLE_CATEGORY" MODIFY ("HAN_CATE_NAME" NOT NULL ENABLE);
--------------------------------------------------------
--  Constraints for Table SELECTED
--------------------------------------------------------

  ALTER TABLE "COMFIT"."SELECTED" MODIFY ("SELECTED_DATE" NOT NULL ENABLE);
  ALTER TABLE "COMFIT"."SELECTED" MODIFY ("ALARM_CODE" NOT NULL ENABLE);
  ALTER TABLE "COMFIT"."SELECTED" ADD CONSTRAINT "SELECTED_ID_PK" PRIMARY KEY ("SELECTED_ID")
  USING INDEX PCTFREE 10 INITRANS 2 MAXTRANS 255 COMPUTE STATISTICS 
  STORAGE(INITIAL 65536 NEXT 1048576 MINEXTENTS 1 MAXEXTENTS 2147483645
  PCTINCREASE 0 FREELISTS 1 FREELIST GROUPS 1 BUFFER_POOL DEFAULT FLASH_CACHE DEFAULT CELL_FLASH_CACHE DEFAULT)
  TABLESPACE "SYSTEM"  ENABLE;
  ALTER TABLE "COMFIT"."SELECTED" MODIFY ("SELLER_CODE" NOT NULL ENABLE);
  ALTER TABLE "COMFIT"."SELECTED" MODIFY ("BUYER_CODE" NOT NULL ENABLE);
--------------------------------------------------------
--  Constraints for Table SUGGEST_LIST
--------------------------------------------------------

  ALTER TABLE "COMFIT"."SUGGEST_LIST" MODIFY ("SUGGEST_DATE" NOT NULL ENABLE);
  ALTER TABLE "COMFIT"."SUGGEST_LIST" MODIFY ("ALARM_CODE" NOT NULL ENABLE);
  ALTER TABLE "COMFIT"."SUGGEST_LIST" ADD CONSTRAINT "SUGGEST_CODE_PK" PRIMARY KEY ("SUGGEST_CODE")
  USING INDEX PCTFREE 10 INITRANS 2 MAXTRANS 255 COMPUTE STATISTICS 
  STORAGE(INITIAL 65536 NEXT 1048576 MINEXTENTS 1 MAXEXTENTS 2147483645
  PCTINCREASE 0 FREELISTS 1 FREELIST GROUPS 1 BUFFER_POOL DEFAULT FLASH_CACHE DEFAULT CELL_FLASH_CACHE DEFAULT)
  TABLESPACE "SYSTEM"  ENABLE;
  ALTER TABLE "COMFIT"."SUGGEST_LIST" MODIFY ("PLACE_DETAIL" NOT NULL ENABLE);
  ALTER TABLE "COMFIT"."SUGGEST_LIST" MODIFY ("SUGGEST_PLACE" NOT NULL ENABLE);
  ALTER TABLE "COMFIT"."SUGGEST_LIST" MODIFY ("SUGGEST_TIME" NOT NULL ENABLE);
  ALTER TABLE "COMFIT"."SUGGEST_LIST" MODIFY ("SUGGEST_PRICE" NOT NULL ENABLE);
--------------------------------------------------------
--  Constraints for Table TRANS_REP_CATEGORY
--------------------------------------------------------

  ALTER TABLE "COMFIT"."TRANS_REP_CATEGORY" ADD CONSTRAINT "TRANS_REP_CID_PK" PRIMARY KEY ("TRANS_REP_CID")
  USING INDEX PCTFREE 10 INITRANS 2 MAXTRANS 255 COMPUTE STATISTICS 
  STORAGE(INITIAL 65536 NEXT 1048576 MINEXTENTS 1 MAXEXTENTS 2147483645
  PCTINCREASE 0 FREELISTS 1 FREELIST GROUPS 1 BUFFER_POOL DEFAULT FLASH_CACHE DEFAULT CELL_FLASH_CACHE DEFAULT)
  TABLESPACE "SYSTEM"  ENABLE;
  ALTER TABLE "COMFIT"."TRANS_REP_CATEGORY" MODIFY ("REP_CATE_NAME" NOT NULL ENABLE);
--------------------------------------------------------
--  Constraints for Table USER_EMAIL_AUTH
--------------------------------------------------------

  ALTER TABLE "COMFIT"."USER_EMAIL_AUTH" ADD CONSTRAINT "E_AUTH_ID_PK" PRIMARY KEY ("E_AUTH_ID")
  USING INDEX PCTFREE 10 INITRANS 2 MAXTRANS 255 COMPUTE STATISTICS 
  STORAGE(INITIAL 65536 NEXT 1048576 MINEXTENTS 1 MAXEXTENTS 2147483645
  PCTINCREASE 0 FREELISTS 1 FREELIST GROUPS 1 BUFFER_POOL DEFAULT FLASH_CACHE DEFAULT CELL_FLASH_CACHE DEFAULT)
  TABLESPACE "SYSTEM"  ENABLE;
--------------------------------------------------------
--  Constraints for Table USER_INFORMATION
--------------------------------------------------------

  ALTER TABLE "COMFIT"."USER_INFORMATION" ADD CONSTRAINT "U_INFO_NICKNAME_UK" UNIQUE ("U_NICKNAME")
  USING INDEX PCTFREE 10 INITRANS 2 MAXTRANS 255 COMPUTE STATISTICS 
  STORAGE(INITIAL 65536 NEXT 1048576 MINEXTENTS 1 MAXEXTENTS 2147483645
  PCTINCREASE 0 FREELISTS 1 FREELIST GROUPS 1 BUFFER_POOL DEFAULT FLASH_CACHE DEFAULT CELL_FLASH_CACHE DEFAULT)
  TABLESPACE "SYSTEM"  ENABLE;
  ALTER TABLE "COMFIT"."USER_INFORMATION" ADD CONSTRAINT "U_INFO_EMAIL_PK" PRIMARY KEY ("U_EMAIL")
  USING INDEX PCTFREE 10 INITRANS 2 MAXTRANS 255 COMPUTE STATISTICS 
  STORAGE(INITIAL 65536 NEXT 1048576 MINEXTENTS 1 MAXEXTENTS 2147483645
  PCTINCREASE 0 FREELISTS 1 FREELIST GROUPS 1 BUFFER_POOL DEFAULT FLASH_CACHE DEFAULT CELL_FLASH_CACHE DEFAULT)
  TABLESPACE "SYSTEM"  ENABLE;
  ALTER TABLE "COMFIT"."USER_INFORMATION" MODIFY ("U_JOINDATE" NOT NULL ENABLE);
  ALTER TABLE "COMFIT"."USER_INFORMATION" MODIFY ("U_NICKNAME" NOT NULL ENABLE);
  ALTER TABLE "COMFIT"."USER_INFORMATION" MODIFY ("U_TEL" NOT NULL ENABLE);
  ALTER TABLE "COMFIT"."USER_INFORMATION" MODIFY ("U_PASSWORD" NOT NULL ENABLE);
  ALTER TABLE "COMFIT"."USER_INFORMATION" MODIFY ("U_ADDRESS" NOT NULL ENABLE);
  ALTER TABLE "COMFIT"."USER_INFORMATION" MODIFY ("U_NAME" NOT NULL ENABLE);
  ALTER TABLE "COMFIT"."USER_INFORMATION" MODIFY ("U_EMAIL" NOT NULL ENABLE);
--------------------------------------------------------
--  Constraints for Table USER_INFORMATION_BACKUP
--------------------------------------------------------

  ALTER TABLE "COMFIT"."USER_INFORMATION_BACKUP" ADD CONSTRAINT "U_INFO_BACKUP_NICKNAME_UK" UNIQUE ("U_NICKNAME")
  USING INDEX PCTFREE 10 INITRANS 2 MAXTRANS 255 COMPUTE STATISTICS 
  STORAGE(INITIAL 65536 NEXT 1048576 MINEXTENTS 1 MAXEXTENTS 2147483645
  PCTINCREASE 0 FREELISTS 1 FREELIST GROUPS 1 BUFFER_POOL DEFAULT FLASH_CACHE DEFAULT CELL_FLASH_CACHE DEFAULT)
  TABLESPACE "SYSTEM"  ENABLE;
  ALTER TABLE "COMFIT"."USER_INFORMATION_BACKUP" ADD CONSTRAINT "U_INFO_BACKUP_EMAIL_PK" PRIMARY KEY ("U_EMAIL")
  USING INDEX PCTFREE 10 INITRANS 2 MAXTRANS 255 COMPUTE STATISTICS 
  STORAGE(INITIAL 65536 NEXT 1048576 MINEXTENTS 1 MAXEXTENTS 2147483645
  PCTINCREASE 0 FREELISTS 1 FREELIST GROUPS 1 BUFFER_POOL DEFAULT FLASH_CACHE DEFAULT CELL_FLASH_CACHE DEFAULT)
  TABLESPACE "SYSTEM"  ENABLE;
  ALTER TABLE "COMFIT"."USER_INFORMATION_BACKUP" MODIFY ("U_EXITDATE" NOT NULL ENABLE);
  ALTER TABLE "COMFIT"."USER_INFORMATION_BACKUP" MODIFY ("U_JOINDATE" NOT NULL ENABLE);
  ALTER TABLE "COMFIT"."USER_INFORMATION_BACKUP" MODIFY ("U_NICKNAME" NOT NULL ENABLE);
  ALTER TABLE "COMFIT"."USER_INFORMATION_BACKUP" MODIFY ("U_TEL" NOT NULL ENABLE);
  ALTER TABLE "COMFIT"."USER_INFORMATION_BACKUP" MODIFY ("U_PASSWORD" NOT NULL ENABLE);
  ALTER TABLE "COMFIT"."USER_INFORMATION_BACKUP" MODIFY ("U_ADDRESS" NOT NULL ENABLE);
  ALTER TABLE "COMFIT"."USER_INFORMATION_BACKUP" MODIFY ("U_NAME" NOT NULL ENABLE);
  ALTER TABLE "COMFIT"."USER_INFORMATION_BACKUP" MODIFY ("U_EMAIL" NOT NULL ENABLE);
--------------------------------------------------------
--  Constraints for Table USER_PICK_DELIVERY
--------------------------------------------------------

  ALTER TABLE "COMFIT"."USER_PICK_DELIVERY" MODIFY ("DELI_PD_ID" NOT NULL ENABLE);
  ALTER TABLE "COMFIT"."USER_PICK_DELIVERY" MODIFY ("U_ID" NOT NULL ENABLE);
  ALTER TABLE "COMFIT"."USER_PICK_DELIVERY" MODIFY ("PICK_DATE" NOT NULL ENABLE);
  ALTER TABLE "COMFIT"."USER_PICK_DELIVERY" ADD CONSTRAINT "DELI_PICK_ID_PK" PRIMARY KEY ("DELI_PICK_ID")
  USING INDEX PCTFREE 10 INITRANS 2 MAXTRANS 255 COMPUTE STATISTICS 
  STORAGE(INITIAL 65536 NEXT 1048576 MINEXTENTS 1 MAXEXTENTS 2147483645
  PCTINCREASE 0 FREELISTS 1 FREELIST GROUPS 1 BUFFER_POOL DEFAULT FLASH_CACHE DEFAULT CELL_FLASH_CACHE DEFAULT)
  TABLESPACE "SYSTEM"  ENABLE;
--------------------------------------------------------
--  Constraints for Table USER_PICK_DIRECT
--------------------------------------------------------

  ALTER TABLE "COMFIT"."USER_PICK_DIRECT" MODIFY ("DIRE_PD_ID" NOT NULL ENABLE);
  ALTER TABLE "COMFIT"."USER_PICK_DIRECT" MODIFY ("U_ID" NOT NULL ENABLE);
  ALTER TABLE "COMFIT"."USER_PICK_DIRECT" MODIFY ("PICK_DATE" NOT NULL ENABLE);
  ALTER TABLE "COMFIT"."USER_PICK_DIRECT" ADD CONSTRAINT "DIRE_PICK_ID_PK" PRIMARY KEY ("DIRE_PICK_ID")
  USING INDEX PCTFREE 10 INITRANS 2 MAXTRANS 255 COMPUTE STATISTICS 
  STORAGE(INITIAL 65536 NEXT 1048576 MINEXTENTS 1 MAXEXTENTS 2147483645
  PCTINCREASE 0 FREELISTS 1 FREELIST GROUPS 1 BUFFER_POOL DEFAULT FLASH_CACHE DEFAULT CELL_FLASH_CACHE DEFAULT)
  TABLESPACE "SYSTEM"  ENABLE;
--------------------------------------------------------
--  Ref Constraints for Table ANNOUNCE
--------------------------------------------------------

  ALTER TABLE "COMFIT"."ANNOUNCE" ADD CONSTRAINT "ANOUN_CATE_FK" FOREIGN KEY ("ANOUN_CATE_ID")
	  REFERENCES "COMFIT"."ANNOUNCE_CATEGORY" ("ANOUN_CATE_ID") ENABLE;
--------------------------------------------------------
--  Ref Constraints for Table ASK
--------------------------------------------------------

  ALTER TABLE "COMFIT"."ASK" ADD CONSTRAINT "ASK_CATE_ID" FOREIGN KEY ("ASK_CATE_ID")
	  REFERENCES "COMFIT"."ASK_CATEGORY" ("ASK_CATE_ID") ENABLE;
  ALTER TABLE "COMFIT"."ASK" ADD CONSTRAINT "ASK_U_ID_FK" FOREIGN KEY ("U_ID")
	  REFERENCES "COMFIT"."COMFIT_USER" ("U_ID") ENABLE;
  ALTER TABLE "COMFIT"."ASK" ADD FOREIGN KEY ("ALARM_CODE")
	  REFERENCES "COMFIT"."ALARM_OK" ("ALARM_CODE") ENABLE;
--------------------------------------------------------
--  Ref Constraints for Table ASK_ANSWER
--------------------------------------------------------

  ALTER TABLE "COMFIT"."ASK_ANSWER" ADD CONSTRAINT "ANSWER_AD_ID_FK" FOREIGN KEY ("AD_ID")
	  REFERENCES "COMFIT"."ADMIN" ("AD_ID") ENABLE;
  ALTER TABLE "COMFIT"."ASK_ANSWER" ADD CONSTRAINT "ANSWER_ASK_ID_FK" FOREIGN KEY ("ASK_ID")
	  REFERENCES "COMFIT"."ASK" ("ASK_ID") ENABLE;
--------------------------------------------------------
--  Ref Constraints for Table BID_LIST
--------------------------------------------------------

  ALTER TABLE "COMFIT"."BID_LIST" ADD CONSTRAINT "BID_DELI_PD_ID" FOREIGN KEY ("DELI_PD_ID")
	  REFERENCES "COMFIT"."DELIVERY_PRODUCT" ("DELI_PD_ID") ENABLE;
  ALTER TABLE "COMFIT"."BID_LIST" ADD CONSTRAINT "BID_U_ID_FK" FOREIGN KEY ("U_ID")
	  REFERENCES "COMFIT"."COMFIT_USER" ("U_ID") ENABLE;
  ALTER TABLE "COMFIT"."BID_LIST" ADD FOREIGN KEY ("ALARM_CODE")
	  REFERENCES "COMFIT"."ALARM_OK" ("ALARM_CODE") ENABLE;
--------------------------------------------------------
--  Ref Constraints for Table BID_SUCCESS
--------------------------------------------------------

  ALTER TABLE "COMFIT"."BID_SUCCESS" ADD CONSTRAINT "BID_CODE" FOREIGN KEY ("BID_CODE")
	  REFERENCES "COMFIT"."BID_LIST" ("BID_CODE") ENABLE;
  ALTER TABLE "COMFIT"."BID_SUCCESS" ADD CONSTRAINT "B_ALARM_CODE_FK" FOREIGN KEY ("ALARM_CODE")
	  REFERENCES "COMFIT"."ALARM_OK" ("ALARM_CODE") ENABLE;
--------------------------------------------------------
--  Ref Constraints for Table DELIVERY_PD_REPORT
--------------------------------------------------------

  ALTER TABLE "COMFIT"."DELIVERY_PD_REPORT" ADD CONSTRAINT "DELI_PD_ID_FK" FOREIGN KEY ("DELI_PD_ID")
	  REFERENCES "COMFIT"."DELIVERY_PRODUCT" ("DELI_PD_ID") ENABLE;
  ALTER TABLE "COMFIT"."DELIVERY_PD_REPORT" ADD CONSTRAINT "DELI_PD_U_ID_FK" FOREIGN KEY ("U_ID")
	  REFERENCES "COMFIT"."COMFIT_USER" ("U_ID") ENABLE;
  ALTER TABLE "COMFIT"."DELIVERY_PD_REPORT" ADD CONSTRAINT "PD_REP_CID_FK" FOREIGN KEY ("PD_REP_CID")
	  REFERENCES "COMFIT"."PD_REP_CATEGORY" ("PD_REP_CID") ENABLE;
--------------------------------------------------------
--  Ref Constraints for Table DELIVERY_PRODUCT
--------------------------------------------------------

  ALTER TABLE "COMFIT"."DELIVERY_PRODUCT" ADD CONSTRAINT "PD_AS_ID_FK" FOREIGN KEY ("PD_AS_ID")
	  REFERENCES "COMFIT"."PRODUCT_AS" ("PD_AS_ID") ENABLE;
  ALTER TABLE "COMFIT"."DELIVERY_PRODUCT" ADD CONSTRAINT "PD_MAKER_ID_FK" FOREIGN KEY ("PD_MAKER_ID")
	  REFERENCES "COMFIT"."PRODUCT_MAKER" ("PD_MAKER_ID") ENABLE;
  ALTER TABLE "COMFIT"."DELIVERY_PRODUCT" ADD CONSTRAINT "U_ID_FK" FOREIGN KEY ("U_ID")
	  REFERENCES "COMFIT"."COMFIT_USER" ("U_ID") ENABLE;
--------------------------------------------------------
--  Ref Constraints for Table DELIVERY_TA_REPORT
--------------------------------------------------------

  ALTER TABLE "COMFIT"."DELIVERY_TA_REPORT" ADD CONSTRAINT "DELI_BS_ID_FK" FOREIGN KEY ("BS_ID")
	  REFERENCES "COMFIT"."BID_SUCCESS" ("BS_ID") ENABLE;
  ALTER TABLE "COMFIT"."DELIVERY_TA_REPORT" ADD CONSTRAINT "DELI_REPORTER_ID_FK" FOREIGN KEY ("REPORTER_ID")
	  REFERENCES "COMFIT"."REPORTER_CATEGORY" ("REPORTER_ID") ENABLE;
  ALTER TABLE "COMFIT"."DELIVERY_TA_REPORT" ADD CONSTRAINT "DELI_TRANS_REP_CID_FK" FOREIGN KEY ("TRANS_REP_CID")
	  REFERENCES "COMFIT"."TRANS_REP_CATEGORY" ("TRANS_REP_CID") ENABLE;
--------------------------------------------------------
--  Ref Constraints for Table DELI_COMPLETE_BUY
--------------------------------------------------------

  ALTER TABLE "COMFIT"."DELI_COMPLETE_BUY" ADD CONSTRAINT "DELI_BS_ID" FOREIGN KEY ("BS_ID")
	  REFERENCES "COMFIT"."BID_SUCCESS" ("BS_ID") ENABLE;
--------------------------------------------------------
--  Ref Constraints for Table DELI_COMPLETE_SELL
--------------------------------------------------------

  ALTER TABLE "COMFIT"."DELI_COMPLETE_SELL" ADD CONSTRAINT "DCS_BS_ID_FK" FOREIGN KEY ("BS_ID")
	  REFERENCES "COMFIT"."BID_SUCCESS" ("BS_ID") ENABLE;
--------------------------------------------------------
--  Ref Constraints for Table DELI_PD_BANNED
--------------------------------------------------------

  ALTER TABLE "COMFIT"."DELI_PD_BANNED" ADD CONSTRAINT "DELI_PD_BAN_CATE_ID_FK" FOREIGN KEY ("BAN_CATE_ID")
	  REFERENCES "COMFIT"."BAN_CATEGORY" ("BAN_CATE_ID") ENABLE;
  ALTER TABLE "COMFIT"."DELI_PD_BANNED" ADD CONSTRAINT "DELI_PD_REP_ID_FK" FOREIGN KEY ("REP_ID")
	  REFERENCES "COMFIT"."DELI_PD_REP_HANDLE" ("REP_ID") ENABLE;
--------------------------------------------------------
--  Ref Constraints for Table DELI_PD_REP_HANDLE
--------------------------------------------------------

  ALTER TABLE "COMFIT"."DELI_PD_REP_HANDLE" ADD CONSTRAINT "DELI_HANDLE_ADMIN_ID_FK" FOREIGN KEY ("AD_ID")
	  REFERENCES "COMFIT"."ADMIN" ("AD_ID") ENABLE;
  ALTER TABLE "COMFIT"."DELI_PD_REP_HANDLE" ADD CONSTRAINT "DELI_HANDLE_CATE_ID_FK" FOREIGN KEY ("HAN_CATE_ID")
	  REFERENCES "COMFIT"."REP_HANDLE_CATEGORY" ("HAN_CATE_ID") ENABLE;
  ALTER TABLE "COMFIT"."DELI_PD_REP_HANDLE" ADD CONSTRAINT "DELI_HANDLE_REP_ID_FK" FOREIGN KEY ("REP_ID")
	  REFERENCES "COMFIT"."DELIVERY_PD_REPORT" ("REP_ID") ENABLE;
--------------------------------------------------------
--  Ref Constraints for Table DELI_TA_BANNED
--------------------------------------------------------

  ALTER TABLE "COMFIT"."DELI_TA_BANNED" ADD CONSTRAINT "DELITA_REP_ID_FK" FOREIGN KEY ("REP_ID")
	  REFERENCES "COMFIT"."DELIVERY_TA_REPORT" ("REP_ID") ENABLE;
  ALTER TABLE "COMFIT"."DELI_TA_BANNED" ADD CONSTRAINT "DELI_TA_BAN_CATE_ID" FOREIGN KEY ("BAN_CATE_ID")
	  REFERENCES "COMFIT"."BAN_CATEGORY" ("BAN_CATE_ID") ENABLE;
--------------------------------------------------------
--  Ref Constraints for Table DELI_TA_REP_HANDLE
--------------------------------------------------------

  ALTER TABLE "COMFIT"."DELI_TA_REP_HANDLE" ADD CONSTRAINT "DELI_TA_AD_ID_FK" FOREIGN KEY ("AD_ID")
	  REFERENCES "COMFIT"."ADMIN" ("AD_ID") ENABLE;
  ALTER TABLE "COMFIT"."DELI_TA_REP_HANDLE" ADD CONSTRAINT "DELI_TA_HAN_CATE_ID_FK" FOREIGN KEY ("HAN_CATE_ID")
	  REFERENCES "COMFIT"."REP_HANDLE_CATEGORY" ("HAN_CATE_ID") ENABLE;
  ALTER TABLE "COMFIT"."DELI_TA_REP_HANDLE" ADD CONSTRAINT "DELI_TA_REP_ID_FK" FOREIGN KEY ("REP_ID")
	  REFERENCES "COMFIT"."DELIVERY_TA_REPORT" ("REP_ID") ENABLE;
--------------------------------------------------------
--  Ref Constraints for Table DIRECT_PD_REPORT
--------------------------------------------------------

  ALTER TABLE "COMFIT"."DIRECT_PD_REPORT" ADD CONSTRAINT "DIRE_PD_ID_FK" FOREIGN KEY ("DIRE_PD_ID")
	  REFERENCES "COMFIT"."DIRECT_PRODUCT" ("DIRE_PD_ID") ENABLE;
  ALTER TABLE "COMFIT"."DIRECT_PD_REPORT" ADD CONSTRAINT "DIRE_PD_REP_CID_FK" FOREIGN KEY ("PD_REP_CID")
	  REFERENCES "COMFIT"."PD_REP_CATEGORY" ("PD_REP_CID") ENABLE;
  ALTER TABLE "COMFIT"."DIRECT_PD_REPORT" ADD CONSTRAINT "DIRE_PD_U_ID_FK" FOREIGN KEY ("U_ID")
	  REFERENCES "COMFIT"."COMFIT_USER" ("U_ID") ENABLE;
--------------------------------------------------------
--  Ref Constraints for Table DIRECT_PRODUCT
--------------------------------------------------------

  ALTER TABLE "COMFIT"."DIRECT_PRODUCT" ADD CONSTRAINT "DIRE_PD_AS_ID_FK" FOREIGN KEY ("PD_AS_ID")
	  REFERENCES "COMFIT"."PRODUCT_AS" ("PD_AS_ID") ENABLE;
  ALTER TABLE "COMFIT"."DIRECT_PRODUCT" ADD CONSTRAINT "DIRE_PD_MAKER_ID_FK" FOREIGN KEY ("PD_MAKER_ID")
	  REFERENCES "COMFIT"."PRODUCT_MAKER" ("PD_MAKER_ID") ENABLE;
  ALTER TABLE "COMFIT"."DIRECT_PRODUCT" ADD CONSTRAINT "DIRE_U_ID_FK" FOREIGN KEY ("U_ID")
	  REFERENCES "COMFIT"."COMFIT_USER" ("U_ID") ENABLE;
--------------------------------------------------------
--  Ref Constraints for Table DIRECT_TA_REPORT
--------------------------------------------------------

  ALTER TABLE "COMFIT"."DIRECT_TA_REPORT" ADD CONSTRAINT "DIRE_REPORTER_ID_FK" FOREIGN KEY ("REPORTER_ID")
	  REFERENCES "COMFIT"."REPORTER_CATEGORY" ("REPORTER_ID") ENABLE;
  ALTER TABLE "COMFIT"."DIRECT_TA_REPORT" ADD CONSTRAINT "DIRE_SELECTED_ID_FK" FOREIGN KEY ("SELECTED_ID")
	  REFERENCES "COMFIT"."SELECTED" ("SELECTED_ID") ENABLE;
  ALTER TABLE "COMFIT"."DIRECT_TA_REPORT" ADD CONSTRAINT "DIRE_TRANS_REP_CID_FK" FOREIGN KEY ("TRANS_REP_CID")
	  REFERENCES "COMFIT"."TRANS_REP_CATEGORY" ("TRANS_REP_CID") ENABLE;
--------------------------------------------------------
--  Ref Constraints for Table DIRE_COMPLETE_BUY
--------------------------------------------------------

  ALTER TABLE "COMFIT"."DIRE_COMPLETE_BUY" ADD CONSTRAINT "DCB_SELECTED_ID" FOREIGN KEY ("SELECTED_ID")
	  REFERENCES "COMFIT"."SELECTED" ("SELECTED_ID") ENABLE;
--------------------------------------------------------
--  Ref Constraints for Table DIRE_COMPLETE_SELL
--------------------------------------------------------

  ALTER TABLE "COMFIT"."DIRE_COMPLETE_SELL" ADD CONSTRAINT "DCS_SELECTED_ID_FK" FOREIGN KEY ("SELECTED_ID")
	  REFERENCES "COMFIT"."SELECTED" ("SELECTED_ID") ENABLE;
--------------------------------------------------------
--  Ref Constraints for Table DIRE_PD_BANNED
--------------------------------------------------------

  ALTER TABLE "COMFIT"."DIRE_PD_BANNED" ADD CONSTRAINT "DIRE_PD_BAN_CATE_ID_FK" FOREIGN KEY ("BAN_CATE_ID")
	  REFERENCES "COMFIT"."BAN_CATEGORY" ("BAN_CATE_ID") ENABLE;
  ALTER TABLE "COMFIT"."DIRE_PD_BANNED" ADD CONSTRAINT "DIRE_PD_REP_ID_FK" FOREIGN KEY ("REP_ID")
	  REFERENCES "COMFIT"."DIRE_PD_REP_HANDLE" ("REP_ID") ENABLE;
--------------------------------------------------------
--  Ref Constraints for Table DIRE_PD_REP_HANDLE
--------------------------------------------------------

  ALTER TABLE "COMFIT"."DIRE_PD_REP_HANDLE" ADD CONSTRAINT "DIRE_HANDLE_ADMIN_ID_FK" FOREIGN KEY ("AD_ID")
	  REFERENCES "COMFIT"."ADMIN" ("AD_ID") ENABLE;
  ALTER TABLE "COMFIT"."DIRE_PD_REP_HANDLE" ADD CONSTRAINT "DIRE_HANDLE_CATE_ID_FK" FOREIGN KEY ("HAN_CATE_ID")
	  REFERENCES "COMFIT"."REP_HANDLE_CATEGORY" ("HAN_CATE_ID") ENABLE;
  ALTER TABLE "COMFIT"."DIRE_PD_REP_HANDLE" ADD CONSTRAINT "DIRE_HANDLE_REP_ID_FK" FOREIGN KEY ("REP_ID")
	  REFERENCES "COMFIT"."DIRECT_PD_REPORT" ("REP_ID") ENABLE;
--------------------------------------------------------
--  Ref Constraints for Table DIRE_TA_BANNED
--------------------------------------------------------

  ALTER TABLE "COMFIT"."DIRE_TA_BANNED" ADD CONSTRAINT "DIRE_TA_BAN_CATE_ID" FOREIGN KEY ("BAN_CATE_ID")
	  REFERENCES "COMFIT"."BAN_CATEGORY" ("BAN_CATE_ID") ENABLE;
  ALTER TABLE "COMFIT"."DIRE_TA_BANNED" ADD CONSTRAINT "DIRE__TA_REP_ID_FK" FOREIGN KEY ("REP_ID")
	  REFERENCES "COMFIT"."DIRECT_TA_REPORT" ("REP_ID") ENABLE;
--------------------------------------------------------
--  Ref Constraints for Table DIRE_TA_REP_HANDLE
--------------------------------------------------------

  ALTER TABLE "COMFIT"."DIRE_TA_REP_HANDLE" ADD CONSTRAINT "DIRETA_AD_ID_FK" FOREIGN KEY ("AD_ID")
	  REFERENCES "COMFIT"."ADMIN" ("AD_ID") ENABLE;
  ALTER TABLE "COMFIT"."DIRE_TA_REP_HANDLE" ADD CONSTRAINT "DIRETA_HAN_CATE_ID_FK" FOREIGN KEY ("HAN_CATE_ID")
	  REFERENCES "COMFIT"."REP_HANDLE_CATEGORY" ("HAN_CATE_ID") ENABLE;
  ALTER TABLE "COMFIT"."DIRE_TA_REP_HANDLE" ADD CONSTRAINT "DIRETA_REP_ID_FK" FOREIGN KEY ("REP_ID")
	  REFERENCES "COMFIT"."DIRECT_TA_REPORT" ("REP_ID") ENABLE;
--------------------------------------------------------
--  Ref Constraints for Table INPUT_MONEY
--------------------------------------------------------

  ALTER TABLE "COMFIT"."INPUT_MONEY" ADD CONSTRAINT "IN_BANK_ID_FK" FOREIGN KEY ("BANK_ID")
	  REFERENCES "COMFIT"."BANK" ("BANK_ID") ENABLE;
  ALTER TABLE "COMFIT"."INPUT_MONEY" ADD CONSTRAINT "IN_U_ID_FK" FOREIGN KEY ("U_ID")
	  REFERENCES "COMFIT"."COMFIT_USER" ("U_ID") ENABLE;
--------------------------------------------------------
--  Ref Constraints for Table OUTPUT_MONEY
--------------------------------------------------------

  ALTER TABLE "COMFIT"."OUTPUT_MONEY" ADD CONSTRAINT "OUT_BANK_ID_FK" FOREIGN KEY ("BANK_ID")
	  REFERENCES "COMFIT"."BANK" ("BANK_ID") ENABLE;
  ALTER TABLE "COMFIT"."OUTPUT_MONEY" ADD CONSTRAINT "OUT_U_ID_FK" FOREIGN KEY ("U_ID")
	  REFERENCES "COMFIT"."COMFIT_USER" ("U_ID") ENABLE;
--------------------------------------------------------
--  Ref Constraints for Table PRODUCT_MAKER
--------------------------------------------------------

  ALTER TABLE "COMFIT"."PRODUCT_MAKER" ADD CONSTRAINT "PD_CATEGORY_ID_FK" FOREIGN KEY ("PD_CATEGORY_ID")
	  REFERENCES "COMFIT"."PRODUCT_CATEGORY" ("PD_CATEGORY_ID") ENABLE;
--------------------------------------------------------
--  Ref Constraints for Table SELECTED
--------------------------------------------------------

  ALTER TABLE "COMFIT"."SELECTED" ADD CONSTRAINT "SELECTED_SUGGEST_CODE" FOREIGN KEY ("SUGGEST_CODE")
	  REFERENCES "COMFIT"."SUGGEST_LIST" ("SUGGEST_CODE") ENABLE;
  ALTER TABLE "COMFIT"."SELECTED" ADD FOREIGN KEY ("ALARM_CODE")
	  REFERENCES "COMFIT"."ALARM_OK" ("ALARM_CODE") ENABLE;
--------------------------------------------------------
--  Ref Constraints for Table SUGGEST_LIST
--------------------------------------------------------

  ALTER TABLE "COMFIT"."SUGGEST_LIST" ADD CONSTRAINT "SUGGEST_DIRE_PD_ID_FK" FOREIGN KEY ("DIRE_PD_ID")
	  REFERENCES "COMFIT"."DIRECT_PRODUCT" ("DIRE_PD_ID") ENABLE;
  ALTER TABLE "COMFIT"."SUGGEST_LIST" ADD CONSTRAINT "SUGGEST_U_ID_FK" FOREIGN KEY ("U_ID")
	  REFERENCES "COMFIT"."COMFIT_USER" ("U_ID") ENABLE;
  ALTER TABLE "COMFIT"."SUGGEST_LIST" ADD FOREIGN KEY ("ALARM_CODE")
	  REFERENCES "COMFIT"."ALARM_OK" ("ALARM_CODE") ENABLE;
--------------------------------------------------------
--  Ref Constraints for Table USER_EMAIL_AUTH
--------------------------------------------------------

  ALTER TABLE "COMFIT"."USER_EMAIL_AUTH" ADD CONSTRAINT "AU_CATE_ID_FK" FOREIGN KEY ("AU_CATE_ID")
	  REFERENCES "COMFIT"."AUTH_CATEGORY" ("AU_CATE_ID") ENABLE;
  ALTER TABLE "COMFIT"."USER_EMAIL_AUTH" ADD CONSTRAINT "U_AUTH_ID_FK" FOREIGN KEY ("U_ID")
	  REFERENCES "COMFIT"."COMFIT_USER" ("U_ID") ENABLE;
--------------------------------------------------------
--  Ref Constraints for Table USER_INFORMATION
--------------------------------------------------------

  ALTER TABLE "COMFIT"."USER_INFORMATION" ADD CONSTRAINT "U_INFO_ID_FK" FOREIGN KEY ("U_ID")
	  REFERENCES "COMFIT"."COMFIT_USER" ("U_ID") ENABLE;
--------------------------------------------------------
--  Ref Constraints for Table USER_INFORMATION_BACKUP
--------------------------------------------------------

  ALTER TABLE "COMFIT"."USER_INFORMATION_BACKUP" ADD CONSTRAINT "U_INFO_BACKUP_ID_FK" FOREIGN KEY ("U_ID")
	  REFERENCES "COMFIT"."COMFIT_USER" ("U_ID") ENABLE;
--------------------------------------------------------
--  Ref Constraints for Table USER_PICK_DELIVERY
--------------------------------------------------------

  ALTER TABLE "COMFIT"."USER_PICK_DELIVERY" ADD CONSTRAINT "UPD_DELI_PD_ID_FK" FOREIGN KEY ("DELI_PD_ID")
	  REFERENCES "COMFIT"."DELIVERY_PRODUCT" ("DELI_PD_ID") ENABLE;
  ALTER TABLE "COMFIT"."USER_PICK_DELIVERY" ADD CONSTRAINT "UPD_U_ID_FK" FOREIGN KEY ("U_ID")
	  REFERENCES "COMFIT"."COMFIT_USER" ("U_ID") ENABLE;
--------------------------------------------------------
--  Ref Constraints for Table USER_PICK_DIRECT
--------------------------------------------------------

  ALTER TABLE "COMFIT"."USER_PICK_DIRECT" ADD CONSTRAINT "UPR_DIRE_PD_ID_FK" FOREIGN KEY ("DIRE_PD_ID")
	  REFERENCES "COMFIT"."DIRECT_PRODUCT" ("DIRE_PD_ID") ENABLE;
  ALTER TABLE "COMFIT"."USER_PICK_DIRECT" ADD CONSTRAINT "UPR_U_ID_FK" FOREIGN KEY ("U_ID")
	  REFERENCES "COMFIT"."COMFIT_USER" ("U_ID") ENABLE;
